[T 02:52:21 29728] Initializing tracer.
[T 02:52:21 29728] Initializing tags.
[T 02:52:21 29728] CodeQL CLI version 2.25.3
[T 02:52:21 29728] Initializing tracer.
[T 02:52:21 29728] Initializing tags.
[T 02:52:21 29728] Allocated ID 21F18F4400007420_0000000000000001 (parent )
[T 02:52:21 29728] ==== Candidate to intercept: F:\qltool\codeql\tools\win64\runner.exe (18412) ====
[T 02:52:21 29728] Executing the following tracer actions:
[T 02:52:21 29728] Tracer actions:
[T 02:52:21 29728] pre_invocations(0)
[T 02:52:21 29728] post_invocations(0)
[T 02:52:21 29728] trace_languages(1): [cpp]
[T 02:52:21 18412] Initializing tracer.
[T 02:52:21 18412] Initializing tags.
[T 02:52:21 18412] ID set to 21F18F4400007420_0000000000000001 (parent root)
[T 02:52:21 18412] Allocated ID 0F6FE2FC000047EC_0000000000000001 (parent 21F18F4400007420_0000000000000001)
[T 02:52:21 18412] ==== Candidate to intercept: C:\Windows\System32\cmd.exe (26020) ====
[T 02:52:21 18412] Executing the following tracer actions:
[T 02:52:21 18412] Tracer actions:
[T 02:52:21 18412] pre_invocations(0)
[T 02:52:21 18412] post_invocations(0)
[T 02:52:21 18412] trace_languages(1): [cpp]
[T 02:52:21 26020] Initializing tracer.
[T 02:52:21 26020] Initializing tags.
[T 02:52:21 26020] ID set to 0F6FE2FC000047EC_0000000000000001 (parent 21F18F4400007420_0000000000000001)
[T 02:52:21 26020] Allocated ID FD99F3BD000065A4_0000000000000001 (parent 0F6FE2FC000047EC_0000000000000001)
[T 02:52:24 26020] ==== Candidate to intercept: C:\Program Files\LLVM\bin\clang.exe (43572) ====
[T 02:52:24 26020] Lua: === Intercepted call to c:\program files\llvm\bin\clang.exe ===
[T 02:52:24 26020] Executing the following tracer actions:
[T 02:52:24 26020] Tracer actions:
[T 02:52:24 26020] pre_invocations(0)
[T 02:52:24 26020] post_invocations(1)
[T 02:52:24 26020] invocation: F:\qltool\codeql\cpp\tools\win64\extractor.exe, args: --mimic "c:\program files\llvm\bin\clang.exe" bufff_overflow.c -o test.exe
[T 02:52:24 26020] trace_languages(1): [cpp]
[E 02:52:33 31368] CodeQL C/C++ Extractor 2.25.3
[E 02:52:33 31368] Current directory: C:\Users\user\Desktop\lab_doc\harmc
[E 02:52:33 31368] Command: F:\qltool\codeql\cpp\tools\win64\extractor.exe --mimic "c:\program files\llvm\bin\clang.exe" bufff_overflow.c -o test.exe
[E 02:52:35 31368] Warning[extractor-c++]: In canonicalise_path: fs::canonical failed on test.exe (系统找不到指定的文件。)
[E 02:52:35 31368] Checking whether C compilation already happened.
[E 02:52:35 31368] Checking for tag c-compilation-happened
[E 02:52:35 31368] Checking CODEQL_TRACER_DB_ID FD99F3BD000065A4_0000000000000001
[E 02:52:35 31368] Locking DB C:\Users\user\Desktop\lab_doc\harmc\codeql-db\working/tags.db
[E 02:52:35 31368] Locked DB C:\Users\user\Desktop\lab_doc\harmc\codeql-db\working/tags.db
[E 02:52:35 31368] Unlocking DB
[E 02:52:35 31368] Unlocked DB
[E 02:52:35 31368] Exiting as C compilation already happened.
rgs: --mimic "c:\program files\llvm\bin\clang.exe" -cc1 -triple x86_64-pc-windows-msvc19.50.35728 -emit-obj -mincremental-linker-compatible -dumpdir test.exe- -disable-free -clear-ast-before-backend -disable-llvm-verifier -discard-value-names -main-file-name bufff_overflow.c -mrelocation-model pic -pic-level 2 -mframe-pointer=none -relaxed-aliasing -fmath-errno -ffp-contract=on -fno-rounding-math -mconstructor-aliases -fms-volatile -funwind-tables=2 -target-cpu x86-64 -tune-cpu generic "-fdebug-compilation-dir=C:\Users\user\Desktop\lab_doc\harmc" "-fcoverage-compilation-dir=C:\Users\user\Desktop\lab_doc\harmc" -resource-dir "C:\Program Files\LLVM\lib\clang\22" -internal-isystem "C:\Program Files\LLVM\lib\clang\22\include" -internal-isystem "C:\Program Files (x86)\Microsoft Visual Studio\18\BuildTools\VC\Tools\MSVC\14.50.35717\include" -internal-isystem "C:\Program Files (x86)\Microsoft Visual Studio\18\BuildTools\VC\Tools\MSVC\14.50.35717\atlmfc\include" -internal-isystem "C:\Program Files (x86)\Windows Kits\10\Include\10.0.26100.0\ucrt" -internal-isystem "C:\Program Files (x86)\Windows Kits\10\Include\10.0.26100.0\shared" -internal-isystem "C:\Program Files (x86)\Windows Kits\10\Include\10.0.26100.0\um" -internal-isystem "C:\Program Files (x86)\Windows Kits\10\Include\10.0.26100.0\winrt" -internal-isystem "C:\Program Files (x86)\Windows Kits\10\Include\10.0.26100.0\cppwinrt" -ferror-limit 19 -fno-use-cxa-atexit -fms-extensions -fms-compatibility -fms-compatibility-version=19.50.35728 -fskip-odr-check-in-gmf -fdelayed-template-parsing -faddrsig -o "C:\Users\user\AppData\Local\Temp\bufff_overflow-46f5ff.o" -x c bufff_overflow.c 
[T 02:52:24 43572] trace_languages(1): [cpp]
[E 02:52:25 16372] CodeQL C/C++ Extractor 2.25.3
[E 02:52:25 16372] Current directory: C:\Users\user\Desktop\lab_doc\harmc
[E 02:52:25 16372] Command: F:\qltool\codeql\cpp\tools\win64\extractor.exe --mimic "c:\program files\llvm\bin\clang.exe" -cc1 -triple x86_64-pc-windows-msvc19.50.35728 -emit-obj -mincremental-linker-compatible -dumpdir test.exe- -disable-free -clear-ast-before-backend -disable-llvm-verifier -discard-value-names -main-file-name bufff_overflow.c -mrelocation-model pic -pic-level 2 -mframe-pointer=none -relaxed-aliasing -fmath-errno -ffp-contract=on -fno-rounding-math -mconstructor-aliases -fms-volatile -funwind-tables=2 -target-cpu x86-64 -tune-cpu generic -fdebug-compilation-dir=C:\Users\user\Desktop\lab_doc\harmc -fcoverage-compilation-dir=C:\Users\user\Desktop\lab_doc\harmc -resource-dir "C:\Program Files\LLVM\lib\clang\22" -internal-isystem "C:\Program Files\LLVM\lib\clang\22\include" -internal-isystem "C:\Program Files (x86)\Microsoft Visual Studio\18\BuildTools\VC\Tools\MSVC\14.50.35717\include" -internal-isystem "C:\Program Files (x86)\Microsoft Visual Studio\18\BuildTools\VC\Tools\MSVC\14.50.35717\atlmfc\include" -internal-isystem "C:\Program Files (x86)\Windows Kits\10\Include\10.0.26100.0\ucrt" -internal-isystem "C:\Program Files (x86)\Windows Kits\10\Include\10.0.26100.0\shared" -internal-isystem "C:\Program Files (x86)\Windows Kits\10\Include\10.0.26100.0\um" -internal-isystem "C:\Program Files (x86)\Windows Kits\10\Include\10.0.26100.0\winrt" -internal-isystem "C:\Program Files (x86)\Windows Kits\10\Include\10.0.26100.0\cppwinrt" -ferror-limit 19 -fno-use-cxa-atexit -fms-extensions -fms-compatibility -fms-compatibility-version=19.50.35728 -fskip-odr-check-in-gmf -fdelayed-template-parsing -faddrsig -o C:\Users\user\AppData\Local\Temp\bufff_overflow-46f5ff.o -x c bufff_overflow.c
[E 02:52:26 16372] Checking whether C compilation already happened.
[E 02:52:26 16372] Checking for tag c-compilation-happened
[E 02:52:26 16372] Checking CODEQL_TRACER_DB_ID 0E27817E0000AA34_0000000000000001
[E 02:52:26 16372] Locking DB C:\Users\user\Desktop\lab_doc\harmc\codeql-db\working/tags.db
[E 02:52:26 16372] Locked DB C:\Users\user\Desktop\lab_doc\harmc\codeql-db\working/tags.db
[E 02:52:26 16372] Unlocking DB
[E 02:52:26 16372] Unlocked DB
[E 02:52:26 16372] Looks like C compilation didn't already happen.
[E 02:52:26 16372] Checking whether C compilation has been attempted.
[E 02:52:26 16372] Checking for tag c-compilation-attempted
[E 02:52:26 16372] Checking CODEQL_TRACER_DB_ID 0E27817E0000AA34_0000000000000001
[E 02:52:26 16372] Locking DB C:\Users\user\Desktop\lab_doc\harmc\codeql-db\working/tags.db
[E 02:52:26 16372] Locked DB C:\Users\user\Desktop\lab_doc\harmc\codeql-db\working/tags.db
[E 02:52:26 16372] Unlocking DB
[E 02:52:26 16372] Unlocked DB
[E 02:52:26 16372] Marking C compilation as attempted.
[E 02:52:26 16372] Setting tag c-compilation-attempted
[E 02:52:26 16372] Starting from CODEQL_TRACER_DB_ID 0E27817E0000AA34_0000000000000001
[E 02:52:26 16372] Locking DB C:\Users\user\Desktop\lab_doc\harmc\codeql-db\working/tags.db
[E 02:52:26 16372] Locked DB C:\Users\user\Desktop\lab_doc\harmc\codeql-db\working/tags.db
[E 02:52:26 16372] Set tag for 0E27817E0000AA34_0000000000000001
[E 02:52:26 16372] Set tag for FD99F3BD000065A4_0000000000000001
[E 02:52:26 16372] Set tag for 0F6FE2FC000047EC_0000000000000001
[E 02:52:26 16372] Set tag for 21F18F4400007420_0000000000000001
[E 02:52:26 16372] Unlocking DB
[E 02:52:26 16372] Unlocked DB
[E 02:52:30 16372] Processed command line: F:\qltool\codeql\cpp\tools\win64\extractor.exe --trapfolder C:\Users\user\Desktop\lab_doc\harmc\codeql-db\trap\cpp --src_archive C:\Users\user\Desktop\lab_doc\harmc\codeql-db\src --object_filename C:\Users\user\AppData\Local\Temp\bufff_overflow-46f5ff.o --no_warnings_and_discretionary_errors --error_limit 1000 --disable_system_macros --variadic_macros --incognito --gcc --ms_compatibility --clang_version 220102 --microsoft_version 1950 --gnu_version 40801 --has_feature_vector 11111111111111110000000000000000000000000000000000000000000000000000011 --clang --target win64 -D_CRT_USE_BUILTIN_OFFSETOF=1 -D_INTEGRAL_MAX_BITS=64 -D_MSC_BUILD=1 -D_MSC_EXTENSIONS=1 -D_MSC_FULL_VER=195035728 -D_MSC_VER=1950 -D_MSVC_CONSTEXPR_ATTRIBUTE=1 -D_MSVC_EXECUTION_CHARACTER_SET=65001 -D_M_AMD64=100 -D_M_FP_CONTRACT=1 -D_M_FP_PRECISE=1 -D_M_X64=100 -D_WIN32=1 -D_WIN64=1 -D__ATOMIC_ACQUIRE=2 -D__ATOMIC_ACQ_REL=4 -D__ATOMIC_CONSUME=1 -D__ATOMIC_RELAXED=0 -D__ATOMIC_RELEASE=3 -D__ATOMIC_SEQ_CST=5 -D__BIGGEST_ALIGNMENT__=16 -D__BITINT_MAXWIDTH__=8388608 -D__BOOL_WIDTH__=1 -D__BYTE_ORDER__=__ORDER_LITTLE_ENDIAN__ -D__CHAR_BIT__=8 -D__CLANG_ATOMIC_BOOL_LOCK_FREE=2 -D__CLANG_ATOMIC_CHAR16_T_LOCK_FREE=2 -D__CLANG_ATOMIC_CHAR32_T_LOCK_FREE=2 -D__CLANG_ATOMIC_CHAR_LOCK_FREE=2 -D__CLANG_ATOMIC_INT_LOCK_FREE=2 -D__CLANG_ATOMIC_LLONG_LOCK_FREE=2 -D__CLANG_ATOMIC_LONG_LOCK_FREE=2 -D__CLANG_ATOMIC_POINTER_LOCK_FREE=2 -D__CLANG_ATOMIC_SHORT_LOCK_FREE=2 -D__CLANG_ATOMIC_WCHAR_T_LOCK_FREE=2 -D__CONSTANT_CFSTRINGS__=1 -D__DBL_DECIMAL_DIG__=17 -D__DBL_DENORM_MIN__=4.9406564584124654e-324 -D__DBL_DIG__=15 -D__DBL_EPSILON__=2.2204460492503131e-16 -D__DBL_HAS_DENORM__=1 -D__DBL_HAS_INFINITY__=1 -D__DBL_HAS_QUIET_NAN__=1 -D__DBL_MANT_DIG__=53 -D__DBL_MAX_10_EXP__=308 -D__DBL_MAX_EXP__=1024 -D__DBL_MAX__=1.7976931348623157e+308 -D__DBL_MIN_10_EXP__=(-307) -D__DBL_MIN_EXP__=(-1021) -D__DBL_MIN__=2.2250738585072014e-308 -D__DBL_NORM_MAX__=1.7976931348623157e+308 -D__DECIMAL_DIG__=__LDBL_DECIMAL_DIG__ -D__FINITE_MATH_ONLY__=0 -D__FLT16_DECIMAL_DIG__=5 -D__FLT16_DENORM_MIN__=5.9604644775390625e-8F16 -D__FLT16_DIG__=3 -D__FLT16_EPSILON__=9.765625e-4F16 -D__FLT16_HAS_DENORM__=1 -D__FLT16_HAS_INFINITY__=1 -D__FLT16_HAS_QUIET_NAN__=1 -D__FLT16_MANT_DIG__=11 -D__FLT16_MAX_10_EXP__=4 -D__FLT16_MAX_EXP__=16 -D__FLT16_MAX__=6.5504e+4F16 -D__FLT16_MIN_10_EXP__=(-4) -D__FLT16_MIN_EXP__=(-13) -D__FLT16_MIN__=6.103515625e-5F16 -D__FLT16_NORM_MAX__=6.5504e+4F16 -D__FLT_DECIMAL_DIG__=9 -D__FLT_DENORM_MIN__=1.40129846e-45F -D__FLT_DIG__=6 -D__FLT_EPSILON__=1.19209290e-7F -D__FLT_HAS_DENORM__=1 -D__FLT_HAS_INFINITY__=1 -D__FLT_HAS_QUIET_NAN__=1 -D__FLT_MANT_DIG__=24 -D__FLT_MAX_10_EXP__=38 -D__FLT_MAX_EXP__=128 -D__FLT_MAX__=3.40282347e+38F -D__FLT_MIN_10_EXP__=(-37) -D__FLT_MIN_EXP__=(-125) -D__FLT_MIN__=1.17549435e-38F -D__FLT_NORM_MAX__=3.40282347e+38F -D__FLT_RADIX__=2 -D__FPCLASS_NEGINF=0x0004 -D__FPCLASS_NEGNORMAL=0x0008 -D__FPCLASS_NEGSUBNORMAL=0x0010 -D__FPCLASS_NEGZERO=0x0020 -D__FPCLASS_POSINF=0x0200 -D__FPCLASS_POSNORMAL=0x0100 -D__FPCLASS_POSSUBNORMAL=0x0080 -D__FPCLASS_POSZERO=0x0040 -D__FPCLASS_QNAN=0x0002 -D__FPCLASS_SNAN=0x0001 -D__FXSR__=1 -D__GCC_ASM_FLAG_OUTPUTS__=1 -D__GCC_CONSTRUCTIVE_SIZE=64 -D__GCC_DESTRUCTIVE_SIZE=64 -D__GCC_HAVE_SYNC_COMPARE_AND_SWAP_1=1 -D__GCC_HAVE_SYNC_COMPARE_AND_SWAP_2=1 -D__GCC_HAVE_SYNC_COMPARE_AND_SWAP_4=1 -D__GCC_HAVE_SYNC_COMPARE_AND_SWAP_8=1 -D__INT16_C(c)=c -D__INT16_C_SUFFIX__= "-D__INT16_FMTd__=\"hd\"" "-D__INT16_FMTi__=\"hi\"" -D__INT16_MAX__=32767 -D__INT16_TYPE__=short -D__INT32_C(c)=c -D__INT32_C_SUFFIX__= "-D__INT32_FMTd__=\"d\"" "-D__INT32_FMTi__=\"i\"" -D__INT32_MAX__=2147483647 -D__INT32_TYPE__=int -D__INT64_C(c)=c##LL -D__INT64_C_SUFFIX__=LL "-D__INT64_FMTd__=\"lld\"" "-D__INT64_FMTi__=\"lli\"" -D__INT64_MAX__=9223372036854775807LL "-D__INT64_TYPE__=long long int" -D__INT8_C(c)=c -D__INT8_C_SUFFIX__= "-D__INT8_FMTd__=\"hhd\"" "-D__INT8_FMTi__=\"hhi\"" -D__INT8_MAX__=127 "-D__INT8_TYPE__=signed char" -D__INTMAX_C(c)=c##LL -D__INTMAX_C_SUFFIX__=LL "-D__INTMAX_FMTd__=\"lld\"" "-D__INTMAX_FMTi__=\"lli\"" -D__INTMAX_MAX__=9223372036854775807LL "-D__INTMAX_TYPE__=long long int" -D__INTMAX_WIDTH__=64 "-D__INTPTR_FMTd__=\"lld\"" "-D__INTPTR_FMTi__=\"lli\"" -D__INTPTR_MAX__=9223372036854775807LL "-D__INTPTR_TYPE__=long long int" -D__INTPTR_WIDTH__=64 "-D__INT_FAST16_FMTd__=\"hd\"" "-D__INT_FAST16_FMTi__=\"hi\"" -D__INT_FAST16_MAX__=32767 -D__INT_FAST16_TYPE__=short -D__INT_FAST16_WIDTH__=16 "-D__INT_FAST32_FMTd__=\"d\"" "-D__INT_FAST32_FMTi__=\"i\"" -D__INT_FAST32_MAX__=2147483647 -D__INT_FAST32_TYPE__=int -D__INT_FAST32_WIDTH__=32 "-D__INT_FAST64_FMTd__=\"lld\"" "-D__INT_FAST64_FMTi__=\"lli\"" -D__INT_FAST64_MAX__=9223372036854775807LL "-D__INT_FAST64_TYPE__=long long int" -D__INT_FAST64_WIDTH__=64 "-D__INT_FAST8_FMTd__=\"hhd\"" "-D__INT_FAST8_FMTi__=\"hhi\"" -D__INT_FAST8_MAX__=127 "-D__INT_FAST8_TYPE__=signed char" -D__INT_FAST8_WIDTH__=8 "-D__INT_LEAST16_FMTd__=\"hd\"" "-D__INT_LEAST16_FMTi__=\"hi\"" -D__INT_LEAST16_MAX__=32767 -D__INT_LEAST16_TYPE__=short -D__INT_LEAST16_WIDTH__=16 "-D__INT_LEAST32_FMTd__=\"d\"" "-D__INT_LEAST32_FMTi__=\"i\"" -D__INT_LEAST32_MAX__=2147483647 -D__INT_LEAST32_TYPE__=int -D__INT_LEAST32_WIDTH__=32 "-D__INT_LEAST64_FMTd__=\"lld\"" "-D__INT_LEAST64_FMTi__=\"lli\"" -D__INT_LEAST64_MAX__=9223372036854775807LL "-D__INT_LEAST64_TYPE__=long long int" -D__INT_LEAST64_WIDTH__=64 "-D__INT_LEAST8_FMTd__=\"hhd\"" "-D__INT_LEAST8_FMTi__=\"hhi\"" -D__INT_LEAST8_MAX__=127 "-D__INT_LEAST8_TYPE__=signed char" -D__INT_LEAST8_WIDTH__=8 -D__INT_MAX__=2147483647 -D__INT_WIDTH__=32 -D__LDBL_DECIMAL_DIG__=17 -D__LDBL_DENORM_MIN__=4.9406564584124654e-324L -D__LDBL_DIG__=15 -D__LDBL_EPSILON__=2.2204460492503131e-16L -D__LDBL_HAS_DENORM__=1 -D__LDBL_HAS_INFINITY__=1 -D__LDBL_HAS_QUIET_NAN__=1 -D__LDBL_MANT_DIG__=53 -D__LDBL_MAX_10_EXP__=308 -D__LDBL_MAX_EXP__=1024 -D__LDBL_MAX__=1.7976931348623157e+308L -D__LDBL_MIN_10_EXP__=(-307) -D__LDBL_MIN_EXP__=(-1021) -D__LDBL_MIN__=2.2250738585072014e-308L -D__LDBL_NORM_MAX__=1.7976931348623157e+308L -D__LITTLE_ENDIAN__=1 -D__LLONG_WIDTH__=64 -D__LONG_LONG_MAX__=9223372036854775807LL -D__LONG_MAX__=2147483647L -D__LONG_WIDTH__=32 -D__MEMORY_SCOPE_CLUSTR=5 -D__MEMORY_SCOPE_DEVICE=1 -D__MEMORY_SCOPE_SINGLE=4 -D__MEMORY_SCOPE_SYSTEM=0 -D__MEMORY_SCOPE_WRKGRP=2 -D__MEMORY_SCOPE_WVFRNT=3 -D__MMX__=1 -D__NO_INLINE__=1 -D__NO_MATH_INLINES=1 -D__OBJC_BOOL_IS_BOOL=0 -D__OPENCL_MEMORY_SCOPE_ALL_SVM_DEVICES=3 -D__OPENCL_MEMORY_SCOPE_DEVICE=2 -D__OPENCL_MEMORY_SCOPE_SUB_GROUP=4 -D__OPENCL_MEMORY_SCOPE_WORK_GROUP=1 -D__OPENCL_MEMORY_SCOPE_WORK_ITEM=0 -D__ORDER_BIG_ENDIAN__=4321 -D__ORDER_LITTLE_ENDIAN__=1234 -D__ORDER_PDP_ENDIAN__=3412 -D__PIC__=2 -D__POINTER_WIDTH__=64 -D__PRAGMA_REDEFINE_EXTNAME=1 "-D__PTRDIFF_FMTd__=\"lld\"" "-D__PTRDIFF_FMTi__=\"lli\"" -D__PTRDIFF_MAX__=9223372036854775807LL "-D__PTRDIFF_TYPE__=long long int" -D__PTRDIFF_WIDTH__=64 -D__REGISTER_PREFIX__= -D__SCHAR_MAX__=127 -D__SEG_FS=1 -D__SEG_GS=1 -D__SHRT_MAX__=32767 -D__SHRT_WIDTH__=16 -D__SIG_ATOMIC_MAX__=2147483647 -D__SIG_ATOMIC_WIDTH__=32 -D__SIZEOF_DOUBLE__=8 -D__SIZEOF_FLOAT__=4 -D__SIZEOF_INT128__=16 -D__SIZEOF_INT__=4 -D__SIZEOF_LONG_DOUBLE__=8 -D__SIZEOF_LONG_LONG__=8 -D__SIZEOF_LONG__=4 -D__SIZEOF_POINTER__=8 -D__SIZEOF_PTRDIFF_T__=8 -D__SIZEOF_SHORT__=2 -D__SIZEOF_SIZE_T__=8 -D__SIZEOF_WCHAR_T__=2 -D__SIZEOF_WINT_T__=2 "-D__SIZE_FMTX__=\"llX\"" "-D__SIZE_FMTo__=\"llo\"" "-D__SIZE_FMTu__=\"llu\"" "-D__SIZE_FMTx__=\"llx\"" -D__SIZE_MAX__=18446744073709551615ULL "-D__SIZE_TYPE__=long long unsigned int" -D__SIZE_WIDTH__=64 -D__SSE2_MATH__=1 -D__SSE2__=1 -D__SSE_MATH__=1 -D__SSE__=1 -D__STDC_EMBED_EMPTY__=2 -D__STDC_EMBED_FOUND__=1 -D__STDC_EMBED_NOT_FOUND__=0 -D__STDC_UTF_16__=1 -D__STDC_UTF_32__=1 -D__UINT16_C(c)=c -D__UINT16_C_SUFFIX__= "-D__UINT16_FMTX__=\"hX\"" "-D__UINT16_FMTo__=\"ho\"" "-D__UINT16_FMTu__=\"hu\"" "-D__UINT16_FMTx__=\"hx\"" -D__UINT16_MAX__=65535 "-D__UINT16_TYPE__=unsigned short" -D__UINT32_C(c)=c##U -D__UINT32_C_SUFFIX__=U "-D__UINT32_FMTX__=\"X\"" "-D__UINT32_FMTo__=\"o\"" "-D__UINT32_FMTu__=\"u\"" "-D__UINT32_FMTx__=\"x\"" -D__UINT32_MAX__=4294967295U "-D__UINT32_TYPE__=unsigned int" -D__UINT64_C(c)=c##ULL -D__UINT64_C_SUFFIX__=ULL "-D__UINT64_FMTX__=\"llX\"" "-D__UINT64_FMTo__=\"llo\"" "-D__UINT64_FMTu__=\"llu\"" "-D__UINT64_FMTx__=\"llx\"" -D__UINT64_MAX__=18446744073709551615ULL "-D__UINT64_TYPE__=long long unsigned int" -D__UINT8_C(c)=c -D__UINT8_C_SUFFIX__= "-D__UINT8_FMTX__=\"hhX\"" "-D__UINT8_FMTo__=\"hho\"" "-D__UINT8_FMTu__=\"hhu\"" "-D__UINT8_FMTx__=\"hhx\"" -D__UINT8_MAX__=255 "-D__UINT8_TYPE__=unsigned char" -D__UINTMAX_C(c)=c##ULL -D__UINTMAX_C_SUFFIX__=ULL "-D__UINTMAX_FMTX__=\"llX\"" "-D__UINTMAX_FMTo__=\"llo\"" "-D__UINTMAX_FMTu__=\"llu\"" "-D__UINTMAX_FMTx__=\"llx\"" -D__UINTMAX_MAX__=18446744073709551615ULL "-D__UINTMAX_TYPE__=long long unsigned int" -D__UINTMAX_WIDTH__=64 "-D__UINTPTR_FMTX__=\"llX\"" "-D__UINTPTR_FMTo__=\"llo\"" "-D__UINTPTR_FMTu__=\"llu\"" "-D__UINTPTR_FMTx__=\"llx\"" -D__UINTPTR_MAX__=18446744073709551615ULL "-D__UINTPTR_TYPE__=long long unsigned int" -D__UINTPTR_WIDTH__=64 "-D__UINT_FAST16_FMTX__=\"hX\"" "-D__UINT_FAST16_FMTo__=\"ho\"" "-D__UINT_FAST16_FMTu__=\"hu\"" "-D__UINT_FAST16_FMTx__=\"hx\"" -D__UINT_FAST16_MAX__=65535 "-D__UINT_FAST16_TYPE__=unsigned short" "-D__UINT_FAST32_FMTX__=\"X\"" "-D__UINT_FAST32_FMTo__=\"o\"" "-D__UINT_FAST32_FMTu__=\"u\"" "-D__UINT_FAST32_FMTx__=\"x\"" -D__UINT_FAST32_MAX__=4294967295U "-D__UINT_FAST32_TYPE__=unsigned int" "-D__UINT_FAST64_FMTX__=\"llX\"" "-D__UINT_FAST64_FMTo__=\"llo\"" "-D__UINT_FAST64_FMTu__=\"llu\"" "-D__UINT_FAST64_FMTx__=\"llx\"" -D__UINT_FAST64_MAX__=18446744073709551615ULL "-D__UINT_FAST64_TYPE__=long long unsigned int" "-D__UINT_FAST8_FMTX__=\"hhX\"" "-D__UINT_FAST8_FMTo__=\"hho\"" "-D__UINT_FAST8_FMTu__=\"hhu\"" "-D__UINT_FAST8_FMTx__=\"hhx\"" -D__UINT_FAST8_MAX__=255 "-D__UINT_FAST8_TYPE__=unsigned char" "-D__UINT_LEAST16_FMTX__=\"hX\"" "-D__UINT_LEAST16_FMTo__=\"ho\"" "-D__UINT_LEAST16_FMTu__=\"hu\"" "-D__UINT_LEAST16_FMTx__=\"hx\"" -D__UINT_LEAST16_MAX__=65535 "-D__UINT_LEAST16_TYPE__=unsigned short" "-D__UINT_LEAST32_FMTX__=\"X\"" "-D__UINT_LEAST32_FMTo__=\"o\"" "-D__UINT_LEAST32_FMTu__=\"u\"" "-D__UINT_LEAST32_FMTx__=\"x\"" -D__UINT_LEAST32_MAX__=4294967295U "-D__UINT_LEAST32_TYPE__=unsigned int" "-D__UINT_LEAST64_FMTX__=\"llX\"" "-D__UINT_LEAST64_FMTo__=\"llo\"" "-D__UINT_LEAST64_FMTu__=\"llu\"" "-D__UINT_LEAST64_FMTx__=\"llx\"" -D__UINT_LEAST64_MAX__=18446744073709551615ULL "-D__UINT_LEAST64_TYPE__=long long unsigned int" "-D__UINT_LEAST8_FMTX__=\"hhX\"" "-D__UINT_LEAST8_FMTo__=\"hho\"" "-D__UINT_LEAST8_FMTu__=\"hhu\"" "-D__UINT_LEAST8_FMTx__=\"hhx\"" -D__UINT_LEAST8_MAX__=255 "-D__UINT_LEAST8_TYPE__=unsigned char" -D__USER_LABEL_PREFIX__= "-D__VERSION__=\"Clang 22.1.2 (https://github.com/llvm/llvm-project 1ab49a973e210e97d61e5db6557180dcb92c3e98)\"" -D__WCHAR_MAX__=65535 "-D__WCHAR_TYPE__=unsigned short" -D__WCHAR_UNSIGNED__=1 -D__WCHAR_WIDTH__=16 -D__WINT_MAX__=65535 "-D__WINT_TYPE__=unsigned short" -D__WINT_UNSIGNED__=1 -D__WINT_WIDTH__=16 -D__amd64=1 -D__amd64__=1 -D__clang__=1 "-D__clang_literal_encoding__=\"UTF-8\"" -D__clang_major__=22 -D__clang_minor__=1 -D__clang_patchlevel__=2 "-D__clang_version__=\"22.1.2 (https://github.com/llvm/llvm-project 1ab49a973e210e97d61e5db6557180dcb92c3e98)\"" "-D__clang_wide_literal_encoding__=\"UTF-16\"" -D__code_model_small__=1 -D__k8=1 -D__k8__=1 -D__llvm__=1 -D__pic__=2 -D__seg_fs=__attribute__((address_space(257))) -D__seg_gs=__attribute__((address_space(256))) -D__tune_k8__=1 -D__x86_64=1 -D__x86_64__=1 "-D__private_extern__=extern __attribute__((visibility(\"hidden\")))" --ms_extensions --ms_compatibility "-IC:\Program Files\LLVM\lib\clang\22\include" "-IC:\Program Files (x86)\Microsoft Visual Studio\18\BuildTools\VC\Tools\MSVC\14.50.35717\include" "-IC:\Program Files (x86)\Windows Kits\10\Include\10.0.26100.0\ucrt" "-IC:\Program Files (x86)\Windows Kits\10\Include\10.0.26100.0\shared" "-IC:\Program Files (x86)\Windows Kits\10\Include\10.0.26100.0\um" "-IC:\Program Files (x86)\Windows Kits\10\Include\10.0.26100.0\winrt" "-IC:\Program Files (x86)\Windows Kits\10\Include\10.0.26100.0\cppwinrt" -- bufff_overflow.c
[E 02:52:30 16372] CODEQL_EXTRACTOR_CPP_TRAP_CACHING is not set
[E 02:52:30 16372] CODEQL_EXTRACTOR_CPP_OPTION_TRAP_CACHE_WRITE is not set
[E 02:52:30 16372] CODEQL_EXTRACTOR_CPP_OPTION_TRAP_CACHE_DIR is not set
[E 02:52:30 16372] Initialising TRAP cache at path: \\?\C:\Users\user\Desktop\lab_doc\harmc\1e\b5ee\eeb72fbaaa9d80121772d624ce09
[E 02:52:30 16372] Not using TRAP cache
[E 02:52:30 16372] TRAP cache miss
[E 02:52:30 16372] Starting compilation TRAP C:\Users\user\Desktop\lab_doc\harmc\codeql-db\trap\cpp/compilations/9/24221418_0.trap.zst
[E 02:52:30 16372] Archiving C:\Users\user\Desktop\lab_doc\harmc\codeql-db\src/C_/Users/user/Desktop/lab_doc/harmc/bufff_overflow.c
[E 02:52:30 16372] Archiving C:\Users\user\Desktop\lab_doc\harmc\codeql-db\src/C_/Program Files (x86)/Windows Kits/10/Include/10.0.26100.0/ucrt/stdlib.h
[E 02:52:30 16372] Archiving C:\Users\user\Desktop\lab_doc\harmc\codeql-db\src/C_/Program Files (x86)/Windows Kits/10/Include/10.0.26100.0/ucrt/corecrt.h
[E 02:52:30 16372] Archiving C:\Users\user\Desktop\lab_doc\harmc\codeql-db\src/C_/Program Files (x86)/Microsoft Visual Studio/18/BuildTools/VC/Tools/MSVC/14.50.35717/include/vcruntime.h
[E 02:52:30 16372] Archiving C:\Users\user\Desktop\lab_doc\harmc\codeql-db\src/C_/Program Files (x86)/Microsoft Visual Studio/18/BuildTools/VC/Tools/MSVC/14.50.35717/include/sal.h
[E 02:52:30 16372] Archiving C:\Users\user\Desktop\lab_doc\harmc\codeql-db\src/C_/Program Files (x86)/Microsoft Visual Studio/18/BuildTools/VC/Tools/MSVC/14.50.35717/include/concurrencysal.h
[E 02:52:30 16372] Archiving C:\Users\user\Desktop\lab_doc\harmc\codeql-db\src/C_/Program Files/LLVM/lib/clang/22/include/vadefs.h
[E 02:52:30 16372] Archiving C:\Users\user\Desktop\lab_doc\harmc\codeql-db\src/C_/Program Files (x86)/Microsoft Visual Studio/18/BuildTools/VC/Tools/MSVC/14.50.35717/include/vadefs.h
[E 02:52:30 16372] Archiving C:\Users\user\Desktop\lab_doc\harmc\codeql-db\src/C_/Program Files (x86)/Windows Kits/10/Include/10.0.26100.0/ucrt/corecrt_malloc.h
[E 02:52:30 16372] Archiving C:\Users\user\Desktop\lab_doc\harmc\codeql-db\src/C_/Program Files (x86)/Windows Kits/10/Include/10.0.26100.0/ucrt/corecrt_search.h
[E 02:52:30 16372] Archiving C:\Users\user\Desktop\lab_doc\harmc\codeql-db\src/C_/Program Files/LLVM/lib/clang/22/include/stddef.h
[E 02:52:30 16372] Archiving C:\Users\user\Desktop\lab_doc\harmc\codeql-db\src/C_/Program Files/LLVM/lib/clang/22/include/__stddef_header_macro.h
[E 02:52:30 16372] Archiving C:\Users\user\Desktop\lab_doc\harmc\codeql-db\src/C_/Program Files/LLVM/lib/clang/22/include/__stddef_ptrdiff_t.h
[E 02:52:30 16372] Archiving C:\Users\user\Desktop\lab_doc\harmc\codeql-db\src/C_/Program Files/LLVM/lib/clang/22/include/__stddef_size_t.h
[E 02:52:30 16372] Archiving C:\Users\user\Desktop\lab_doc\harmc\codeql-db\src/C_/Program Files/LLVM/lib/clang/22/include/__stddef_wchar_t.h
[E 02:52:30 16372] Archiving C:\Users\user\Desktop\lab_doc\harmc\codeql-db\src/C_/Program Files/LLVM/lib/clang/22/include/__stddef_null.h
[E 02:52:30 16372] Archiving C:\Users\user\Desktop\lab_doc\harmc\codeql-db\src/C_/Program Files/LLVM/lib/clang/22/include/__stddef_max_align_t.h
[E 02:52:30 16372] Archiving C:\Users\user\Desktop\lab_doc\harmc\codeql-db\src/C_/Program Files/LLVM/lib/clang/22/include/__stddef_offsetof.h
[E 02:52:30 16372] Archiving C:\Users\user\Desktop\lab_doc\harmc\codeql-db\src/C_/Program Files (x86)/Windows Kits/10/Include/10.0.26100.0/ucrt/corecrt_wstdlib.h
[E 02:52:30 16372] Archiving C:\Users\user\Desktop\lab_doc\harmc\codeql-db\src/C_/Program Files/LLVM/lib/clang/22/include/limits.h
[E 02:52:30 16372] Archiving C:\Users\user\Desktop\lab_doc\harmc\codeql-db\src/C_/Program Files (x86)/Microsoft Visual Studio/18/BuildTools/VC/Tools/MSVC/14.50.35717/include/limits.h
[E 02:52:30 16372] Archiving C:\Users\user\Desktop\lab_doc\harmc\codeql-db\src/C_/Program Files (x86)/Windows Kits/10/Include/10.0.26100.0/ucrt/string.h
[E 02:52:30 16372] Archiving C:\Users\user\Desktop\lab_doc\harmc\codeql-db\src/C_/Program Files (x86)/Windows Kits/10/Include/10.0.26100.0/ucrt/corecrt_memory.h
[E 02:52:30 16372] Archiving C:\Users\user\Desktop\lab_doc\harmc\codeql-db\src/C_/Program Files (x86)/Windows Kits/10/Include/10.0.26100.0/ucrt/corecrt_memcpy_s.h
[E 02:52:30 16372] Archiving C:\Users\user\Desktop\lab_doc\harmc\codeql-db\src/C_/Program Files (x86)/Windows Kits/10/Include/10.0.26100.0/ucrt/errno.h
[E 02:52:30 16372] Archiving C:\Users\user\Desktop\lab_doc\harmc\codeql-db\src/C_/Program Files (x86)/Microsoft Visual Studio/18/BuildTools/VC/Tools/MSVC/14.50.35717/include/vcruntime_string.h
[E 02:52:30 16372] Archiving C:\Users\user\Desktop\lab_doc\harmc\codeql-db\src/C_/Program Files (x86)/Windows Kits/10/Include/10.0.26100.0/ucrt/corecrt_wstring.h
[E 02:52:30 16372] Warning[extractor-c++]: In emit_platform_diagnostic: Failed to rename diagnostic file from 'C:\Users\user\Desktop\lab_doc\harmc\codeql-db\diagnostic\extractors\cpp\platform.11263779078285517235.jsonl.16372' to 'C:\Users\user\Desktop\lab_doc\harmc\codeql-db\diagnostic\extractors\cpp\platform.11263779078285517235.jsonl': 另一个程序正在使用此文件，进程无法访问。
[E 02:52:30 16372] Creating trap tarball C:\Users\user\Desktop\lab_doc\harmc\codeql-db\trap\cpp/tarballs/C_/Users/user/Desktop/lab_doc/harmc/bufff_overflow.c.5da8ac53_0.trap.tar.zst
[E 02:52:30 16372] Emitting trap files for bufff_overflow.c
[E 02:52:30 16372] Opening existencedb in \\?\C:\Users\user\Desktop\lab_doc\harmc\codeql-db\working\existencedb\db
[E 02:52:30 16372] Wrote 28 files to C:\Users\user\Desktop\lab_doc\harmc\codeql-db\trap\cpp/tarballs/C_/Users/user/Desktop/lab_doc/harmc/bufff_overflow.c.5da8ac53_0.trap.tar.zst
[E 02:52:30 16372] Finished compilation TRAP C:\Users\user\Desktop\lab_doc\harmc\codeql-db\trap\cpp/compilations/9/24221418_0.trap.zst
[E 02:52:30 16372] Marking C compilation as happened.
[E 02:52:30 16372] Setting tag c-compilation-happened
[E 02:52:30 16372] Starting from CODEQL_TRACER_DB_ID 0E27817E0000AA34_0000000000000001
[E 02:52:30 16372] Locking DB C:\Users\user\Desktop\lab_doc\harmc\codeql-db\working/tags.db
[E 02:52:30 16372] Locked DB C:\Users\user\Desktop\lab_doc\harmc\codeql-db\working/tags.db
[E 02:52:30 16372] Set tag for 0E27817E0000AA34_0000000000000001
[E 02:52:30 16372] Set tag for FD99F3BD000065A4_0000000000000001
[E 02:52:30 16372] Set tag for 0F6FE2FC000047EC_0000000000000001
[E 02:52:30 16372] Set tag for 21F18F4400007420_0000000000000001
[E 02:52:30 16372] Unlocking DB
[E 02:52:30 16372] Unlocked DB
[E 02:52:30 16372] Extractor exited successfully
[T 02:52:31 43572] Allocated ID B8D9346E0000AA34_0000000000000001 (parent FD99F3BD000065A4_0000000000000001)
[T 02:52:32 43572] ==== Candidate to intercept: C:\Program Files\LLVM\bin\lld-link.exe (27792) ====
[T 02:52:32 43572] Lua: === Intercepted call to c:\program files\llvm\bin\lld-link.exe ===
[T 02:52:32 43572] Executing the following tracer actions:
[T 02:52:32 43572] Tracer actions:
[T 02:52:32 43572] pre_invocations(0)
[T 02:52:32 43572] post_invocations(1)
[T 02:52:32 43572] invocation: F:\qltool\codeql\cpp\tools\win64\extractor.exe, args: --ms-linker --semmle-linker-executable "c:\program files\llvm\bin\lld-link.exe" -out:test.exe -defaultlib:libcmt -defaultlib:oldnames "-libpath:C:\Program Files (x86)\Microsoft Visual Studio\18\BuildTools\VC\Tools\MSVC\14.50.35717\lib\x64" "-libpath:C:\Program Files (x86)\Microsoft Visual Studio\18\BuildTools\VC\Tools\MSVC\14.50.35717\atlmfc\lib\x64" "-libpath:C:\Program Files (x86)\Windows Kits\10\Lib\10.0.26100.0\ucrt\x64" "-libpath:C:\Program Files (x86)\Windows Kits\10\Lib\10.0.26100.0\um\x64" "-libpath:C:\Program Files\LLVM\lib\clang\22\lib\x86_64-pc-windows-msvc" "-libpath:C:\Program Files\LLVM\lib\clang\22\lib\windows" -nologo "C:\Users\user\AppData\Local\Temp\bufff_overflow-46f5ff.o" 
[T 02:52:32 43572] trace_languages(1): [cpp]
Warning: Process to wait for exited before resuming us.
[E 02:52:33 11828] CodeQL C/C++ Extractor 2.25.3
[E 02:52:33 11828] Current directory: C:\Users\user\Desktop\lab_doc\harmc
[E 02:52:33 11828] Command: F:\qltool\codeql\cpp\tools\win64\extractor.exe --ms-linker --semmle-linker-executable "c:\program files\llvm\bin\lld-link.exe" -out:test.exe -defaultlib:libcmt -defaultlib:oldnames "-libpath:C:\Program Files (x86)\Microsoft Visual Studio\18\BuildTools\VC\Tools\MSVC\14.50.35717\lib\x64" "-libpath:C:\Program Files (x86)\Microsoft Visual Studio\18\BuildTools\VC\Tools\MSVC\14.50.35717\atlmfc\lib\x64" "-libpath:C:\Program Files (x86)\Windows Kits\10\Lib\10.0.26100.0\ucrt\x64" "-libpath:C:\Program Files (x86)\Windows Kits\10\Lib\10.0.26100.0\um\x64" "-libpath:C:\Program Files\LLVM\lib\clang\22\lib\x86_64-pc-windows-msvc" "-libpath:C:\Program Files\LLVM\lib\clang\22\lib\windows" -nologo C:\Users\user\AppData\Local\Temp\bufff_overflow-46f5ff.o
[E 02:52:33 11828] Warning[extractor-c++]: In canonicalise_path: fs::canonical failed on test.exe (系统找不到指定的文件。)
[E 02:52:33 11828] Warning[extractor-c++]: In canonicalise_path: fs::canonical failed on C:/Users/user/Desktop/lab_doc/harmc/test.exe (系统找不到指定的文件。)
[E 02:52:33 11828] Warning[extractor-c++]: In print_object_names: Could not open object file "C:\Users\user\AppData\Local\Temp\bufff_overflow-46f5ff.o" (error 2: No such file or directory).
[E 02:52:33 11828] Warning[extractor-c++]: In canonicalise_path: fs::canonical failed on C:/Users/user/Desktop/lab_doc/harmc/test.exe (系统找不到指定的文件。)
[E 02:52:33 11828] Extractor exited after mimicking linker
[T 02:52:33 31368] ==== Candidate to intercept: C:\Program Files\LLVM\bin\clang.exe (47052) ====
[T 02:52:33 31368] Lua: === Intercepted call to c:\program files\llvm\bin\clang.exe ===
[T 02:52:33 31368] Executing the following tracer actions:
[T 02:52:33 31368] Tracer actions:
[T 02:52:33 31368] pre_invocations(0)
[T 02:52:33 31368] post_invocations(1)
[T 02:52:33 31368] invocation: F:\qltool\codeql\cpp\tools\win64\extractor.exe, args: --mimic "c:\program files\llvm\bin\clang.exe" --version
[T 02:52:33 31368] trace_languages(1): [cpp]
[E 02:52:33 34784] Mimicry classification suppression detected; exiting.
[E 02:52:33 34784] Extractor exited successfully
8_0000000000000001 (parent FD99F3BD000065A4_0000000000000001)
[T 02:52:33 34784] Initializing tracer.
[T 02:52:33 34784] Initializing tags.
[T 02:52:33 34784] ID set to 8EC6A23000007A88_0000000000000001 (parent FD99F3BD000065A4_0000000000000001)
[T 02:52:34 31368] Allocated ID DC082FCE00007A88_0000000000000001 (parent FD99F3BD000065A4_0000000000000001)
[T 02:52:34 31368] ==== Candidate to intercept: C:\Program Files\LLVM\bin\clang.exe (26404) ====
[T 02:52:34 31368] Lua: === Intercepted call to c:\program files\llvm\bin\clang.exe ===
[T 02:52:34 31368] Executing the following tracer actions:
[T 02:52:34 31368] Tracer actions:
[T 02:52:34 31368] pre_invocations(0)
[T 02:52:34 31368] post_invocations(1)
[T 02:52:34 31368] invocation: F:\qltool\codeql\cpp\tools\win64\extractor.exe, args: --mimic "c:\program files\llvm\bin\clang.exe" --help
[T 02:52:34 31368] trace_languages(1): [cpp]
[E 02:52:34 19324] Mimicry classification suppression detected; exiting.
[E 02:52:34 19324] Extractor exited successfully
8_0000000000000001 (parent FD99F3BD000065A4_0000000000000001)
[T 02:52:34 26404] Initializing tracer.
[T 02:52:34 26404] Initializing tags.
[T 02:52:34 26404] ID set to DC082FCE00007A88_0000000000000001 (parent FD99F3BD000065A4_0000000000000001)
[T 02:52:34 31368] Allocated ID F55A2BC400007A88_0000000000000001 (parent FD99F3BD000065A4_0000000000000001)
[T 02:52:34 31368] ==== Candidate to intercept: C:\Program Files\LLVM\bin\clang.exe (22364) ====
[T 02:52:34 31368] Lua: === Intercepted call to c:\program files\llvm\bin\clang.exe ===
[T 02:52:34 31368] Executing the following tracer actions:
[T 02:52:34 31368] Tracer actions:
[T 02:52:34 31368] pre_invocations(0)
[T 02:52:34 31368] post_invocations(1)
[T 02:52:34 31368] invocation: F:\qltool\codeql\cpp\tools\win64\extractor.exe, args: --mimic "c:\program files\llvm\bin\clang.exe" -nostdinc -o C:\Users\user\Desktop\lab_doc\harmc\codeql-db\working\tmp/a5d66f40-101f-4e0b-9e0a-ab64802aef8e.o -c C:\Users\user\Desktop\lab_doc\harmc\codeql-db\working\tmp/4c0e1dbe-b2b9-4587-9ea1-b7455ccbd32a.c
[T 02:52:34 31368] trace_languages(1): [cpp]
[E 02:52:34 24752] Mimicry classification suppression detected; exiting.
[E 02:52:34 24752] Extractor exited successfully
8_0000000000000001 (parent FD99F3BD000065A4_0000000000000001)
[T 02:52:34 24752] Initializing tags.
[T 02:52:34 24752] ID set to F55A2BC400007A88_0000000000000001 (parent FD99F3BD000065A4_0000000000000001)
[T 02:52:34 31368] Allocated ID C77BC0A100007A88_0000000000000001 (parent FD99F3BD000065A4_0000000000000001)
[T 02:52:35 31368] ==== Candidate to intercept: C:\Program Files\LLVM\bin\clang.exe (29352) ====
[T 02:52:35 31368] Lua: === Intercepted call to c:\program files\llvm\bin\clang.exe ===
[T 02:52:35 31368] Executing the following tracer actions:
[T 02:52:35 31368] Tracer actions:
[T 02:52:35 31368] pre_invocations(0)
[T 02:52:35 31368] post_invocations(1)
[T 02:52:35 31368] invocation: F:\qltool\codeql\cpp\tools\win64\extractor.exe, args: --mimic "c:\program files\llvm\bin\clang.exe" -nostdinc -o C:\Users\user\Desktop\lab_doc\harmc\codeql-db\working\tmp/daac512c-b205-4a39-ba14-46f61fd6ab92.o -c C:\Users\user\Desktop\lab_doc\harmc\codeql-db\working\tmp/cf78e101-1ac3-43d2-be4b-9882bedac73c.c
[T 02:52:35 31368] trace_languages(1): [cpp]
[E 02:52:35 28912] Mimicry classification suppression detected; exiting.
[E 02:52:35 28912] Extractor exited successfully
8_0000000000000001 (parent FD99F3BD000065A4_0000000000000001)
[T 02:52:35 28912] Initializing tracer.
[T 02:52:35 28912] Initializing tags.
[T 02:52:35 28912] ID set to C77BC0A100007A88_0000000000000001 (parent FD99F3BD000065A4_0000000000000001)
[T 02:58:15 26300] Initializing tracer.
[T 02:58:15 26300] Initializing tags.
[T 02:58:15 26300] CodeQL CLI version 2.25.3
[T 02:58:15 26300] Initializing tracer.
[T 02:58:15 26300] Initializing tags.
[T 02:58:15 26300] Allocated ID C7FF4251000066BC_0000000000000001 (parent )
[T 02:58:15 26300] ==== Candidate to intercept: F:\qltool\codeql\tools\win64\runner.exe (16696) ====
[T 02:58:15 26300] Executing the following tracer actions:
[T 02:58:15 26300] Tracer actions:
[T 02:58:15 26300] pre_invocations(0)
[T 02:58:15 26300] post_invocations(0)
[T 02:58:15 26300] trace_languages(1): [cpp]
[T 02:58:16 16696] Initializing tracer.
[T 02:58:16 16696] Initializing tags.
[T 02:58:16 16696] ID set to C7FF4251000066BC_0000000000000001 (parent root)
[T 02:58:16 16696] Allocated ID DDE26A6E00004138_0000000000000001 (parent C7FF4251000066BC_0000000000000001)
[T 02:58:16 16696] ==== Candidate to intercept: C:\Windows\System32\cmd.exe (35524) ====
[T 02:58:16 16696] Executing the following tracer actions:
[T 02:58:16 16696] Tracer actions:
[T 02:58:16 16696] pre_invocations(0)
[T 02:58:16 16696] post_invocations(0)
[T 02:58:16 16696] trace_languages(1): [cpp]
[T 02:58:16 35524] Initializing tracer.
[T 02:58:16 35524] Initializing tags.
[T 02:58:16 35524] ID set to DDE26A6E00004138_0000000000000001 (parent C7FF4251000066BC_0000000000000001)
[T 02:58:16 35524] Allocated ID 031E2F8000008AC4_0000000000000001 (parent DDE26A6E00004138_0000000000000001)
[T 02:58:16 35524] ==== Candidate to intercept: C:\Program Files\LLVM\bin\clang.exe (12328) ====
[T 02:58:16 35524] Lua: === Intercepted call to c:\program files\llvm\bin\clang.exe ===
[T 02:58:16 35524] Executing the following tracer actions:
[T 02:58:16 35524] Tracer actions:
[T 02:58:16 35524] pre_invocations(0)
[T 02:58:16 35524] post_invocations(1)
[T 02:58:16 35524] invocation: F:\qltool\codeql\cpp\tools\win64\extractor.exe, args: --mimic "c:\program files\llvm\bin\clang.exe" -c bufff_overflow.c -o bufff_overflow.obj
[T 02:58:16 35524] trace_languages(1): [cpp]
[E 02:58:16 31400] CodeQL C/C++ Extractor 2.25.3
[E 02:58:16 31400] Current directory: C:\Users\user\Desktop\lab_doc\harmc
[E 02:58:16 31400] Command: F:\qltool\codeql\cpp\tools\win64\extractor.exe --mimic "c:\program files\llvm\bin\clang.exe" -c bufff_overflow.c -o bufff_overflow.obj
[E 02:58:17 31400] Checking whether C compilation already happened.
[E 02:58:17 31400] Checking for tag c-compilation-happened
[E 02:58:17 31400] Checking CODEQL_TRACER_DB_ID 031E2F8000008AC4_0000000000000001
[E 02:58:17 31400] Locking DB C:\Users\user\Desktop\lab_doc\harmc\codeql-db\working/tags.db
[E 02:58:17 31400] Locked DB C:\Users\user\Desktop\lab_doc\harmc\codeql-db\working/tags.db
[E 02:58:17 31400] Unlocking DB
[E 02:58:17 31400] Unlocked DB
[E 02:58:17 31400] Looks like C compilation didn't already happen.
[E 02:58:17 31400] Checking whether C compilation has been attempted.
[E 02:58:17 31400] Checking for tag c-compilation-attempted
[E 02:58:17 31400] Checking CODEQL_TRACER_DB_ID 031E2F8000008AC4_0000000000000001
[E 02:58:17 31400] Locking DB C:\Users\user\Desktop\lab_doc\harmc\codeql-db\working/tags.db
[E 02:58:17 31400] Locked DB C:\Users\user\Desktop\lab_doc\harmc\codeql-db\working/tags.db
[E 02:58:17 31400] Unlocking DB
[E 02:58:17 31400] Unlocked DB
[E 02:58:17 31400] Marking C compilation as attempted.
[E 02:58:17 31400] Setting tag c-compilation-attempted
[E 02:58:17 31400] Starting from CODEQL_TRACER_DB_ID 031E2F8000008AC4_0000000000000001
[E 02:58:17 31400] Locking DB C:\Users\user\Desktop\lab_doc\harmc\codeql-db\working/tags.db
[E 02:58:17 31400] Locked DB C:\Users\user\Desktop\lab_doc\harmc\codeql-db\working/tags.db
[E 02:58:17 31400] Set tag for 031E2F8000008AC4_0000000000000001
[E 02:58:17 31400] Set tag for DDE26A6E00004138_0000000000000001
[E 02:58:17 31400] Set tag for C7FF4251000066BC_0000000000000001
[E 02:58:17 31400] Unlocking DB
[E 02:58:17 31400] Unlocked DB
[E 02:58:20 31400] Processed command line: F:\qltool\codeql\cpp\tools\win64\extractor.exe --trapfolder C:\Users\user\Desktop\lab_doc\harmc\codeql-db\trap\cpp --src_archive C:\Users\user\Desktop\lab_doc\harmc\codeql-db\src --object_filename bufff_overflow.obj --no_warnings_and_discretionary_errors --error_limit 1000 --disable_system_macros --variadic_macros --incognito --gcc --ms_compatibility --clang_version 220102 --microsoft_version 1950 --gnu_version 40801 --has_feature_vector 11111111111111110000000000000000000000000000000000000000000000000000011 --clang --target win64 -D_CRT_USE_BUILTIN_OFFSETOF=1 -D_INTEGRAL_MAX_BITS=64 -D_MSC_BUILD=1 -D_MSC_EXTENSIONS=1 -D_MSC_FULL_VER=195035728 -D_MSC_VER=1950 -D_MSVC_CONSTEXPR_ATTRIBUTE=1 -D_MSVC_EXECUTION_CHARACTER_SET=65001 -D_M_AMD64=100 -D_M_FP_CONTRACT=1 -D_M_FP_PRECISE=1 -D_M_X64=100 -D_WIN32=1 -D_WIN64=1 -D__ATOMIC_ACQUIRE=2 -D__ATOMIC_ACQ_REL=4 -D__ATOMIC_CONSUME=1 -D__ATOMIC_RELAXED=0 -D__ATOMIC_RELEASE=3 -D__ATOMIC_SEQ_CST=5 -D__BIGGEST_ALIGNMENT__=16 -D__BITINT_MAXWIDTH__=8388608 -D__BOOL_WIDTH__=1 -D__BYTE_ORDER__=__ORDER_LITTLE_ENDIAN__ -D__CHAR_BIT__=8 -D__CLANG_ATOMIC_BOOL_LOCK_FREE=2 -D__CLANG_ATOMIC_CHAR16_T_LOCK_FREE=2 -D__CLANG_ATOMIC_CHAR32_T_LOCK_FREE=2 -D__CLANG_ATOMIC_CHAR_LOCK_FREE=2 -D__CLANG_ATOMIC_INT_LOCK_FREE=2 -D__CLANG_ATOMIC_LLONG_LOCK_FREE=2 -D__CLANG_ATOMIC_LONG_LOCK_FREE=2 -D__CLANG_ATOMIC_POINTER_LOCK_FREE=2 -D__CLANG_ATOMIC_SHORT_LOCK_FREE=2 -D__CLANG_ATOMIC_WCHAR_T_LOCK_FREE=2 -D__CONSTANT_CFSTRINGS__=1 -D__DBL_DECIMAL_DIG__=17 -D__DBL_DENORM_MIN__=4.9406564584124654e-324 -D__DBL_DIG__=15 -D__DBL_EPSILON__=2.2204460492503131e-16 -D__DBL_HAS_DENORM__=1 -D__DBL_HAS_INFINITY__=1 -D__DBL_HAS_QUIET_NAN__=1 -D__DBL_MANT_DIG__=53 -D__DBL_MAX_10_EXP__=308 -D__DBL_MAX_EXP__=1024 -D__DBL_MAX__=1.7976931348623157e+308 -D__DBL_MIN_10_EXP__=(-307) -D__DBL_MIN_EXP__=(-1021) -D__DBL_MIN__=2.2250738585072014e-308 -D__DBL_NORM_MAX__=1.7976931348623157e+308 -D__DECIMAL_DIG__=__LDBL_DECIMAL_DIG__ -D__FINITE_MATH_ONLY__=0 -D__FLT16_DECIMAL_DIG__=5 -D__FLT16_DENORM_MIN__=5.9604644775390625e-8F16 -D__FLT16_DIG__=3 -D__FLT16_EPSILON__=9.765625e-4F16 -D__FLT16_HAS_DENORM__=1 -D__FLT16_HAS_INFINITY__=1 -D__FLT16_HAS_QUIET_NAN__=1 -D__FLT16_MANT_DIG__=11 -D__FLT16_MAX_10_EXP__=4 -D__FLT16_MAX_EXP__=16 -D__FLT16_MAX__=6.5504e+4F16 -D__FLT16_MIN_10_EXP__=(-4) -D__FLT16_MIN_EXP__=(-13) -D__FLT16_MIN__=6.103515625e-5F16 -D__FLT16_NORM_MAX__=6.5504e+4F16 -D__FLT_DECIMAL_DIG__=9 -D__FLT_DENORM_MIN__=1.40129846e-45F -D__FLT_DIG__=6 -D__FLT_EPSILON__=1.19209290e-7F -D__FLT_HAS_DENORM__=1 -D__FLT_HAS_INFINITY__=1 -D__FLT_HAS_QUIET_NAN__=1 -D__FLT_MANT_DIG__=24 -D__FLT_MAX_10_EXP__=38 -D__FLT_MAX_EXP__=128 -D__FLT_MAX__=3.40282347e+38F -D__FLT_MIN_10_EXP__=(-37) -D__FLT_MIN_EXP__=(-125) -D__FLT_MIN__=1.17549435e-38F -D__FLT_NORM_MAX__=3.40282347e+38F -D__FLT_RADIX__=2 -D__FPCLASS_NEGINF=0x0004 -D__FPCLASS_NEGNORMAL=0x0008 -D__FPCLASS_NEGSUBNORMAL=0x0010 -D__FPCLASS_NEGZERO=0x0020 -D__FPCLASS_POSINF=0x0200 -D__FPCLASS_POSNORMAL=0x0100 -D__FPCLASS_POSSUBNORMAL=0x0080 -D__FPCLASS_POSZERO=0x0040 -D__FPCLASS_QNAN=0x0002 -D__FPCLASS_SNAN=0x0001 -D__FXSR__=1 -D__GCC_ASM_FLAG_OUTPUTS__=1 -D__GCC_CONSTRUCTIVE_SIZE=64 -D__GCC_DESTRUCTIVE_SIZE=64 -D__GCC_HAVE_SYNC_COMPARE_AND_SWAP_1=1 -D__GCC_HAVE_SYNC_COMPARE_AND_SWAP_2=1 -D__GCC_HAVE_SYNC_COMPARE_AND_SWAP_4=1 -D__GCC_HAVE_SYNC_COMPARE_AND_SWAP_8=1 -D__INT16_C(c)=c -D__INT16_C_SUFFIX__= "-D__INT16_FMTd__=\"hd\"" "-D__INT16_FMTi__=\"hi\"" -D__INT16_MAX__=32767 -D__INT16_TYPE__=short -D__INT32_C(c)=c -D__INT32_C_SUFFIX__= "-D__INT32_FMTd__=\"d\"" "-D__INT32_FMTi__=\"i\"" -D__INT32_MAX__=2147483647 -D__INT32_TYPE__=int -D__INT64_C(c)=c##LL -D__INT64_C_SUFFIX__=LL "-D__INT64_FMTd__=\"lld\"" "-D__INT64_FMTi__=\"lli\"" -D__INT64_MAX__=9223372036854775807LL "-D__INT64_TYPE__=long long int" -D__INT8_C(c)=c -D__INT8_C_SUFFIX__= "-D__INT8_FMTd__=\"hhd\"" "-D__INT8_FMTi__=\"hhi\"" -D__INT8_MAX__=127 "-D__INT8_TYPE__=signed char" -D__INTMAX_C(c)=c##LL -D__INTMAX_C_SUFFIX__=LL "-D__INTMAX_FMTd__=\"lld\"" "-D__INTMAX_FMTi__=\"lli\"" -D__INTMAX_MAX__=9223372036854775807LL "-D__INTMAX_TYPE__=long long int" -D__INTMAX_WIDTH__=64 "-D__INTPTR_FMTd__=\"lld\"" "-D__INTPTR_FMTi__=\"lli\"" -D__INTPTR_MAX__=9223372036854775807LL "-D__INTPTR_TYPE__=long long int" -D__INTPTR_WIDTH__=64 "-D__INT_FAST16_FMTd__=\"hd\"" "-D__INT_FAST16_FMTi__=\"hi\"" -D__INT_FAST16_MAX__=32767 -D__INT_FAST16_TYPE__=short -D__INT_FAST16_WIDTH__=16 "-D__INT_FAST32_FMTd__=\"d\"" "-D__INT_FAST32_FMTi__=\"i\"" -D__INT_FAST32_MAX__=2147483647 -D__INT_FAST32_TYPE__=int -D__INT_FAST32_WIDTH__=32 "-D__INT_FAST64_FMTd__=\"lld\"" "-D__INT_FAST64_FMTi__=\"lli\"" -D__INT_FAST64_MAX__=9223372036854775807LL "-D__INT_FAST64_TYPE__=long long int" -D__INT_FAST64_WIDTH__=64 "-D__INT_FAST8_FMTd__=\"hhd\"" "-D__INT_FAST8_FMTi__=\"hhi\"" -D__INT_FAST8_MAX__=127 "-D__INT_FAST8_TYPE__=signed char" -D__INT_FAST8_WIDTH__=8 "-D__INT_LEAST16_FMTd__=\"hd\"" "-D__INT_LEAST16_FMTi__=\"hi\"" -D__INT_LEAST16_MAX__=32767 -D__INT_LEAST16_TYPE__=short -D__INT_LEAST16_WIDTH__=16 "-D__INT_LEAST32_FMTd__=\"d\"" "-D__INT_LEAST32_FMTi__=\"i\"" -D__INT_LEAST32_MAX__=2147483647 -D__INT_LEAST32_TYPE__=int -D__INT_LEAST32_WIDTH__=32 "-D__INT_LEAST64_FMTd__=\"lld\"" "-D__INT_LEAST64_FMTi__=\"lli\"" -D__INT_LEAST64_MAX__=9223372036854775807LL "-D__INT_LEAST64_TYPE__=long long int" -D__INT_LEAST64_WIDTH__=64 "-D__INT_LEAST8_FMTd__=\"hhd\"" "-D__INT_LEAST8_FMTi__=\"hhi\"" -D__INT_LEAST8_MAX__=127 "-D__INT_LEAST8_TYPE__=signed char" -D__INT_LEAST8_WIDTH__=8 -D__INT_MAX__=2147483647 -D__INT_WIDTH__=32 -D__LDBL_DECIMAL_DIG__=17 -D__LDBL_DENORM_MIN__=4.9406564584124654e-324L -D__LDBL_DIG__=15 -D__LDBL_EPSILON__=2.2204460492503131e-16L -D__LDBL_HAS_DENORM__=1 -D__LDBL_HAS_INFINITY__=1 -D__LDBL_HAS_QUIET_NAN__=1 -D__LDBL_MANT_DIG__=53 -D__LDBL_MAX_10_EXP__=308 -D__LDBL_MAX_EXP__=1024 -D__LDBL_MAX__=1.7976931348623157e+308L -D__LDBL_MIN_10_EXP__=(-307) -D__LDBL_MIN_EXP__=(-1021) -D__LDBL_MIN__=2.2250738585072014e-308L -D__LDBL_NORM_MAX__=1.7976931348623157e+308L -D__LITTLE_ENDIAN__=1 -D__LLONG_WIDTH__=64 -D__LONG_LONG_MAX__=9223372036854775807LL -D__LONG_MAX__=2147483647L -D__LONG_WIDTH__=32 -D__MEMORY_SCOPE_CLUSTR=5 -D__MEMORY_SCOPE_DEVICE=1 -D__MEMORY_SCOPE_SINGLE=4 -D__MEMORY_SCOPE_SYSTEM=0 -D__MEMORY_SCOPE_WRKGRP=2 -D__MEMORY_SCOPE_WVFRNT=3 -D__MMX__=1 -D__NO_INLINE__=1 -D__NO_MATH_INLINES=1 -D__OBJC_BOOL_IS_BOOL=0 -D__OPENCL_MEMORY_SCOPE_ALL_SVM_DEVICES=3 -D__OPENCL_MEMORY_SCOPE_DEVICE=2 -D__OPENCL_MEMORY_SCOPE_SUB_GROUP=4 -D__OPENCL_MEMORY_SCOPE_WORK_GROUP=1 -D__OPENCL_MEMORY_SCOPE_WORK_ITEM=0 -D__ORDER_BIG_ENDIAN__=4321 -D__ORDER_LITTLE_ENDIAN__=1234 -D__ORDER_PDP_ENDIAN__=3412 -D__PIC__=2 -D__POINTER_WIDTH__=64 -D__PRAGMA_REDEFINE_EXTNAME=1 "-D__PTRDIFF_FMTd__=\"lld\"" "-D__PTRDIFF_FMTi__=\"lli\"" -D__PTRDIFF_MAX__=9223372036854775807LL "-D__PTRDIFF_TYPE__=long long int" -D__PTRDIFF_WIDTH__=64 -D__REGISTER_PREFIX__= -D__SCHAR_MAX__=127 -D__SEG_FS=1 -D__SEG_GS=1 -D__SHRT_MAX__=32767 -D__SHRT_WIDTH__=16 -D__SIG_ATOMIC_MAX__=2147483647 -D__SIG_ATOMIC_WIDTH__=32 -D__SIZEOF_DOUBLE__=8 -D__SIZEOF_FLOAT__=4 -D__SIZEOF_INT128__=16 -D__SIZEOF_INT__=4 -D__SIZEOF_LONG_DOUBLE__=8 -D__SIZEOF_LONG_LONG__=8 -D__SIZEOF_LONG__=4 -D__SIZEOF_POINTER__=8 -D__SIZEOF_PTRDIFF_T__=8 -D__SIZEOF_SHORT__=2 -D__SIZEOF_SIZE_T__=8 -D__SIZEOF_WCHAR_T__=2 -D__SIZEOF_WINT_T__=2 "-D__SIZE_FMTX__=\"llX\"" "-D__SIZE_FMTo__=\"llo\"" "-D__SIZE_FMTu__=\"llu\"" "-D__SIZE_FMTx__=\"llx\"" -D__SIZE_MAX__=18446744073709551615ULL "-D__SIZE_TYPE__=long long unsigned int" -D__SIZE_WIDTH__=64 -D__SSE2_MATH__=1 -D__SSE2__=1 -D__SSE_MATH__=1 -D__SSE__=1 -D__STDC_EMBED_EMPTY__=2 -D__STDC_EMBED_FOUND__=1 -D__STDC_EMBED_NOT_FOUND__=0 -D__STDC_UTF_16__=1 -D__STDC_UTF_32__=1 -D__UINT16_C(c)=c -D__UINT16_C_SUFFIX__= "-D__UINT16_FMTX__=\"hX\"" "-D__UINT16_FMTo__=\"ho\"" "-D__UINT16_FMTu__=\"hu\"" "-D__UINT16_FMTx__=\"hx\"" -D__UINT16_MAX__=65535 "-D__UINT16_TYPE__=unsigned short" -D__UINT32_C(c)=c##U -D__UINT32_C_SUFFIX__=U "-D__UINT32_FMTX__=\"X\"" "-D__UINT32_FMTo__=\"o\"" "-D__UINT32_FMTu__=\"u\"" "-D__UINT32_FMTx__=\"x\"" -D__UINT32_MAX__=4294967295U "-D__UINT32_TYPE__=unsigned int" -D__UINT64_C(c)=c##ULL -D__UINT64_C_SUFFIX__=ULL "-D__UINT64_FMTX__=\"llX\"" "-D__UINT64_FMTo__=\"llo\"" "-D__UINT64_FMTu__=\"llu\"" "-D__UINT64_FMTx__=\"llx\"" -D__UINT64_MAX__=18446744073709551615ULL "-D__UINT64_TYPE__=long long unsigned int" -D__UINT8_C(c)=c -D__UINT8_C_SUFFIX__= "-D__UINT8_FMTX__=\"hhX\"" "-D__UINT8_FMTo__=\"hho\"" "-D__UINT8_FMTu__=\"hhu\"" "-D__UINT8_FMTx__=\"hhx\"" -D__UINT8_MAX__=255 "-D__UINT8_TYPE__=unsigned char" -D__UINTMAX_C(c)=c##ULL -D__UINTMAX_C_SUFFIX__=ULL "-D__UINTMAX_FMTX__=\"llX\"" "-D__UINTMAX_FMTo__=\"llo\"" "-D__UINTMAX_FMTu__=\"llu\"" "-D__UINTMAX_FMTx__=\"llx\"" -D__UINTMAX_MAX__=18446744073709551615ULL "-D__UINTMAX_TYPE__=long long unsigned int" -D__UINTMAX_WIDTH__=64 "-D__UINTPTR_FMTX__=\"llX\"" "-D__UINTPTR_FMTo__=\"llo\"" "-D__UINTPTR_FMTu__=\"llu\"" "-D__UINTPTR_FMTx__=\"llx\"" -D__UINTPTR_MAX__=18446744073709551615ULL "-D__UINTPTR_TYPE__=long long unsigned int" -D__UINTPTR_WIDTH__=64 "-D__UINT_FAST16_FMTX__=\"hX\"" "-D__UINT_FAST16_FMTo__=\"ho\"" "-D__UINT_FAST16_FMTu__=\"hu\"" "-D__UINT_FAST16_FMTx__=\"hx\"" -D__UINT_FAST16_MAX__=65535 "-D__UINT_FAST16_TYPE__=unsigned short" "-D__UINT_FAST32_FMTX__=\"X\"" "-D__UINT_FAST32_FMTo__=\"o\"" "-D__UINT_FAST32_FMTu__=\"u\"" "-D__UINT_FAST32_FMTx__=\"x\"" -D__UINT_FAST32_MAX__=4294967295U "-D__UINT_FAST32_TYPE__=unsigned int" "-D__UINT_FAST64_FMTX__=\"llX\"" "-D__UINT_FAST64_FMTo__=\"llo\"" "-D__UINT_FAST64_FMTu__=\"llu\"" "-D__UINT_FAST64_FMTx__=\"llx\"" -D__UINT_FAST64_MAX__=18446744073709551615ULL "-D__UINT_FAST64_TYPE__=long long unsigned int" "-D__UINT_FAST8_FMTX__=\"hhX\"" "-D__UINT_FAST8_FMTo__=\"hho\"" "-D__UINT_FAST8_FMTu__=\"hhu\"" "-D__UINT_FAST8_FMTx__=\"hhx\"" -D__UINT_FAST8_MAX__=255 "-D__UINT_FAST8_TYPE__=unsigned char" "-D__UINT_LEAST16_FMTX__=\"hX\"" "-D__UINT_LEAST16_FMTo__=\"ho\"" "-D__UINT_LEAST16_FMTu__=\"hu\"" "-D__UINT_LEAST16_FMTx__=\"hx\"" -D__UINT_LEAST16_MAX__=65535 "-D__UINT_LEAST16_TYPE__=unsigned short" "-D__UINT_LEAST32_FMTX__=\"X\"" "-D__UINT_LEAST32_FMTo__=\"o\"" "-D__UINT_LEAST32_FMTu__=\"u\"" "-D__UINT_LEAST32_FMTx__=\"x\"" -D__UINT_LEAST32_MAX__=4294967295U "-D__UINT_LEAST32_TYPE__=unsigned int" "-D__UINT_LEAST64_FMTX__=\"llX\"" "-D__UINT_LEAST64_FMTo__=\"llo\"" "-D__UINT_LEAST64_FMTu__=\"llu\"" "-D__UINT_LEAST64_FMTx__=\"llx\"" -D__UINT_LEAST64_MAX__=18446744073709551615ULL "-D__UINT_LEAST64_TYPE__=long long unsigned int" "-D__UINT_LEAST8_FMTX__=\"hhX\"" "-D__UINT_LEAST8_FMTo__=\"hho\"" "-D__UINT_LEAST8_FMTu__=\"hhu\"" "-D__UINT_LEAST8_FMTx__=\"hhx\"" -D__UINT_LEAST8_MAX__=255 "-D__UINT_LEAST8_TYPE__=unsigned char" -D__USER_LABEL_PREFIX__= "-D__VERSION__=\"Clang 22.1.2 (https://github.com/llvm/llvm-project 1ab49a973e210e97d61e5db6557180dcb92c3e98)\"" -D__WCHAR_MAX__=65535 "-D__WCHAR_TYPE__=unsigned short" -D__WCHAR_UNSIGNED__=1 -D__WCHAR_WIDTH__=16 -D__WINT_MAX__=65535 "-D__WINT_TYPE__=unsigned short" -D__WINT_UNSIGNED__=1 -D__WINT_WIDTH__=16 -D__amd64=1 -D__amd64__=1 -D__clang__=1 "-D__clang_literal_encoding__=\"UTF-8\"" -D__clang_major__=22 -D__clang_minor__=1 -D__clang_patchlevel__=2 "-D__clang_version__=\"22.1.2 (https://github.com/llvm/llvm-project 1ab49a973e210e97d61e5db6557180dcb92c3e98)\"" "-D__clang_wide_literal_encoding__=\"UTF-16\"" -D__code_model_small__=1 -D__k8=1 -D__k8__=1 -D__llvm__=1 -D__pic__=2 -D__seg_fs=__attribute__((address_space(257))) -D__seg_gs=__attribute__((address_space(256))) -D__tune_k8__=1 -D__x86_64=1 -D__x86_64__=1 "-D__private_extern__=extern __attribute__((visibility(\"hidden\")))" "-IC:\Program Files\LLVM\lib\clang\22\include" "-IC:\Program Files (x86)\Microsoft Visual Studio\18\BuildTools\VC\Tools\MSVC\14.50.35717\include" "-IC:\Program Files (x86)\Windows Kits\10\Include\10.0.26100.0\ucrt" "-IC:\Program Files (x86)\Windows Kits\10\Include\10.0.26100.0\shared" "-IC:\Program Files (x86)\Windows Kits\10\Include\10.0.26100.0\um" "-IC:\Program Files (x86)\Windows Kits\10\Include\10.0.26100.0\winrt" "-IC:\Program Files (x86)\Windows Kits\10\Include\10.0.26100.0\cppwinrt" -- bufff_overflow.c
[E 02:58:20 31400] CODEQL_EXTRACTOR_CPP_TRAP_CACHING is not set
[E 02:58:20 31400] CODEQL_EXTRACTOR_CPP_OPTION_TRAP_CACHE_WRITE is not set
[E 02:58:20 31400] CODEQL_EXTRACTOR_CPP_OPTION_TRAP_CACHE_DIR is not set
[E 02:58:20 31400] Initialising TRAP cache at path: \\?\C:\Users\user\Desktop\lab_doc\harmc\45\eab9\b9fb8e0804287c91b4be3903a858
[E 02:58:20 31400] Not using TRAP cache
[E 02:58:20 31400] TRAP cache miss
[E 02:58:20 31400] Starting compilation TRAP C:\Users\user\Desktop\lab_doc\harmc\codeql-db\trap\cpp/compilations/25/7762894_0.trap.zst
[E 02:58:20 31400] Archiving C:\Users\user\Desktop\lab_doc\harmc\codeql-db\src/C_/Users/user/Desktop/lab_doc/harmc/bufff_overflow.c
[E 02:58:20 31400] Archiving C:\Users\user\Desktop\lab_doc\harmc\codeql-db\src/C_/Program Files (x86)/Windows Kits/10/Include/10.0.26100.0/ucrt/stdlib.h
[E 02:58:20 31400] Archiving C:\Users\user\Desktop\lab_doc\harmc\codeql-db\src/C_/Program Files (x86)/Windows Kits/10/Include/10.0.26100.0/ucrt/corecrt.h
[E 02:58:20 31400] Archiving C:\Users\user\Desktop\lab_doc\harmc\codeql-db\src/C_/Program Files (x86)/Microsoft Visual Studio/18/BuildTools/VC/Tools/MSVC/14.50.35717/include/vcruntime.h
[E 02:58:20 31400] Archiving C:\Users\user\Desktop\lab_doc\harmc\codeql-db\src/C_/Program Files (x86)/Microsoft Visual Studio/18/BuildTools/VC/Tools/MSVC/14.50.35717/include/sal.h
[E 02:58:20 31400] Archiving C:\Users\user\Desktop\lab_doc\harmc\codeql-db\src/C_/Program Files (x86)/Microsoft Visual Studio/18/BuildTools/VC/Tools/MSVC/14.50.35717/include/concurrencysal.h
[E 02:58:20 31400] Archiving C:\Users\user\Desktop\lab_doc\harmc\codeql-db\src/C_/Program Files/LLVM/lib/clang/22/include/vadefs.h
[E 02:58:20 31400] Archiving C:\Users\user\Desktop\lab_doc\harmc\codeql-db\src/C_/Program Files (x86)/Microsoft Visual Studio/18/BuildTools/VC/Tools/MSVC/14.50.35717/include/vadefs.h
[E 02:58:20 31400] Archiving C:\Users\user\Desktop\lab_doc\harmc\codeql-db\src/C_/Program Files (x86)/Windows Kits/10/Include/10.0.26100.0/ucrt/corecrt_malloc.h
[E 02:58:20 31400] Archiving C:\Users\user\Desktop\lab_doc\harmc\codeql-db\src/C_/Program Files (x86)/Windows Kits/10/Include/10.0.26100.0/ucrt/corecrt_search.h
[E 02:58:20 31400] Archiving C:\Users\user\Desktop\lab_doc\harmc\codeql-db\src/C_/Program Files/LLVM/lib/clang/22/include/stddef.h
[E 02:58:20 31400] Archiving C:\Users\user\Desktop\lab_doc\harmc\codeql-db\src/C_/Program Files/LLVM/lib/clang/22/include/__stddef_header_macro.h
[E 02:58:20 31400] Archiving C:\Users\user\Desktop\lab_doc\harmc\codeql-db\src/C_/Program Files/LLVM/lib/clang/22/include/__stddef_ptrdiff_t.h
[E 02:58:21 31400] Archiving C:\Users\user\Desktop\lab_doc\harmc\codeql-db\src/C_/Program Files/LLVM/lib/clang/22/include/__stddef_size_t.h
[E 02:58:21 31400] Archiving C:\Users\user\Desktop\lab_doc\harmc\codeql-db\src/C_/Program Files/LLVM/lib/clang/22/include/__stddef_wchar_t.h
[E 02:58:21 31400] Archiving C:\Users\user\Desktop\lab_doc\harmc\codeql-db\src/C_/Program Files/LLVM/lib/clang/22/include/__stddef_null.h
[E 02:58:21 31400] Archiving C:\Users\user\Desktop\lab_doc\harmc\codeql-db\src/C_/Program Files/LLVM/lib/clang/22/include/__stddef_max_align_t.h
[E 02:58:21 31400] Archiving C:\Users\user\Desktop\lab_doc\harmc\codeql-db\src/C_/Program Files/LLVM/lib/clang/22/include/__stddef_offsetof.h
[E 02:58:21 31400] Archiving C:\Users\user\Desktop\lab_doc\harmc\codeql-db\src/C_/Program Files (x86)/Windows Kits/10/Include/10.0.26100.0/ucrt/corecrt_wstdlib.h
[E 02:58:21 31400] Archiving C:\Users\user\Desktop\lab_doc\harmc\codeql-db\src/C_/Program Files/LLVM/lib/clang/22/include/limits.h
[E 02:58:21 31400] Archiving C:\Users\user\Desktop\lab_doc\harmc\codeql-db\src/C_/Program Files (x86)/Microsoft Visual Studio/18/BuildTools/VC/Tools/MSVC/14.50.35717/include/limits.h
[E 02:58:21 31400] Archiving C:\Users\user\Desktop\lab_doc\harmc\codeql-db\src/C_/Program Files (x86)/Windows Kits/10/Include/10.0.26100.0/ucrt/string.h
[E 02:58:21 31400] Archiving C:\Users\user\Desktop\lab_doc\harmc\codeql-db\src/C_/Program Files (x86)/Windows Kits/10/Include/10.0.26100.0/ucrt/corecrt_memory.h
[E 02:58:21 31400] Archiving C:\Users\user\Desktop\lab_doc\harmc\codeql-db\src/C_/Program Files (x86)/Windows Kits/10/Include/10.0.26100.0/ucrt/corecrt_memcpy_s.h
[E 02:58:21 31400] Archiving C:\Users\user\Desktop\lab_doc\harmc\codeql-db\src/C_/Program Files (x86)/Windows Kits/10/Include/10.0.26100.0/ucrt/errno.h
[E 02:58:21 31400] Archiving C:\Users\user\Desktop\lab_doc\harmc\codeql-db\src/C_/Program Files (x86)/Microsoft Visual Studio/18/BuildTools/VC/Tools/MSVC/14.50.35717/include/vcruntime_string.h
[E 02:58:21 31400] Archiving C:\Users\user\Desktop\lab_doc\harmc\codeql-db\src/C_/Program Files (x86)/Windows Kits/10/Include/10.0.26100.0/ucrt/corecrt_wstring.h
[E 02:58:21 31400] Warning[extractor-c++]: In emit_platform_diagnostic: Failed to rename diagnostic file from 'C:\Users\user\Desktop\lab_doc\harmc\codeql-db\diagnostic\extractors\cpp\platform.11263779078285517235.jsonl.31400' to 'C:\Users\user\Desktop\lab_doc\harmc\codeql-db\diagnostic\extractors\cpp\platform.11263779078285517235.jsonl': 另一个程序正在使用此文件，进程无法访问。
[E 02:58:21 31400] Creating trap tarball C:\Users\user\Desktop\lab_doc\harmc\codeql-db\trap\cpp/tarballs/C_/Users/user/Desktop/lab_doc/harmc/bufff_overflow.c.5da8ac53_0.trap.tar.zst
[E 02:58:21 31400] Emitting trap files for bufff_overflow.c
[E 02:58:21 31400] Opening existencedb in \\?\C:\Users\user\Desktop\lab_doc\harmc\codeql-db\working\existencedb\db
[E 02:58:21 31400] Wrote 28 files to C:\Users\user\Desktop\lab_doc\harmc\codeql-db\trap\cpp/tarballs/C_/Users/user/Desktop/lab_doc/harmc/bufff_overflow.c.5da8ac53_0.trap.tar.zst
[E 02:58:21 31400] Finished compilation TRAP C:\Users\user\Desktop\lab_doc\harmc\codeql-db\trap\cpp/compilations/25/7762894_0.trap.zst
[E 02:58:21 31400] Marking C compilation as happened.
[E 02:58:21 31400] Setting tag c-compilation-happened
[E 02:58:21 31400] Starting from CODEQL_TRACER_DB_ID 031E2F8000008AC4_0000000000000001
[E 02:58:21 31400] Locking DB C:\Users\user\Desktop\lab_doc\harmc\codeql-db\working/tags.db
[E 02:58:21 31400] Locked DB C:\Users\user\Desktop\lab_doc\harmc\codeql-db\working/tags.db
[E 02:58:21 31400] Set tag for 031E2F8000008AC4_0000000000000001
[E 02:58:21 31400] Set tag for DDE26A6E00004138_0000000000000001
[E 02:58:21 31400] Set tag for C7FF4251000066BC_0000000000000001
[E 02:58:21 31400] Unlocking DB
[E 02:58:21 31400] Unlocked DB
[E 02:58:21 31400] Extractor exited successfully
[T 03:54:39 22988] Initializing tracer.
[T 03:54:39 22988] Initializing tags.
[T 03:54:40 22988] CodeQL CLI version 2.25.3
[T 03:54:40 22988] Initializing tracer.
[T 03:54:40 22988] Initializing tags.
[T 03:54:40 22988] Allocated ID A4DE30E3000059CC_0000000000000001 (parent )
[T 03:54:40 22988] ==== Candidate to intercept: F:\qltool\codeql\tools\win64\runner.exe (29812) ====
[T 03:54:40 22988] Executing the following tracer actions:
[T 03:54:40 22988] Tracer actions:
[T 03:54:40 22988] pre_invocations(0)
[T 03:54:40 22988] post_invocations(0)
[T 03:54:40 22988] trace_languages(1): [cpp]
[T 03:54:40 29812] Initializing tracer.
[T 03:54:40 29812] Initializing tags.
[T 03:54:40 29812] ID set to A4DE30E3000059CC_0000000000000001 (parent root)
[T 03:54:40 29812] Allocated ID C6DE15E600007474_0000000000000001 (parent A4DE30E3000059CC_0000000000000001)
[T 03:54:40 29812] ==== Candidate to intercept: C:\Windows\System32\cmd.exe (34444) ====
[T 03:54:40 29812] Executing the following tracer actions:
[T 03:54:40 29812] Tracer actions:
[T 03:54:40 29812] pre_invocations(0)
[T 03:54:40 29812] post_invocations(0)
[T 03:54:40 29812] trace_languages(1): [cpp]
[T 03:54:40 34444] Initializing tracer.
[T 03:54:40 34444] Initializing tags.
[T 03:54:40 34444] ID set to C6DE15E600007474_0000000000000001 (parent A4DE30E3000059CC_0000000000000001)
[T 03:54:40 34444] Allocated ID 6628EC8D0000868C_0000000000000001 (parent C6DE15E600007474_0000000000000001)
[T 03:54:40 34444] ==== Candidate to intercept: C:\Windows\System32\WindowsPowerShell\v1.0\powershell.exe (10360) ====
[T 03:54:40 34444] Executing the following tracer actions:
[T 03:54:40 34444] Tracer actions:
[T 03:54:40 34444] pre_invocations(0)
[T 03:54:40 34444] post_invocations(0)
[T 03:54:40 34444] trace_languages(1): [cpp]
[T 03:54:40 10360] Initializing tracer.
[T 03:54:40 10360] Initializing tags.
[T 03:54:40 10360] ID set to 6628EC8D0000868C_0000000000000001 (parent C6DE15E600007474_0000000000000001)
[T 03:54:40 10360] Allocated ID 077A52BD00002878_0000000000000001 (parent 6628EC8D0000868C_0000000000000001)
[T 03:54:40 10360] ==== Candidate to intercept: F:\anaconda3\Scripts\conda.exe (18660) ====
[T 03:54:40 10360] Executing the following tracer actions:
[T 03:54:40 10360] Tracer actions:
[T 03:54:40 10360] pre_invocations(0)
[T 03:54:40 10360] post_invocations(0)
[T 03:54:40 10360] trace_languages(1): [cpp]
[T 03:54:40 18660] Initializing tracer.
[T 03:54:40 18660] Initializing tags.
[T 03:54:40 18660] ID set to 077A52BD00002878_0000000000000001 (parent 6628EC8D0000868C_0000000000000001)
[T 03:54:40 18660] Allocated ID FC19F9EC000048E4_0000000000000001 (parent 077A52BD00002878_0000000000000001)
[T 03:54:40 18660] ==== Candidate to intercept: F:\anaconda3\python.exe (21948) ====
[T 03:54:40 18660] Executing the following tracer actions:
[T 03:54:40 18660] Tracer actions:
[T 03:54:40 18660] pre_invocations(0)
[T 03:54:40 18660] post_invocations(0)
[T 03:54:40 18660] trace_languages(1): [cpp]
[T 03:54:40 21948] Initializing tracer.
[T 03:54:40 21948] Initializing tags.
[T 03:54:40 21948] ID set to FC19F9EC000048E4_0000000000000001 (parent 077A52BD00002878_0000000000000001)
[T 03:54:41 21948] Allocated ID 827213B8000055BC_0000000000000001 (parent FC19F9EC000048E4_0000000000000001)
[T 03:54:41 21948] ==== Candidate to intercept: C:\Windows\System32\cmd.exe (22596) ====
[T 03:54:41 21948] Executing the following tracer actions:
[T 03:54:41 21948] Tracer actions:
[T 03:54:41 21948] pre_invocations(0)
[T 03:54:41 21948] post_invocations(0)
[T 03:54:41 21948] trace_languages(1): [cpp]
[T 03:54:41 22596] Initializing tracer.
[T 03:54:41 22596] Initializing tags.
[T 03:54:41 22596] ID set to 827213B8000055BC_0000000000000001 (parent FC19F9EC000048E4_0000000000000001)
[T 03:54:42 10360] Allocated ID C00CE6B900002878_0000000000000001 (parent 6628EC8D0000868C_0000000000000001)
[T 03:54:42 10360] ==== Candidate to intercept: F:\anaconda3\Scripts\conda.exe (34564) ====
[T 03:54:42 10360] Executing the following tracer actions:
[T 03:54:42 10360] Tracer actions:
[T 03:54:42 10360] pre_invocations(0)
[T 03:54:42 10360] post_invocations(0)
[T 03:54:42 10360] trace_languages(1): [cpp]
[T 03:54:42 34564] Initializing tracer.
[T 03:54:42 34564] Initializing tags.
[T 03:54:42 34564] ID set to C00CE6B900002878_0000000000000001 (parent 6628EC8D0000868C_0000000000000001)
[T 03:54:42 34564] Allocated ID DBF5480500008704_0000000000000001 (parent C00CE6B900002878_0000000000000001)
[T 03:54:42 34564] ==== Candidate to intercept: F:\anaconda3\python.exe (25504) ====
[T 03:54:42 34564] Executing the following tracer actions:
[T 03:54:42 34564] Tracer actions:
[T 03:54:42 34564] pre_invocations(0)
[T 03:54:42 34564] post_invocations(0)
[T 03:54:42 34564] trace_languages(1): [cpp]
[T 03:54:42 25504] Initializing tracer.
[T 03:54:42 25504] Initializing tags.
[T 03:54:42 25504] ID set to DBF5480500008704_0000000000000001 (parent C00CE6B900002878_0000000000000001)
[T 03:54:43 25504] Allocated ID 5183843C000063A0_0000000000000001 (parent DBF5480500008704_0000000000000001)
[T 03:54:43 25504] ==== Candidate to intercept: C:\Windows\System32\cmd.exe (30624) ====
[T 03:54:43 25504] Executing the following tracer actions:
[T 03:54:43 25504] Tracer actions:
[T 03:54:43 25504] pre_invocations(0)
[T 03:54:43 25504] post_invocations(0)
[T 03:54:43 25504] trace_languages(1): [cpp]
[T 03:54:43 30624] Initializing tracer.
[T 03:54:43 30624] Initializing tags.
[T 03:54:43 30624] ID set to 5183843C000063A0_0000000000000001 (parent DBF5480500008704_0000000000000001)
[T 03:54:44 10360] Allocated ID 8BAD7DA900002878_0000000000000001 (parent 6628EC8D0000868C_0000000000000001)
[T 03:54:45 10360] ==== Candidate to intercept: C:\Program Files\LLVM\bin\clang.exe (2708) ====
[T 03:54:45 10360] Lua: === Intercepted call to c:\program files\llvm\bin\clang.exe ===
[T 03:54:45 10360] Executing the following tracer actions:
[T 03:54:45 10360] Tracer actions:
[T 03:54:45 10360] pre_invocations(0)
[T 03:54:45 10360] post_invocations(1)
[T 03:54:45 10360] invocation: F:\qltool\codeql\cpp\tools\win64\extractor.exe, args: --mimic "c:\program files\llvm\bin\clang.exe" -c C:\Users\user\Desktop\lab_doc\harmc\bad_example.c -o bad_example.obj
[T 03:54:45 10360] trace_languages(1): [cpp]
[E 03:54:46 9296] CodeQL C/C++ Extractor 2.25.3
[E 03:54:46 9296] Current directory: C:\Users\user\Desktop\lab_doc\harmc
[E 03:54:46 9296] Command: F:\qltool\codeql\cpp\tools\win64\extractor.exe --mimic "c:\program files\llvm\bin\clang.exe" -c C:\Users\user\Desktop\lab_doc\harmc\bad_example.c -o bad_example.obj
[E 03:54:47 9296] Checking whether C compilation already happened.
[E 03:54:47 9296] Checking for tag c-compilation-happened
[E 03:54:47 9296] Checking CODEQL_TRACER_DB_ID 8BAD7DA900002878_0000000000000001
[E 03:54:47 9296] Locking DB C:\Users\user\Desktop\lab_doc\harmc\codeql-db\working/tags.db
[E 03:54:47 9296] Locked DB C:\Users\user\Desktop\lab_doc\harmc\codeql-db\working/tags.db
[E 03:54:47 9296] Unlocking DB
[E 03:54:47 9296] Unlocked DB
[E 03:54:47 9296] Looks like C compilation didn't already happen.
[E 03:54:47 9296] Checking whether C compilation has been attempted.
[E 03:54:47 9296] Checking for tag c-compilation-attempted
[E 03:54:47 9296] Checking CODEQL_TRACER_DB_ID 8BAD7DA900002878_0000000000000001
[E 03:54:47 9296] Locking DB C:\Users\user\Desktop\lab_doc\harmc\codeql-db\working/tags.db
[E 03:54:47 9296] Locked DB C:\Users\user\Desktop\lab_doc\harmc\codeql-db\working/tags.db
[E 03:54:47 9296] Unlocking DB
[E 03:54:47 9296] Unlocked DB
[E 03:54:47 9296] Marking C compilation as attempted.
[E 03:54:47 9296] Setting tag c-compilation-attempted
[E 03:54:47 9296] Starting from CODEQL_TRACER_DB_ID 8BAD7DA900002878_0000000000000001
[E 03:54:47 9296] Locking DB C:\Users\user\Desktop\lab_doc\harmc\codeql-db\working/tags.db
[E 03:54:47 9296] Locked DB C:\Users\user\Desktop\lab_doc\harmc\codeql-db\working/tags.db
[E 03:54:47 9296] Set tag for 8BAD7DA900002878_0000000000000001
[E 03:54:47 9296] Set tag for 6628EC8D0000868C_0000000000000001
[E 03:54:47 9296] Set tag for C6DE15E600007474_0000000000000001
[E 03:54:47 9296] Set tag for A4DE30E3000059CC_0000000000000001
[E 03:54:47 9296] Unlocking DB
[E 03:54:47 9296] Unlocked DB
[E 03:54:49 9296] Processed command line: F:\qltool\codeql\cpp\tools\win64\extractor.exe --trapfolder C:\Users\user\Desktop\lab_doc\harmc\codeql-db\trap\cpp --src_archive C:\Users\user\Desktop\lab_doc\harmc\codeql-db\src --object_filename bad_example.obj --no_warnings_and_discretionary_errors --error_limit 1000 --disable_system_macros --variadic_macros --incognito --gcc --ms_compatibility --clang_version 220102 --microsoft_version 1950 --gnu_version 40801 --has_feature_vector 11111111111111110000000000000000000000000000000000000000000000000000011 --clang --target win64 -D_CRT_USE_BUILTIN_OFFSETOF=1 -D_INTEGRAL_MAX_BITS=64 -D_MSC_BUILD=1 -D_MSC_EXTENSIONS=1 -D_MSC_FULL_VER=195035728 -D_MSC_VER=1950 -D_MSVC_CONSTEXPR_ATTRIBUTE=1 -D_MSVC_EXECUTION_CHARACTER_SET=65001 -D_M_AMD64=100 -D_M_FP_CONTRACT=1 -D_M_FP_PRECISE=1 -D_M_X64=100 -D_WIN32=1 -D_WIN64=1 -D__ATOMIC_ACQUIRE=2 -D__ATOMIC_ACQ_REL=4 -D__ATOMIC_CONSUME=1 -D__ATOMIC_RELAXED=0 -D__ATOMIC_RELEASE=3 -D__ATOMIC_SEQ_CST=5 -D__BIGGEST_ALIGNMENT__=16 -D__BITINT_MAXWIDTH__=8388608 -D__BOOL_WIDTH__=1 -D__BYTE_ORDER__=__ORDER_LITTLE_ENDIAN__ -D__CHAR_BIT__=8 -D__CLANG_ATOMIC_BOOL_LOCK_FREE=2 -D__CLANG_ATOMIC_CHAR16_T_LOCK_FREE=2 -D__CLANG_ATOMIC_CHAR32_T_LOCK_FREE=2 -D__CLANG_ATOMIC_CHAR_LOCK_FREE=2 -D__CLANG_ATOMIC_INT_LOCK_FREE=2 -D__CLANG_ATOMIC_LLONG_LOCK_FREE=2 -D__CLANG_ATOMIC_LONG_LOCK_FREE=2 -D__CLANG_ATOMIC_POINTER_LOCK_FREE=2 -D__CLANG_ATOMIC_SHORT_LOCK_FREE=2 -D__CLANG_ATOMIC_WCHAR_T_LOCK_FREE=2 -D__CONSTANT_CFSTRINGS__=1 -D__DBL_DECIMAL_DIG__=17 -D__DBL_DENORM_MIN__=4.9406564584124654e-324 -D__DBL_DIG__=15 -D__DBL_EPSILON__=2.2204460492503131e-16 -D__DBL_HAS_DENORM__=1 -D__DBL_HAS_INFINITY__=1 -D__DBL_HAS_QUIET_NAN__=1 -D__DBL_MANT_DIG__=53 -D__DBL_MAX_10_EXP__=308 -D__DBL_MAX_EXP__=1024 -D__DBL_MAX__=1.7976931348623157e+308 -D__DBL_MIN_10_EXP__=(-307) -D__DBL_MIN_EXP__=(-1021) -D__DBL_MIN__=2.2250738585072014e-308 -D__DBL_NORM_MAX__=1.7976931348623157e+308 -D__DECIMAL_DIG__=__LDBL_DECIMAL_DIG__ -D__FINITE_MATH_ONLY__=0 -D__FLT16_DECIMAL_DIG__=5 -D__FLT16_DENORM_MIN__=5.9604644775390625e-8F16 -D__FLT16_DIG__=3 -D__FLT16_EPSILON__=9.765625e-4F16 -D__FLT16_HAS_DENORM__=1 -D__FLT16_HAS_INFINITY__=1 -D__FLT16_HAS_QUIET_NAN__=1 -D__FLT16_MANT_DIG__=11 -D__FLT16_MAX_10_EXP__=4 -D__FLT16_MAX_EXP__=16 -D__FLT16_MAX__=6.5504e+4F16 -D__FLT16_MIN_10_EXP__=(-4) -D__FLT16_MIN_EXP__=(-13) -D__FLT16_MIN__=6.103515625e-5F16 -D__FLT16_NORM_MAX__=6.5504e+4F16 -D__FLT_DECIMAL_DIG__=9 -D__FLT_DENORM_MIN__=1.40129846e-45F -D__FLT_DIG__=6 -D__FLT_EPSILON__=1.19209290e-7F -D__FLT_HAS_DENORM__=1 -D__FLT_HAS_INFINITY__=1 -D__FLT_HAS_QUIET_NAN__=1 -D__FLT_MANT_DIG__=24 -D__FLT_MAX_10_EXP__=38 -D__FLT_MAX_EXP__=128 -D__FLT_MAX__=3.40282347e+38F -D__FLT_MIN_10_EXP__=(-37) -D__FLT_MIN_EXP__=(-125) -D__FLT_MIN__=1.17549435e-38F -D__FLT_NORM_MAX__=3.40282347e+38F -D__FLT_RADIX__=2 -D__FPCLASS_NEGINF=0x0004 -D__FPCLASS_NEGNORMAL=0x0008 -D__FPCLASS_NEGSUBNORMAL=0x0010 -D__FPCLASS_NEGZERO=0x0020 -D__FPCLASS_POSINF=0x0200 -D__FPCLASS_POSNORMAL=0x0100 -D__FPCLASS_POSSUBNORMAL=0x0080 -D__FPCLASS_POSZERO=0x0040 -D__FPCLASS_QNAN=0x0002 -D__FPCLASS_SNAN=0x0001 -D__FXSR__=1 -D__GCC_ASM_FLAG_OUTPUTS__=1 -D__GCC_CONSTRUCTIVE_SIZE=64 -D__GCC_DESTRUCTIVE_SIZE=64 -D__GCC_HAVE_SYNC_COMPARE_AND_SWAP_1=1 -D__GCC_HAVE_SYNC_COMPARE_AND_SWAP_2=1 -D__GCC_HAVE_SYNC_COMPARE_AND_SWAP_4=1 -D__GCC_HAVE_SYNC_COMPARE_AND_SWAP_8=1 -D__INT16_C(c)=c -D__INT16_C_SUFFIX__= "-D__INT16_FMTd__=\"hd\"" "-D__INT16_FMTi__=\"hi\"" -D__INT16_MAX__=32767 -D__INT16_TYPE__=short -D__INT32_C(c)=c -D__INT32_C_SUFFIX__= "-D__INT32_FMTd__=\"d\"" "-D__INT32_FMTi__=\"i\"" -D__INT32_MAX__=2147483647 -D__INT32_TYPE__=int -D__INT64_C(c)=c##LL -D__INT64_C_SUFFIX__=LL "-D__INT64_FMTd__=\"lld\"" "-D__INT64_FMTi__=\"lli\"" -D__INT64_MAX__=9223372036854775807LL "-D__INT64_TYPE__=long long int" -D__INT8_C(c)=c -D__INT8_C_SUFFIX__= "-D__INT8_FMTd__=\"hhd\"" "-D__INT8_FMTi__=\"hhi\"" -D__INT8_MAX__=127 "-D__INT8_TYPE__=signed char" -D__INTMAX_C(c)=c##LL -D__INTMAX_C_SUFFIX__=LL "-D__INTMAX_FMTd__=\"lld\"" "-D__INTMAX_FMTi__=\"lli\"" -D__INTMAX_MAX__=9223372036854775807LL "-D__INTMAX_TYPE__=long long int" -D__INTMAX_WIDTH__=64 "-D__INTPTR_FMTd__=\"lld\"" "-D__INTPTR_FMTi__=\"lli\"" -D__INTPTR_MAX__=9223372036854775807LL "-D__INTPTR_TYPE__=long long int" -D__INTPTR_WIDTH__=64 "-D__INT_FAST16_FMTd__=\"hd\"" "-D__INT_FAST16_FMTi__=\"hi\"" -D__INT_FAST16_MAX__=32767 -D__INT_FAST16_TYPE__=short -D__INT_FAST16_WIDTH__=16 "-D__INT_FAST32_FMTd__=\"d\"" "-D__INT_FAST32_FMTi__=\"i\"" -D__INT_FAST32_MAX__=2147483647 -D__INT_FAST32_TYPE__=int -D__INT_FAST32_WIDTH__=32 "-D__INT_FAST64_FMTd__=\"lld\"" "-D__INT_FAST64_FMTi__=\"lli\"" -D__INT_FAST64_MAX__=9223372036854775807LL "-D__INT_FAST64_TYPE__=long long int" -D__INT_FAST64_WIDTH__=64 "-D__INT_FAST8_FMTd__=\"hhd\"" "-D__INT_FAST8_FMTi__=\"hhi\"" -D__INT_FAST8_MAX__=127 "-D__INT_FAST8_TYPE__=signed char" -D__INT_FAST8_WIDTH__=8 "-D__INT_LEAST16_FMTd__=\"hd\"" "-D__INT_LEAST16_FMTi__=\"hi\"" -D__INT_LEAST16_MAX__=32767 -D__INT_LEAST16_TYPE__=short -D__INT_LEAST16_WIDTH__=16 "-D__INT_LEAST32_FMTd__=\"d\"" "-D__INT_LEAST32_FMTi__=\"i\"" -D__INT_LEAST32_MAX__=2147483647 -D__INT_LEAST32_TYPE__=int -D__INT_LEAST32_WIDTH__=32 "-D__INT_LEAST64_FMTd__=\"lld\"" "-D__INT_LEAST64_FMTi__=\"lli\"" -D__INT_LEAST64_MAX__=9223372036854775807LL "-D__INT_LEAST64_TYPE__=long long int" -D__INT_LEAST64_WIDTH__=64 "-D__INT_LEAST8_FMTd__=\"hhd\"" "-D__INT_LEAST8_FMTi__=\"hhi\"" -D__INT_LEAST8_MAX__=127 "-D__INT_LEAST8_TYPE__=signed char" -D__INT_LEAST8_WIDTH__=8 -D__INT_MAX__=2147483647 -D__INT_WIDTH__=32 -D__LDBL_DECIMAL_DIG__=17 -D__LDBL_DENORM_MIN__=4.9406564584124654e-324L -D__LDBL_DIG__=15 -D__LDBL_EPSILON__=2.2204460492503131e-16L -D__LDBL_HAS_DENORM__=1 -D__LDBL_HAS_INFINITY__=1 -D__LDBL_HAS_QUIET_NAN__=1 -D__LDBL_MANT_DIG__=53 -D__LDBL_MAX_10_EXP__=308 -D__LDBL_MAX_EXP__=1024 -D__LDBL_MAX__=1.7976931348623157e+308L -D__LDBL_MIN_10_EXP__=(-307) -D__LDBL_MIN_EXP__=(-1021) -D__LDBL_MIN__=2.2250738585072014e-308L -D__LDBL_NORM_MAX__=1.7976931348623157e+308L -D__LITTLE_ENDIAN__=1 -D__LLONG_WIDTH__=64 -D__LONG_LONG_MAX__=9223372036854775807LL -D__LONG_MAX__=2147483647L -D__LONG_WIDTH__=32 -D__MEMORY_SCOPE_CLUSTR=5 -D__MEMORY_SCOPE_DEVICE=1 -D__MEMORY_SCOPE_SINGLE=4 -D__MEMORY_SCOPE_SYSTEM=0 -D__MEMORY_SCOPE_WRKGRP=2 -D__MEMORY_SCOPE_WVFRNT=3 -D__MMX__=1 -D__NO_INLINE__=1 -D__NO_MATH_INLINES=1 -D__OBJC_BOOL_IS_BOOL=0 -D__OPENCL_MEMORY_SCOPE_ALL_SVM_DEVICES=3 -D__OPENCL_MEMORY_SCOPE_DEVICE=2 -D__OPENCL_MEMORY_SCOPE_SUB_GROUP=4 -D__OPENCL_MEMORY_SCOPE_WORK_GROUP=1 -D__OPENCL_MEMORY_SCOPE_WORK_ITEM=0 -D__ORDER_BIG_ENDIAN__=4321 -D__ORDER_LITTLE_ENDIAN__=1234 -D__ORDER_PDP_ENDIAN__=3412 -D__PIC__=2 -D__POINTER_WIDTH__=64 -D__PRAGMA_REDEFINE_EXTNAME=1 "-D__PTRDIFF_FMTd__=\"lld\"" "-D__PTRDIFF_FMTi__=\"lli\"" -D__PTRDIFF_MAX__=9223372036854775807LL "-D__PTRDIFF_TYPE__=long long int" -D__PTRDIFF_WIDTH__=64 -D__REGISTER_PREFIX__= -D__SCHAR_MAX__=127 -D__SEG_FS=1 -D__SEG_GS=1 -D__SHRT_MAX__=32767 -D__SHRT_WIDTH__=16 -D__SIG_ATOMIC_MAX__=2147483647 -D__SIG_ATOMIC_WIDTH__=32 -D__SIZEOF_DOUBLE__=8 -D__SIZEOF_FLOAT__=4 -D__SIZEOF_INT128__=16 -D__SIZEOF_INT__=4 -D__SIZEOF_LONG_DOUBLE__=8 -D__SIZEOF_LONG_LONG__=8 -D__SIZEOF_LONG__=4 -D__SIZEOF_POINTER__=8 -D__SIZEOF_PTRDIFF_T__=8 -D__SIZEOF_SHORT__=2 -D__SIZEOF_SIZE_T__=8 -D__SIZEOF_WCHAR_T__=2 -D__SIZEOF_WINT_T__=2 "-D__SIZE_FMTX__=\"llX\"" "-D__SIZE_FMTo__=\"llo\"" "-D__SIZE_FMTu__=\"llu\"" "-D__SIZE_FMTx__=\"llx\"" -D__SIZE_MAX__=18446744073709551615ULL "-D__SIZE_TYPE__=long long unsigned int" -D__SIZE_WIDTH__=64 -D__SSE2_MATH__=1 -D__SSE2__=1 -D__SSE_MATH__=1 -D__SSE__=1 -D__STDC_EMBED_EMPTY__=2 -D__STDC_EMBED_FOUND__=1 -D__STDC_EMBED_NOT_FOUND__=0 -D__STDC_UTF_16__=1 -D__STDC_UTF_32__=1 -D__UINT16_C(c)=c -D__UINT16_C_SUFFIX__= "-D__UINT16_FMTX__=\"hX\"" "-D__UINT16_FMTo__=\"ho\"" "-D__UINT16_FMTu__=\"hu\"" "-D__UINT16_FMTx__=\"hx\"" -D__UINT16_MAX__=65535 "-D__UINT16_TYPE__=unsigned short" -D__UINT32_C(c)=c##U -D__UINT32_C_SUFFIX__=U "-D__UINT32_FMTX__=\"X\"" "-D__UINT32_FMTo__=\"o\"" "-D__UINT32_FMTu__=\"u\"" "-D__UINT32_FMTx__=\"x\"" -D__UINT32_MAX__=4294967295U "-D__UINT32_TYPE__=unsigned int" -D__UINT64_C(c)=c##ULL -D__UINT64_C_SUFFIX__=ULL "-D__UINT64_FMTX__=\"llX\"" "-D__UINT64_FMTo__=\"llo\"" "-D__UINT64_FMTu__=\"llu\"" "-D__UINT64_FMTx__=\"llx\"" -D__UINT64_MAX__=18446744073709551615ULL "-D__UINT64_TYPE__=long long unsigned int" -D__UINT8_C(c)=c -D__UINT8_C_SUFFIX__= "-D__UINT8_FMTX__=\"hhX\"" "-D__UINT8_FMTo__=\"hho\"" "-D__UINT8_FMTu__=\"hhu\"" "-D__UINT8_FMTx__=\"hhx\"" -D__UINT8_MAX__=255 "-D__UINT8_TYPE__=unsigned char" -D__UINTMAX_C(c)=c##ULL -D__UINTMAX_C_SUFFIX__=ULL "-D__UINTMAX_FMTX__=\"llX\"" "-D__UINTMAX_FMTo__=\"llo\"" "-D__UINTMAX_FMTu__=\"llu\"" "-D__UINTMAX_FMTx__=\"llx\"" -D__UINTMAX_MAX__=18446744073709551615ULL "-D__UINTMAX_TYPE__=long long unsigned int" -D__UINTMAX_WIDTH__=64 "-D__UINTPTR_FMTX__=\"llX\"" "-D__UINTPTR_FMTo__=\"llo\"" "-D__UINTPTR_FMTu__=\"llu\"" "-D__UINTPTR_FMTx__=\"llx\"" -D__UINTPTR_MAX__=18446744073709551615ULL "-D__UINTPTR_TYPE__=long long unsigned int" -D__UINTPTR_WIDTH__=64 "-D__UINT_FAST16_FMTX__=\"hX\"" "-D__UINT_FAST16_FMTo__=\"ho\"" "-D__UINT_FAST16_FMTu__=\"hu\"" "-D__UINT_FAST16_FMTx__=\"hx\"" -D__UINT_FAST16_MAX__=65535 "-D__UINT_FAST16_TYPE__=unsigned short" "-D__UINT_FAST32_FMTX__=\"X\"" "-D__UINT_FAST32_FMTo__=\"o\"" "-D__UINT_FAST32_FMTu__=\"u\"" "-D__UINT_FAST32_FMTx__=\"x\"" -D__UINT_FAST32_MAX__=4294967295U "-D__UINT_FAST32_TYPE__=unsigned int" "-D__UINT_FAST64_FMTX__=\"llX\"" "-D__UINT_FAST64_FMTo__=\"llo\"" "-D__UINT_FAST64_FMTu__=\"llu\"" "-D__UINT_FAST64_FMTx__=\"llx\"" -D__UINT_FAST64_MAX__=18446744073709551615ULL "-D__UINT_FAST64_TYPE__=long long unsigned int" "-D__UINT_FAST8_FMTX__=\"hhX\"" "-D__UINT_FAST8_FMTo__=\"hho\"" "-D__UINT_FAST8_FMTu__=\"hhu\"" "-D__UINT_FAST8_FMTx__=\"hhx\"" -D__UINT_FAST8_MAX__=255 "-D__UINT_FAST8_TYPE__=unsigned char" "-D__UINT_LEAST16_FMTX__=\"hX\"" "-D__UINT_LEAST16_FMTo__=\"ho\"" "-D__UINT_LEAST16_FMTu__=\"hu\"" "-D__UINT_LEAST16_FMTx__=\"hx\"" -D__UINT_LEAST16_MAX__=65535 "-D__UINT_LEAST16_TYPE__=unsigned short" "-D__UINT_LEAST32_FMTX__=\"X\"" "-D__UINT_LEAST32_FMTo__=\"o\"" "-D__UINT_LEAST32_FMTu__=\"u\"" "-D__UINT_LEAST32_FMTx__=\"x\"" -D__UINT_LEAST32_MAX__=4294967295U "-D__UINT_LEAST32_TYPE__=unsigned int" "-D__UINT_LEAST64_FMTX__=\"llX\"" "-D__UINT_LEAST64_FMTo__=\"llo\"" "-D__UINT_LEAST64_FMTu__=\"llu\"" "-D__UINT_LEAST64_FMTx__=\"llx\"" -D__UINT_LEAST64_MAX__=18446744073709551615ULL "-D__UINT_LEAST64_TYPE__=long long unsigned int" "-D__UINT_LEAST8_FMTX__=\"hhX\"" "-D__UINT_LEAST8_FMTo__=\"hho\"" "-D__UINT_LEAST8_FMTu__=\"hhu\"" "-D__UINT_LEAST8_FMTx__=\"hhx\"" -D__UINT_LEAST8_MAX__=255 "-D__UINT_LEAST8_TYPE__=unsigned char" -D__USER_LABEL_PREFIX__= "-D__VERSION__=\"Clang 22.1.2 (https://github.com/llvm/llvm-project 1ab49a973e210e97d61e5db6557180dcb92c3e98)\"" -D__WCHAR_MAX__=65535 "-D__WCHAR_TYPE__=unsigned short" -D__WCHAR_UNSIGNED__=1 -D__WCHAR_WIDTH__=16 -D__WINT_MAX__=65535 "-D__WINT_TYPE__=unsigned short" -D__WINT_UNSIGNED__=1 -D__WINT_WIDTH__=16 -D__amd64=1 -D__amd64__=1 -D__clang__=1 "-D__clang_literal_encoding__=\"UTF-8\"" -D__clang_major__=22 -D__clang_minor__=1 -D__clang_patchlevel__=2 "-D__clang_version__=\"22.1.2 (https://github.com/llvm/llvm-project 1ab49a973e210e97d61e5db6557180dcb92c3e98)\"" "-D__clang_wide_literal_encoding__=\"UTF-16\"" -D__code_model_small__=1 -D__k8=1 -D__k8__=1 -D__llvm__=1 -D__pic__=2 -D__seg_fs=__attribute__((address_space(257))) -D__seg_gs=__attribute__((address_space(256))) -D__tune_k8__=1 -D__x86_64=1 -D__x86_64__=1 "-D__private_extern__=extern __attribute__((visibility(\"hidden\")))" "-IC:\Program Files\LLVM\lib\clang\22\include" "-IC:\Program Files (x86)\Microsoft Visual Studio\18\BuildTools\VC\Tools\MSVC\14.50.35717\include" "-IC:\Program Files (x86)\Windows Kits\10\Include\10.0.26100.0\ucrt" "-IC:\Program Files (x86)\Windows Kits\10\Include\10.0.26100.0\shared" "-IC:\Program Files (x86)\Windows Kits\10\Include\10.0.26100.0\um" "-IC:\Program Files (x86)\Windows Kits\10\Include\10.0.26100.0\winrt" "-IC:\Program Files (x86)\Windows Kits\10\Include\10.0.26100.0\cppwinrt" -- C:\Users\user\Desktop\lab_doc\harmc\bad_example.c
[E 03:54:49 9296] CODEQL_EXTRACTOR_CPP_TRAP_CACHING is not set
[E 03:54:49 9296] CODEQL_EXTRACTOR_CPP_OPTION_TRAP_CACHE_WRITE is not set
[E 03:54:49 9296] CODEQL_EXTRACTOR_CPP_OPTION_TRAP_CACHE_DIR is not set
[E 03:54:49 9296] Initialising TRAP cache at path: \\?\C:\Users\user\Desktop\lab_doc\harmc\7a\04e1\e1b92f06114fb584537c53a02129
[E 03:54:49 9296] Not using TRAP cache
[E 03:54:49 9296] TRAP cache miss
[E 03:54:49 9296] Starting compilation TRAP C:\Users\user\Desktop\lab_doc\harmc\codeql-db\trap\cpp/compilations/24/48640017_0.trap.zst
[E 03:54:49 9296] Archiving C:\Users\user\Desktop\lab_doc\harmc\codeql-db\src/C_/Users/user/Desktop/lab_doc/harmc/bad_example.c
[E 03:54:49 9296] Archiving C:\Users\user\Desktop\lab_doc\harmc\codeql-db\src/C_/Program Files (x86)/Windows Kits/10/Include/10.0.26100.0/ucrt/stdio.h
[E 03:54:49 9296] Archiving C:\Users\user\Desktop\lab_doc\harmc\codeql-db\src/C_/Program Files (x86)/Windows Kits/10/Include/10.0.26100.0/ucrt/corecrt.h
[E 03:54:49 9296] Archiving C:\Users\user\Desktop\lab_doc\harmc\codeql-db\src/C_/Program Files (x86)/Microsoft Visual Studio/18/BuildTools/VC/Tools/MSVC/14.50.35717/include/vcruntime.h
[E 03:54:49 9296] Archiving C:\Users\user\Desktop\lab_doc\harmc\codeql-db\src/C_/Program Files (x86)/Microsoft Visual Studio/18/BuildTools/VC/Tools/MSVC/14.50.35717/include/sal.h
[E 03:54:49 9296] Archiving C:\Users\user\Desktop\lab_doc\harmc\codeql-db\src/C_/Program Files (x86)/Microsoft Visual Studio/18/BuildTools/VC/Tools/MSVC/14.50.35717/include/concurrencysal.h
[E 03:54:49 9296] Archiving C:\Users\user\Desktop\lab_doc\harmc\codeql-db\src/C_/Program Files/LLVM/lib/clang/22/include/vadefs.h
[E 03:54:49 9296] Archiving C:\Users\user\Desktop\lab_doc\harmc\codeql-db\src/C_/Program Files (x86)/Microsoft Visual Studio/18/BuildTools/VC/Tools/MSVC/14.50.35717/include/vadefs.h
[E 03:54:49 9296] Archiving C:\Users\user\Desktop\lab_doc\harmc\codeql-db\src/C_/Program Files (x86)/Windows Kits/10/Include/10.0.26100.0/ucrt/corecrt_wstdio.h
[E 03:54:49 9296] Archiving C:\Users\user\Desktop\lab_doc\harmc\codeql-db\src/C_/Program Files (x86)/Windows Kits/10/Include/10.0.26100.0/ucrt/corecrt_stdio_config.h
[E 03:54:49 9296] Warning[extractor-c++]: In emit_platform_diagnostic: Failed to rename diagnostic file from 'C:\Users\user\Desktop\lab_doc\harmc\codeql-db\diagnostic\extractors\cpp\platform.11263779078285517235.jsonl.9296' to 'C:\Users\user\Desktop\lab_doc\harmc\codeql-db\diagnostic\extractors\cpp\platform.11263779078285517235.jsonl': 另一个程序正在使用此文件，进程无法访问。
[E 03:54:49 9296] Creating trap tarball C:\Users\user\Desktop\lab_doc\harmc\codeql-db\trap\cpp/tarballs/C_/Users/user/Desktop/lab_doc/harmc/bad_example.c.5e97c9e7_0.trap.tar.zst
[E 03:54:49 9296] Emitting trap files for C:\Users\user\Desktop\lab_doc\harmc\bad_example.c
[E 03:54:49 9296] Opening existencedb in \\?\C:\Users\user\Desktop\lab_doc\harmc\codeql-db\working\existencedb\db
[E 03:54:49 9296] Wrote 11 files to C:\Users\user\Desktop\lab_doc\harmc\codeql-db\trap\cpp/tarballs/C_/Users/user/Desktop/lab_doc/harmc/bad_example.c.5e97c9e7_0.trap.tar.zst
[E 03:54:49 9296] Finished compilation TRAP C:\Users\user\Desktop\lab_doc\harmc\codeql-db\trap\cpp/compilations/24/48640017_0.trap.zst
[E 03:54:49 9296] Marking C compilation as happened.
[E 03:54:49 9296] Setting tag c-compilation-happened
[E 03:54:49 9296] Starting from CODEQL_TRACER_DB_ID 8BAD7DA900002878_0000000000000001
[E 03:54:49 9296] Locking DB C:\Users\user\Desktop\lab_doc\harmc\codeql-db\working/tags.db
[E 03:54:49 9296] Locked DB C:\Users\user\Desktop\lab_doc\harmc\codeql-db\working/tags.db
[E 03:54:49 9296] Set tag for 8BAD7DA900002878_0000000000000001
[E 03:54:49 9296] Set tag for 6628EC8D0000868C_0000000000000001
[E 03:54:49 9296] Set tag for C6DE15E600007474_0000000000000001
[E 03:54:49 9296] Set tag for A4DE30E3000059CC_0000000000000001
[E 03:54:49 9296] Unlocking DB
[E 03:54:49 9296] Unlocked DB
[E 03:54:49 9296] Extractor exited successfully
[T 03:54:49 10360] Allocated ID FB48CFD200002878_0000000000000001 (parent 6628EC8D0000868C_0000000000000001)
[T 03:54:49 10360] ==== Candidate to intercept: C:\Program Files\LLVM\bin\clang.exe (13108) ====
[T 03:54:49 10360] Lua: === Intercepted call to c:\program files\llvm\bin\clang.exe ===
[T 03:54:49 10360] Executing the following tracer actions:
[T 03:54:49 10360] Tracer actions:
[T 03:54:49 10360] pre_invocations(0)
[T 03:54:49 10360] post_invocations(1)
[T 03:54:49 10360] invocation: F:\qltool\codeql\cpp\tools\win64\extractor.exe, args: --mimic "c:\program files\llvm\bin\clang.exe" -c C:\Users\user\Desktop\lab_doc\harmc\bufff_overflow.c -o bufff_overflow.obj
[T 03:54:49 10360] trace_languages(1): [cpp]
[E 03:54:50 5548] CodeQL C/C++ Extractor 2.25.3
[E 03:54:50 5548] Current directory: C:\Users\user\Desktop\lab_doc\harmc
[E 03:54:50 5548] Command: F:\qltool\codeql\cpp\tools\win64\extractor.exe --mimic "c:\program files\llvm\bin\clang.exe" -c C:\Users\user\Desktop\lab_doc\harmc\bufff_overflow.c -o bufff_overflow.obj
[E 03:54:50 5548] Checking whether C compilation already happened.
[E 03:54:50 5548] Checking for tag c-compilation-happened
[E 03:54:50 5548] Checking CODEQL_TRACER_DB_ID FB48CFD200002878_0000000000000001
[E 03:54:50 5548] Locking DB C:\Users\user\Desktop\lab_doc\harmc\codeql-db\working/tags.db
[E 03:54:50 5548] Locked DB C:\Users\user\Desktop\lab_doc\harmc\codeql-db\working/tags.db
[E 03:54:50 5548] Unlocking DB
[E 03:54:50 5548] Unlocked DB
[E 03:54:50 5548] Looks like C compilation didn't already happen.
[E 03:54:50 5548] Checking whether C compilation has been attempted.
[E 03:54:50 5548] Checking for tag c-compilation-attempted
[E 03:54:50 5548] Checking CODEQL_TRACER_DB_ID FB48CFD200002878_0000000000000001
[E 03:54:50 5548] Locking DB C:\Users\user\Desktop\lab_doc\harmc\codeql-db\working/tags.db
[E 03:54:50 5548] Locked DB C:\Users\user\Desktop\lab_doc\harmc\codeql-db\working/tags.db
[E 03:54:50 5548] Unlocking DB
[E 03:54:50 5548] Unlocked DB
[E 03:54:50 5548] Marking C compilation as attempted.
[E 03:54:50 5548] Setting tag c-compilation-attempted
[E 03:54:50 5548] Starting from CODEQL_TRACER_DB_ID FB48CFD200002878_0000000000000001
[E 03:54:50 5548] Locking DB C:\Users\user\Desktop\lab_doc\harmc\codeql-db\working/tags.db
[E 03:54:50 5548] Locked DB C:\Users\user\Desktop\lab_doc\harmc\codeql-db\working/tags.db
[E 03:54:50 5548] Set tag for FB48CFD200002878_0000000000000001
[E 03:54:50 5548] Set tag for 6628EC8D0000868C_0000000000000001
[E 03:54:50 5548] Set tag for C6DE15E600007474_0000000000000001
[E 03:54:50 5548] Set tag for A4DE30E3000059CC_0000000000000001
[E 03:54:50 5548] Unlocking DB
[E 03:54:50 5548] Unlocked DB
[E 03:54:50 5548] Processed command line: F:\qltool\codeql\cpp\tools\win64\extractor.exe --trapfolder C:\Users\user\Desktop\lab_doc\harmc\codeql-db\trap\cpp --src_archive C:\Users\user\Desktop\lab_doc\harmc\codeql-db\src --object_filename bufff_overflow.obj --no_warnings_and_discretionary_errors --error_limit 1000 --disable_system_macros --variadic_macros --incognito --gcc --ms_compatibility --clang_version 220102 --microsoft_version 1950 --gnu_version 40801 --has_feature_vector 11111111111111110000000000000000000000000000000000000000000000000000011 --clang --target win64 -D_CRT_USE_BUILTIN_OFFSETOF=1 -D_INTEGRAL_MAX_BITS=64 -D_MSC_BUILD=1 -D_MSC_EXTENSIONS=1 -D_MSC_FULL_VER=195035728 -D_MSC_VER=1950 -D_MSVC_CONSTEXPR_ATTRIBUTE=1 -D_MSVC_EXECUTION_CHARACTER_SET=65001 -D_M_AMD64=100 -D_M_FP_CONTRACT=1 -D_M_FP_PRECISE=1 -D_M_X64=100 -D_WIN32=1 -D_WIN64=1 -D__ATOMIC_ACQUIRE=2 -D__ATOMIC_ACQ_REL=4 -D__ATOMIC_CONSUME=1 -D__ATOMIC_RELAXED=0 -D__ATOMIC_RELEASE=3 -D__ATOMIC_SEQ_CST=5 -D__BIGGEST_ALIGNMENT__=16 -D__BITINT_MAXWIDTH__=8388608 -D__BOOL_WIDTH__=1 -D__BYTE_ORDER__=__ORDER_LITTLE_ENDIAN__ -D__CHAR_BIT__=8 -D__CLANG_ATOMIC_BOOL_LOCK_FREE=2 -D__CLANG_ATOMIC_CHAR16_T_LOCK_FREE=2 -D__CLANG_ATOMIC_CHAR32_T_LOCK_FREE=2 -D__CLANG_ATOMIC_CHAR_LOCK_FREE=2 -D__CLANG_ATOMIC_INT_LOCK_FREE=2 -D__CLANG_ATOMIC_LLONG_LOCK_FREE=2 -D__CLANG_ATOMIC_LONG_LOCK_FREE=2 -D__CLANG_ATOMIC_POINTER_LOCK_FREE=2 -D__CLANG_ATOMIC_SHORT_LOCK_FREE=2 -D__CLANG_ATOMIC_WCHAR_T_LOCK_FREE=2 -D__CONSTANT_CFSTRINGS__=1 -D__DBL_DECIMAL_DIG__=17 -D__DBL_DENORM_MIN__=4.9406564584124654e-324 -D__DBL_DIG__=15 -D__DBL_EPSILON__=2.2204460492503131e-16 -D__DBL_HAS_DENORM__=1 -D__DBL_HAS_INFINITY__=1 -D__DBL_HAS_QUIET_NAN__=1 -D__DBL_MANT_DIG__=53 -D__DBL_MAX_10_EXP__=308 -D__DBL_MAX_EXP__=1024 -D__DBL_MAX__=1.7976931348623157e+308 -D__DBL_MIN_10_EXP__=(-307) -D__DBL_MIN_EXP__=(-1021) -D__DBL_MIN__=2.2250738585072014e-308 -D__DBL_NORM_MAX__=1.7976931348623157e+308 -D__DECIMAL_DIG__=__LDBL_DECIMAL_DIG__ -D__FINITE_MATH_ONLY__=0 -D__FLT16_DECIMAL_DIG__=5 -D__FLT16_DENORM_MIN__=5.9604644775390625e-8F16 -D__FLT16_DIG__=3 -D__FLT16_EPSILON__=9.765625e-4F16 -D__FLT16_HAS_DENORM__=1 -D__FLT16_HAS_INFINITY__=1 -D__FLT16_HAS_QUIET_NAN__=1 -D__FLT16_MANT_DIG__=11 -D__FLT16_MAX_10_EXP__=4 -D__FLT16_MAX_EXP__=16 -D__FLT16_MAX__=6.5504e+4F16 -D__FLT16_MIN_10_EXP__=(-4) -D__FLT16_MIN_EXP__=(-13) -D__FLT16_MIN__=6.103515625e-5F16 -D__FLT16_NORM_MAX__=6.5504e+4F16 -D__FLT_DECIMAL_DIG__=9 -D__FLT_DENORM_MIN__=1.40129846e-45F -D__FLT_DIG__=6 -D__FLT_EPSILON__=1.19209290e-7F -D__FLT_HAS_DENORM__=1 -D__FLT_HAS_INFINITY__=1 -D__FLT_HAS_QUIET_NAN__=1 -D__FLT_MANT_DIG__=24 -D__FLT_MAX_10_EXP__=38 -D__FLT_MAX_EXP__=128 -D__FLT_MAX__=3.40282347e+38F -D__FLT_MIN_10_EXP__=(-37) -D__FLT_MIN_EXP__=(-125) -D__FLT_MIN__=1.17549435e-38F -D__FLT_NORM_MAX__=3.40282347e+38F -D__FLT_RADIX__=2 -D__FPCLASS_NEGINF=0x0004 -D__FPCLASS_NEGNORMAL=0x0008 -D__FPCLASS_NEGSUBNORMAL=0x0010 -D__FPCLASS_NEGZERO=0x0020 -D__FPCLASS_POSINF=0x0200 -D__FPCLASS_POSNORMAL=0x0100 -D__FPCLASS_POSSUBNORMAL=0x0080 -D__FPCLASS_POSZERO=0x0040 -D__FPCLASS_QNAN=0x0002 -D__FPCLASS_SNAN=0x0001 -D__FXSR__=1 -D__GCC_ASM_FLAG_OUTPUTS__=1 -D__GCC_CONSTRUCTIVE_SIZE=64 -D__GCC_DESTRUCTIVE_SIZE=64 -D__GCC_HAVE_SYNC_COMPARE_AND_SWAP_1=1 -D__GCC_HAVE_SYNC_COMPARE_AND_SWAP_2=1 -D__GCC_HAVE_SYNC_COMPARE_AND_SWAP_4=1 -D__GCC_HAVE_SYNC_COMPARE_AND_SWAP_8=1 -D__INT16_C(c)=c -D__INT16_C_SUFFIX__= "-D__INT16_FMTd__=\"hd\"" "-D__INT16_FMTi__=\"hi\"" -D__INT16_MAX__=32767 -D__INT16_TYPE__=short -D__INT32_C(c)=c -D__INT32_C_SUFFIX__= "-D__INT32_FMTd__=\"d\"" "-D__INT32_FMTi__=\"i\"" -D__INT32_MAX__=2147483647 -D__INT32_TYPE__=int -D__INT64_C(c)=c##LL -D__INT64_C_SUFFIX__=LL "-D__INT64_FMTd__=\"lld\"" "-D__INT64_FMTi__=\"lli\"" -D__INT64_MAX__=9223372036854775807LL "-D__INT64_TYPE__=long long int" -D__INT8_C(c)=c -D__INT8_C_SUFFIX__= "-D__INT8_FMTd__=\"hhd\"" "-D__INT8_FMTi__=\"hhi\"" -D__INT8_MAX__=127 "-D__INT8_TYPE__=signed char" -D__INTMAX_C(c)=c##LL -D__INTMAX_C_SUFFIX__=LL "-D__INTMAX_FMTd__=\"lld\"" "-D__INTMAX_FMTi__=\"lli\"" -D__INTMAX_MAX__=9223372036854775807LL "-D__INTMAX_TYPE__=long long int" -D__INTMAX_WIDTH__=64 "-D__INTPTR_FMTd__=\"lld\"" "-D__INTPTR_FMTi__=\"lli\"" -D__INTPTR_MAX__=9223372036854775807LL "-D__INTPTR_TYPE__=long long int" -D__INTPTR_WIDTH__=64 "-D__INT_FAST16_FMTd__=\"hd\"" "-D__INT_FAST16_FMTi__=\"hi\"" -D__INT_FAST16_MAX__=32767 -D__INT_FAST16_TYPE__=short -D__INT_FAST16_WIDTH__=16 "-D__INT_FAST32_FMTd__=\"d\"" "-D__INT_FAST32_FMTi__=\"i\"" -D__INT_FAST32_MAX__=2147483647 -D__INT_FAST32_TYPE__=int -D__INT_FAST32_WIDTH__=32 "-D__INT_FAST64_FMTd__=\"lld\"" "-D__INT_FAST64_FMTi__=\"lli\"" -D__INT_FAST64_MAX__=9223372036854775807LL "-D__INT_FAST64_TYPE__=long long int" -D__INT_FAST64_WIDTH__=64 "-D__INT_FAST8_FMTd__=\"hhd\"" "-D__INT_FAST8_FMTi__=\"hhi\"" -D__INT_FAST8_MAX__=127 "-D__INT_FAST8_TYPE__=signed char" -D__INT_FAST8_WIDTH__=8 "-D__INT_LEAST16_FMTd__=\"hd\"" "-D__INT_LEAST16_FMTi__=\"hi\"" -D__INT_LEAST16_MAX__=32767 -D__INT_LEAST16_TYPE__=short -D__INT_LEAST16_WIDTH__=16 "-D__INT_LEAST32_FMTd__=\"d\"" "-D__INT_LEAST32_FMTi__=\"i\"" -D__INT_LEAST32_MAX__=2147483647 -D__INT_LEAST32_TYPE__=int -D__INT_LEAST32_WIDTH__=32 "-D__INT_LEAST64_FMTd__=\"lld\"" "-D__INT_LEAST64_FMTi__=\"lli\"" -D__INT_LEAST64_MAX__=9223372036854775807LL "-D__INT_LEAST64_TYPE__=long long int" -D__INT_LEAST64_WIDTH__=64 "-D__INT_LEAST8_FMTd__=\"hhd\"" "-D__INT_LEAST8_FMTi__=\"hhi\"" -D__INT_LEAST8_MAX__=127 "-D__INT_LEAST8_TYPE__=signed char" -D__INT_LEAST8_WIDTH__=8 -D__INT_MAX__=2147483647 -D__INT_WIDTH__=32 -D__LDBL_DECIMAL_DIG__=17 -D__LDBL_DENORM_MIN__=4.9406564584124654e-324L -D__LDBL_DIG__=15 -D__LDBL_EPSILON__=2.2204460492503131e-16L -D__LDBL_HAS_DENORM__=1 -D__LDBL_HAS_INFINITY__=1 -D__LDBL_HAS_QUIET_NAN__=1 -D__LDBL_MANT_DIG__=53 -D__LDBL_MAX_10_EXP__=308 -D__LDBL_MAX_EXP__=1024 -D__LDBL_MAX__=1.7976931348623157e+308L -D__LDBL_MIN_10_EXP__=(-307) -D__LDBL_MIN_EXP__=(-1021) -D__LDBL_MIN__=2.2250738585072014e-308L -D__LDBL_NORM_MAX__=1.7976931348623157e+308L -D__LITTLE_ENDIAN__=1 -D__LLONG_WIDTH__=64 -D__LONG_LONG_MAX__=9223372036854775807LL -D__LONG_MAX__=2147483647L -D__LONG_WIDTH__=32 -D__MEMORY_SCOPE_CLUSTR=5 -D__MEMORY_SCOPE_DEVICE=1 -D__MEMORY_SCOPE_SINGLE=4 -D__MEMORY_SCOPE_SYSTEM=0 -D__MEMORY_SCOPE_WRKGRP=2 -D__MEMORY_SCOPE_WVFRNT=3 -D__MMX__=1 -D__NO_INLINE__=1 -D__NO_MATH_INLINES=1 -D__OBJC_BOOL_IS_BOOL=0 -D__OPENCL_MEMORY_SCOPE_ALL_SVM_DEVICES=3 -D__OPENCL_MEMORY_SCOPE_DEVICE=2 -D__OPENCL_MEMORY_SCOPE_SUB_GROUP=4 -D__OPENCL_MEMORY_SCOPE_WORK_GROUP=1 -D__OPENCL_MEMORY_SCOPE_WORK_ITEM=0 -D__ORDER_BIG_ENDIAN__=4321 -D__ORDER_LITTLE_ENDIAN__=1234 -D__ORDER_PDP_ENDIAN__=3412 -D__PIC__=2 -D__POINTER_WIDTH__=64 -D__PRAGMA_REDEFINE_EXTNAME=1 "-D__PTRDIFF_FMTd__=\"lld\"" "-D__PTRDIFF_FMTi__=\"lli\"" -D__PTRDIFF_MAX__=9223372036854775807LL "-D__PTRDIFF_TYPE__=long long int" -D__PTRDIFF_WIDTH__=64 -D__REGISTER_PREFIX__= -D__SCHAR_MAX__=127 -D__SEG_FS=1 -D__SEG_GS=1 -D__SHRT_MAX__=32767 -D__SHRT_WIDTH__=16 -D__SIG_ATOMIC_MAX__=2147483647 -D__SIG_ATOMIC_WIDTH__=32 -D__SIZEOF_DOUBLE__=8 -D__SIZEOF_FLOAT__=4 -D__SIZEOF_INT128__=16 -D__SIZEOF_INT__=4 -D__SIZEOF_LONG_DOUBLE__=8 -D__SIZEOF_LONG_LONG__=8 -D__SIZEOF_LONG__=4 -D__SIZEOF_POINTER__=8 -D__SIZEOF_PTRDIFF_T__=8 -D__SIZEOF_SHORT__=2 -D__SIZEOF_SIZE_T__=8 -D__SIZEOF_WCHAR_T__=2 -D__SIZEOF_WINT_T__=2 "-D__SIZE_FMTX__=\"llX\"" "-D__SIZE_FMTo__=\"llo\"" "-D__SIZE_FMTu__=\"llu\"" "-D__SIZE_FMTx__=\"llx\"" -D__SIZE_MAX__=18446744073709551615ULL "-D__SIZE_TYPE__=long long unsigned int" -D__SIZE_WIDTH__=64 -D__SSE2_MATH__=1 -D__SSE2__=1 -D__SSE_MATH__=1 -D__SSE__=1 -D__STDC_EMBED_EMPTY__=2 -D__STDC_EMBED_FOUND__=1 -D__STDC_EMBED_NOT_FOUND__=0 -D__STDC_UTF_16__=1 -D__STDC_UTF_32__=1 -D__UINT16_C(c)=c -D__UINT16_C_SUFFIX__= "-D__UINT16_FMTX__=\"hX\"" "-D__UINT16_FMTo__=\"ho\"" "-D__UINT16_FMTu__=\"hu\"" "-D__UINT16_FMTx__=\"hx\"" -D__UINT16_MAX__=65535 "-D__UINT16_TYPE__=unsigned short" -D__UINT32_C(c)=c##U -D__UINT32_C_SUFFIX__=U "-D__UINT32_FMTX__=\"X\"" "-D__UINT32_FMTo__=\"o\"" "-D__UINT32_FMTu__=\"u\"" "-D__UINT32_FMTx__=\"x\"" -D__UINT32_MAX__=4294967295U "-D__UINT32_TYPE__=unsigned int" -D__UINT64_C(c)=c##ULL -D__UINT64_C_SUFFIX__=ULL "-D__UINT64_FMTX__=\"llX\"" "-D__UINT64_FMTo__=\"llo\"" "-D__UINT64_FMTu__=\"llu\"" "-D__UINT64_FMTx__=\"llx\"" -D__UINT64_MAX__=18446744073709551615ULL "-D__UINT64_TYPE__=long long unsigned int" -D__UINT8_C(c)=c -D__UINT8_C_SUFFIX__= "-D__UINT8_FMTX__=\"hhX\"" "-D__UINT8_FMTo__=\"hho\"" "-D__UINT8_FMTu__=\"hhu\"" "-D__UINT8_FMTx__=\"hhx\"" -D__UINT8_MAX__=255 "-D__UINT8_TYPE__=unsigned char" -D__UINTMAX_C(c)=c##ULL -D__UINTMAX_C_SUFFIX__=ULL "-D__UINTMAX_FMTX__=\"llX\"" "-D__UINTMAX_FMTo__=\"llo\"" "-D__UINTMAX_FMTu__=\"llu\"" "-D__UINTMAX_FMTx__=\"llx\"" -D__UINTMAX_MAX__=18446744073709551615ULL "-D__UINTMAX_TYPE__=long long unsigned int" -D__UINTMAX_WIDTH__=64 "-D__UINTPTR_FMTX__=\"llX\"" "-D__UINTPTR_FMTo__=\"llo\"" "-D__UINTPTR_FMTu__=\"llu\"" "-D__UINTPTR_FMTx__=\"llx\"" -D__UINTPTR_MAX__=18446744073709551615ULL "-D__UINTPTR_TYPE__=long long unsigned int" -D__UINTPTR_WIDTH__=64 "-D__UINT_FAST16_FMTX__=\"hX\"" "-D__UINT_FAST16_FMTo__=\"ho\"" "-D__UINT_FAST16_FMTu__=\"hu\"" "-D__UINT_FAST16_FMTx__=\"hx\"" -D__UINT_FAST16_MAX__=65535 "-D__UINT_FAST16_TYPE__=unsigned short" "-D__UINT_FAST32_FMTX__=\"X\"" "-D__UINT_FAST32_FMTo__=\"o\"" "-D__UINT_FAST32_FMTu__=\"u\"" "-D__UINT_FAST32_FMTx__=\"x\"" -D__UINT_FAST32_MAX__=4294967295U "-D__UINT_FAST32_TYPE__=unsigned int" "-D__UINT_FAST64_FMTX__=\"llX\"" "-D__UINT_FAST64_FMTo__=\"llo\"" "-D__UINT_FAST64_FMTu__=\"llu\"" "-D__UINT_FAST64_FMTx__=\"llx\"" -D__UINT_FAST64_MAX__=18446744073709551615ULL "-D__UINT_FAST64_TYPE__=long long unsigned int" "-D__UINT_FAST8_FMTX__=\"hhX\"" "-D__UINT_FAST8_FMTo__=\"hho\"" "-D__UINT_FAST8_FMTu__=\"hhu\"" "-D__UINT_FAST8_FMTx__=\"hhx\"" -D__UINT_FAST8_MAX__=255 "-D__UINT_FAST8_TYPE__=unsigned char" "-D__UINT_LEAST16_FMTX__=\"hX\"" "-D__UINT_LEAST16_FMTo__=\"ho\"" "-D__UINT_LEAST16_FMTu__=\"hu\"" "-D__UINT_LEAST16_FMTx__=\"hx\"" -D__UINT_LEAST16_MAX__=65535 "-D__UINT_LEAST16_TYPE__=unsigned short" "-D__UINT_LEAST32_FMTX__=\"X\"" "-D__UINT_LEAST32_FMTo__=\"o\"" "-D__UINT_LEAST32_FMTu__=\"u\"" "-D__UINT_LEAST32_FMTx__=\"x\"" -D__UINT_LEAST32_MAX__=4294967295U "-D__UINT_LEAST32_TYPE__=unsigned int" "-D__UINT_LEAST64_FMTX__=\"llX\"" "-D__UINT_LEAST64_FMTo__=\"llo\"" "-D__UINT_LEAST64_FMTu__=\"llu\"" "-D__UINT_LEAST64_FMTx__=\"llx\"" -D__UINT_LEAST64_MAX__=18446744073709551615ULL "-D__UINT_LEAST64_TYPE__=long long unsigned int" "-D__UINT_LEAST8_FMTX__=\"hhX\"" "-D__UINT_LEAST8_FMTo__=\"hho\"" "-D__UINT_LEAST8_FMTu__=\"hhu\"" "-D__UINT_LEAST8_FMTx__=\"hhx\"" -D__UINT_LEAST8_MAX__=255 "-D__UINT_LEAST8_TYPE__=unsigned char" -D__USER_LABEL_PREFIX__= "-D__VERSION__=\"Clang 22.1.2 (https://github.com/llvm/llvm-project 1ab49a973e210e97d61e5db6557180dcb92c3e98)\"" -D__WCHAR_MAX__=65535 "-D__WCHAR_TYPE__=unsigned short" -D__WCHAR_UNSIGNED__=1 -D__WCHAR_WIDTH__=16 -D__WINT_MAX__=65535 "-D__WINT_TYPE__=unsigned short" -D__WINT_UNSIGNED__=1 -D__WINT_WIDTH__=16 -D__amd64=1 -D__amd64__=1 -D__clang__=1 "-D__clang_literal_encoding__=\"UTF-8\"" -D__clang_major__=22 -D__clang_minor__=1 -D__clang_patchlevel__=2 "-D__clang_version__=\"22.1.2 (https://github.com/llvm/llvm-project 1ab49a973e210e97d61e5db6557180dcb92c3e98)\"" "-D__clang_wide_literal_encoding__=\"UTF-16\"" -D__code_model_small__=1 -D__k8=1 -D__k8__=1 -D__llvm__=1 -D__pic__=2 -D__seg_fs=__attribute__((address_space(257))) -D__seg_gs=__attribute__((address_space(256))) -D__tune_k8__=1 -D__x86_64=1 -D__x86_64__=1 "-D__private_extern__=extern __attribute__((visibility(\"hidden\")))" "-IC:\Program Files\LLVM\lib\clang\22\include" "-IC:\Program Files (x86)\Microsoft Visual Studio\18\BuildTools\VC\Tools\MSVC\14.50.35717\include" "-IC:\Program Files (x86)\Windows Kits\10\Include\10.0.26100.0\ucrt" "-IC:\Program Files (x86)\Windows Kits\10\Include\10.0.26100.0\shared" "-IC:\Program Files (x86)\Windows Kits\10\Include\10.0.26100.0\um" "-IC:\Program Files (x86)\Windows Kits\10\Include\10.0.26100.0\winrt" "-IC:\Program Files (x86)\Windows Kits\10\Include\10.0.26100.0\cppwinrt" -- C:\Users\user\Desktop\lab_doc\harmc\bufff_overflow.c
[E 03:54:50 5548] CODEQL_EXTRACTOR_CPP_TRAP_CACHING is not set
[E 03:54:50 5548] CODEQL_EXTRACTOR_CPP_OPTION_TRAP_CACHE_WRITE is not set
[E 03:54:50 5548] CODEQL_EXTRACTOR_CPP_OPTION_TRAP_CACHE_DIR is not set
[E 03:54:50 5548] Initialising TRAP cache at path: \\?\C:\Users\user\Desktop\lab_doc\harmc\ad\1cb7\b77d4e7d80217fe1878258209864
[E 03:54:50 5548] Not using TRAP cache
[E 03:54:50 5548] TRAP cache miss
[E 03:54:50 5548] Starting compilation TRAP C:\Users\user\Desktop\lab_doc\harmc\codeql-db\trap\cpp/compilations/11/27462117_0.trap.zst
[E 03:54:50 5548] Archiving C:\Users\user\Desktop\lab_doc\harmc\codeql-db\src/C_/Users/user/Desktop/lab_doc/harmc/bufff_overflow.c
[E 03:54:50 5548] Archiving C:\Users\user\Desktop\lab_doc\harmc\codeql-db\src/C_/Program Files (x86)/Windows Kits/10/Include/10.0.26100.0/ucrt/stdlib.h
[E 03:54:50 5548] Already archived C:\Users\user\Desktop\lab_doc\harmc\codeql-db\src/C_/Program Files (x86)/Windows Kits/10/Include/10.0.26100.0/ucrt/corecrt.h
[E 03:54:50 5548] Already archived C:\Users\user\Desktop\lab_doc\harmc\codeql-db\src/C_/Program Files (x86)/Microsoft Visual Studio/18/BuildTools/VC/Tools/MSVC/14.50.35717/include/vcruntime.h
[E 03:54:50 5548] Already archived C:\Users\user\Desktop\lab_doc\harmc\codeql-db\src/C_/Program Files (x86)/Microsoft Visual Studio/18/BuildTools/VC/Tools/MSVC/14.50.35717/include/sal.h
[E 03:54:50 5548] Already archived C:\Users\user\Desktop\lab_doc\harmc\codeql-db\src/C_/Program Files (x86)/Microsoft Visual Studio/18/BuildTools/VC/Tools/MSVC/14.50.35717/include/concurrencysal.h
[E 03:54:50 5548] Already archived C:\Users\user\Desktop\lab_doc\harmc\codeql-db\src/C_/Program Files/LLVM/lib/clang/22/include/vadefs.h
[E 03:54:50 5548] Already archived C:\Users\user\Desktop\lab_doc\harmc\codeql-db\src/C_/Program Files (x86)/Microsoft Visual Studio/18/BuildTools/VC/Tools/MSVC/14.50.35717/include/vadefs.h
[E 03:54:50 5548] Archiving C:\Users\user\Desktop\lab_doc\harmc\codeql-db\src/C_/Program Files (x86)/Windows Kits/10/Include/10.0.26100.0/ucrt/corecrt_malloc.h
[E 03:54:50 5548] Archiving C:\Users\user\Desktop\lab_doc\harmc\codeql-db\src/C_/Program Files (x86)/Windows Kits/10/Include/10.0.26100.0/ucrt/corecrt_search.h
[E 03:54:50 5548] Archiving C:\Users\user\Desktop\lab_doc\harmc\codeql-db\src/C_/Program Files/LLVM/lib/clang/22/include/stddef.h
[E 03:54:50 5548] Archiving C:\Users\user\Desktop\lab_doc\harmc\codeql-db\src/C_/Program Files/LLVM/lib/clang/22/include/__stddef_header_macro.h
[E 03:54:50 5548] Archiving C:\Users\user\Desktop\lab_doc\harmc\codeql-db\src/C_/Program Files/LLVM/lib/clang/22/include/__stddef_ptrdiff_t.h
[E 03:54:50 5548] Archiving C:\Users\user\Desktop\lab_doc\harmc\codeql-db\src/C_/Program Files/LLVM/lib/clang/22/include/__stddef_size_t.h
[E 03:54:50 5548] Archiving C:\Users\user\Desktop\lab_doc\harmc\codeql-db\src/C_/Program Files/LLVM/lib/clang/22/include/__stddef_wchar_t.h
[E 03:54:50 5548] Archiving C:\Users\user\Desktop\lab_doc\harmc\codeql-db\src/C_/Program Files/LLVM/lib/clang/22/include/__stddef_null.h
[E 03:54:50 5548] Archiving C:\Users\user\Desktop\lab_doc\harmc\codeql-db\src/C_/Program Files/LLVM/lib/clang/22/include/__stddef_max_align_t.h
[E 03:54:50 5548] Archiving C:\Users\user\Desktop\lab_doc\harmc\codeql-db\src/C_/Program Files/LLVM/lib/clang/22/include/__stddef_offsetof.h
[E 03:54:50 5548] Archiving C:\Users\user\Desktop\lab_doc\harmc\codeql-db\src/C_/Program Files (x86)/Windows Kits/10/Include/10.0.26100.0/ucrt/corecrt_wstdlib.h
[E 03:54:50 5548] Archiving C:\Users\user\Desktop\lab_doc\harmc\codeql-db\src/C_/Program Files/LLVM/lib/clang/22/include/limits.h
[E 03:54:50 5548] Archiving C:\Users\user\Desktop\lab_doc\harmc\codeql-db\src/C_/Program Files (x86)/Microsoft Visual Studio/18/BuildTools/VC/Tools/MSVC/14.50.35717/include/limits.h
[E 03:54:50 5548] Archiving C:\Users\user\Desktop\lab_doc\harmc\codeql-db\src/C_/Program Files (x86)/Windows Kits/10/Include/10.0.26100.0/ucrt/string.h
[E 03:54:50 5548] Archiving C:\Users\user\Desktop\lab_doc\harmc\codeql-db\src/C_/Program Files (x86)/Windows Kits/10/Include/10.0.26100.0/ucrt/corecrt_memory.h
[E 03:54:50 5548] Archiving C:\Users\user\Desktop\lab_doc\harmc\codeql-db\src/C_/Program Files (x86)/Windows Kits/10/Include/10.0.26100.0/ucrt/corecrt_memcpy_s.h
[E 03:54:50 5548] Archiving C:\Users\user\Desktop\lab_doc\harmc\codeql-db\src/C_/Program Files (x86)/Windows Kits/10/Include/10.0.26100.0/ucrt/errno.h
[E 03:54:50 5548] Archiving C:\Users\user\Desktop\lab_doc\harmc\codeql-db\src/C_/Program Files (x86)/Microsoft Visual Studio/18/BuildTools/VC/Tools/MSVC/14.50.35717/include/vcruntime_string.h
[E 03:54:50 5548] Archiving C:\Users\user\Desktop\lab_doc\harmc\codeql-db\src/C_/Program Files (x86)/Windows Kits/10/Include/10.0.26100.0/ucrt/corecrt_wstring.h
[E 03:54:50 5548] Warning[extractor-c++]: In emit_platform_diagnostic: Failed to rename diagnostic file from 'C:\Users\user\Desktop\lab_doc\harmc\codeql-db\diagnostic\extractors\cpp\platform.11263779078285517235.jsonl.5548' to 'C:\Users\user\Desktop\lab_doc\harmc\codeql-db\diagnostic\extractors\cpp\platform.11263779078285517235.jsonl': 另一个程序正在使用此文件，进程无法访问。
[E 03:54:50 5548] Creating trap tarball C:\Users\user\Desktop\lab_doc\harmc\codeql-db\trap\cpp/tarballs/C_/Users/user/Desktop/lab_doc/harmc/bufff_overflow.c.5da8ac53_0.trap.tar.zst
[E 03:54:50 5548] Emitting trap files for C:\Users\user\Desktop\lab_doc\harmc\bufff_overflow.c
[E 03:54:50 5548] Opening existencedb in \\?\C:\Users\user\Desktop\lab_doc\harmc\codeql-db\working\existencedb\db
[E 03:54:50 5548] Wrote 22 files to C:\Users\user\Desktop\lab_doc\harmc\codeql-db\trap\cpp/tarballs/C_/Users/user/Desktop/lab_doc/harmc/bufff_overflow.c.5da8ac53_0.trap.tar.zst
[E 03:54:50 5548] Finished compilation TRAP C:\Users\user\Desktop\lab_doc\harmc\codeql-db\trap\cpp/compilations/11/27462117_0.trap.zst
[E 03:54:50 5548] Marking C compilation as happened.
[E 03:54:50 5548] Setting tag c-compilation-happened
[E 03:54:50 5548] Starting from CODEQL_TRACER_DB_ID FB48CFD200002878_0000000000000001
[E 03:54:50 5548] Locking DB C:\Users\user\Desktop\lab_doc\harmc\codeql-db\working/tags.db
[E 03:54:50 5548] Locked DB C:\Users\user\Desktop\lab_doc\harmc\codeql-db\working/tags.db
[E 03:54:50 5548] Set tag for FB48CFD200002878_0000000000000001
[E 03:54:50 5548] Set tag for 6628EC8D0000868C_0000000000000001
[E 03:54:50 5548] Set tag for C6DE15E600007474_0000000000000001
[E 03:54:50 5548] Set tag for A4DE30E3000059CC_0000000000000001
[E 03:54:50 5548] Unlocking DB
[E 03:54:50 5548] Unlocked DB
[E 03:54:50 5548] Extractor exited successfully
[T 03:54:50 10360] Allocated ID DCF303D800002878_0000000000000001 (parent 6628EC8D0000868C_0000000000000001)
[T 03:54:50 10360] ==== Candidate to intercept: C:\Program Files\LLVM\bin\clang.exe (27256) ====
[T 03:54:50 10360] Lua: === Intercepted call to c:\program files\llvm\bin\clang.exe ===
[T 03:54:50 10360] Executing the following tracer actions:
[T 03:54:50 10360] Tracer actions:
[T 03:54:50 10360] pre_invocations(0)
[T 03:54:50 10360] post_invocations(1)
[T 03:54:50 10360] invocation: F:\qltool\codeql\cpp\tools\win64\extractor.exe, args: --mimic "c:\program files\llvm\bin\clang.exe" -c C:\Users\user\Desktop\lab_doc\harmc\double_free.c -o double_free.obj
[T 03:54:50 10360] trace_languages(1): [cpp]
[E 03:54:50 41972] CodeQL C/C++ Extractor 2.25.3
[E 03:54:50 41972] Current directory: C:\Users\user\Desktop\lab_doc\harmc
[E 03:54:50 41972] Command: F:\qltool\codeql\cpp\tools\win64\extractor.exe --mimic "c:\program files\llvm\bin\clang.exe" -c C:\Users\user\Desktop\lab_doc\harmc\double_free.c -o double_free.obj
[E 03:54:50 41972] Checking whether C compilation already happened.
[E 03:54:50 41972] Checking for tag c-compilation-happened
[E 03:54:50 41972] Checking CODEQL_TRACER_DB_ID DCF303D800002878_0000000000000001
[E 03:54:50 41972] Locking DB C:\Users\user\Desktop\lab_doc\harmc\codeql-db\working/tags.db
[E 03:54:50 41972] Locked DB C:\Users\user\Desktop\lab_doc\harmc\codeql-db\working/tags.db
[E 03:54:50 41972] Unlocking DB
[E 03:54:50 41972] Unlocked DB
[E 03:54:50 41972] Looks like C compilation didn't already happen.
[E 03:54:50 41972] Checking whether C compilation has been attempted.
[E 03:54:50 41972] Checking for tag c-compilation-attempted
[E 03:54:50 41972] Checking CODEQL_TRACER_DB_ID DCF303D800002878_0000000000000001
[E 03:54:50 41972] Locking DB C:\Users\user\Desktop\lab_doc\harmc\codeql-db\working/tags.db
[E 03:54:50 41972] Locked DB C:\Users\user\Desktop\lab_doc\harmc\codeql-db\working/tags.db
[E 03:54:50 41972] Unlocking DB
[E 03:54:50 41972] Unlocked DB
[E 03:54:50 41972] Marking C compilation as attempted.
[E 03:54:50 41972] Setting tag c-compilation-attempted
[E 03:54:50 41972] Starting from CODEQL_TRACER_DB_ID DCF303D800002878_0000000000000001
[E 03:54:50 41972] Locking DB C:\Users\user\Desktop\lab_doc\harmc\codeql-db\working/tags.db
[E 03:54:50 41972] Locked DB C:\Users\user\Desktop\lab_doc\harmc\codeql-db\working/tags.db
[E 03:54:50 41972] Set tag for DCF303D800002878_0000000000000001
[E 03:54:50 41972] Set tag for 6628EC8D0000868C_0000000000000001
[E 03:54:50 41972] Set tag for C6DE15E600007474_0000000000000001
[E 03:54:50 41972] Set tag for A4DE30E3000059CC_0000000000000001
[E 03:54:50 41972] Unlocking DB
[E 03:54:50 41972] Unlocked DB
[E 03:54:50 41972] Processed command line: F:\qltool\codeql\cpp\tools\win64\extractor.exe --trapfolder C:\Users\user\Desktop\lab_doc\harmc\codeql-db\trap\cpp --src_archive C:\Users\user\Desktop\lab_doc\harmc\codeql-db\src --object_filename double_free.obj --no_warnings_and_discretionary_errors --error_limit 1000 --disable_system_macros --variadic_macros --incognito --gcc --ms_compatibility --clang_version 220102 --microsoft_version 1950 --gnu_version 40801 --has_feature_vector 11111111111111110000000000000000000000000000000000000000000000000000011 --clang --target win64 -D_CRT_USE_BUILTIN_OFFSETOF=1 -D_INTEGRAL_MAX_BITS=64 -D_MSC_BUILD=1 -D_MSC_EXTENSIONS=1 -D_MSC_FULL_VER=195035728 -D_MSC_VER=1950 -D_MSVC_CONSTEXPR_ATTRIBUTE=1 -D_MSVC_EXECUTION_CHARACTER_SET=65001 -D_M_AMD64=100 -D_M_FP_CONTRACT=1 -D_M_FP_PRECISE=1 -D_M_X64=100 -D_WIN32=1 -D_WIN64=1 -D__ATOMIC_ACQUIRE=2 -D__ATOMIC_ACQ_REL=4 -D__ATOMIC_CONSUME=1 -D__ATOMIC_RELAXED=0 -D__ATOMIC_RELEASE=3 -D__ATOMIC_SEQ_CST=5 -D__BIGGEST_ALIGNMENT__=16 -D__BITINT_MAXWIDTH__=8388608 -D__BOOL_WIDTH__=1 -D__BYTE_ORDER__=__ORDER_LITTLE_ENDIAN__ -D__CHAR_BIT__=8 -D__CLANG_ATOMIC_BOOL_LOCK_FREE=2 -D__CLANG_ATOMIC_CHAR16_T_LOCK_FREE=2 -D__CLANG_ATOMIC_CHAR32_T_LOCK_FREE=2 -D__CLANG_ATOMIC_CHAR_LOCK_FREE=2 -D__CLANG_ATOMIC_INT_LOCK_FREE=2 -D__CLANG_ATOMIC_LLONG_LOCK_FREE=2 -D__CLANG_ATOMIC_LONG_LOCK_FREE=2 -D__CLANG_ATOMIC_POINTER_LOCK_FREE=2 -D__CLANG_ATOMIC_SHORT_LOCK_FREE=2 -D__CLANG_ATOMIC_WCHAR_T_LOCK_FREE=2 -D__CONSTANT_CFSTRINGS__=1 -D__DBL_DECIMAL_DIG__=17 -D__DBL_DENORM_MIN__=4.9406564584124654e-324 -D__DBL_DIG__=15 -D__DBL_EPSILON__=2.2204460492503131e-16 -D__DBL_HAS_DENORM__=1 -D__DBL_HAS_INFINITY__=1 -D__DBL_HAS_QUIET_NAN__=1 -D__DBL_MANT_DIG__=53 -D__DBL_MAX_10_EXP__=308 -D__DBL_MAX_EXP__=1024 -D__DBL_MAX__=1.7976931348623157e+308 -D__DBL_MIN_10_EXP__=(-307) -D__DBL_MIN_EXP__=(-1021) -D__DBL_MIN__=2.2250738585072014e-308 -D__DBL_NORM_MAX__=1.7976931348623157e+308 -D__DECIMAL_DIG__=__LDBL_DECIMAL_DIG__ -D__FINITE_MATH_ONLY__=0 -D__FLT16_DECIMAL_DIG__=5 -D__FLT16_DENORM_MIN__=5.9604644775390625e-8F16 -D__FLT16_DIG__=3 -D__FLT16_EPSILON__=9.765625e-4F16 -D__FLT16_HAS_DENORM__=1 -D__FLT16_HAS_INFINITY__=1 -D__FLT16_HAS_QUIET_NAN__=1 -D__FLT16_MANT_DIG__=11 -D__FLT16_MAX_10_EXP__=4 -D__FLT16_MAX_EXP__=16 -D__FLT16_MAX__=6.5504e+4F16 -D__FLT16_MIN_10_EXP__=(-4) -D__FLT16_MIN_EXP__=(-13) -D__FLT16_MIN__=6.103515625e-5F16 -D__FLT16_NORM_MAX__=6.5504e+4F16 -D__FLT_DECIMAL_DIG__=9 -D__FLT_DENORM_MIN__=1.40129846e-45F -D__FLT_DIG__=6 -D__FLT_EPSILON__=1.19209290e-7F -D__FLT_HAS_DENORM__=1 -D__FLT_HAS_INFINITY__=1 -D__FLT_HAS_QUIET_NAN__=1 -D__FLT_MANT_DIG__=24 -D__FLT_MAX_10_EXP__=38 -D__FLT_MAX_EXP__=128 -D__FLT_MAX__=3.40282347e+38F -D__FLT_MIN_10_EXP__=(-37) -D__FLT_MIN_EXP__=(-125) -D__FLT_MIN__=1.17549435e-38F -D__FLT_NORM_MAX__=3.40282347e+38F -D__FLT_RADIX__=2 -D__FPCLASS_NEGINF=0x0004 -D__FPCLASS_NEGNORMAL=0x0008 -D__FPCLASS_NEGSUBNORMAL=0x0010 -D__FPCLASS_NEGZERO=0x0020 -D__FPCLASS_POSINF=0x0200 -D__FPCLASS_POSNORMAL=0x0100 -D__FPCLASS_POSSUBNORMAL=0x0080 -D__FPCLASS_POSZERO=0x0040 -D__FPCLASS_QNAN=0x0002 -D__FPCLASS_SNAN=0x0001 -D__FXSR__=1 -D__GCC_ASM_FLAG_OUTPUTS__=1 -D__GCC_CONSTRUCTIVE_SIZE=64 -D__GCC_DESTRUCTIVE_SIZE=64 -D__GCC_HAVE_SYNC_COMPARE_AND_SWAP_1=1 -D__GCC_HAVE_SYNC_COMPARE_AND_SWAP_2=1 -D__GCC_HAVE_SYNC_COMPARE_AND_SWAP_4=1 -D__GCC_HAVE_SYNC_COMPARE_AND_SWAP_8=1 -D__INT16_C(c)=c -D__INT16_C_SUFFIX__= "-D__INT16_FMTd__=\"hd\"" "-D__INT16_FMTi__=\"hi\"" -D__INT16_MAX__=32767 -D__INT16_TYPE__=short -D__INT32_C(c)=c -D__INT32_C_SUFFIX__= "-D__INT32_FMTd__=\"d\"" "-D__INT32_FMTi__=\"i\"" -D__INT32_MAX__=2147483647 -D__INT32_TYPE__=int -D__INT64_C(c)=c##LL -D__INT64_C_SUFFIX__=LL "-D__INT64_FMTd__=\"lld\"" "-D__INT64_FMTi__=\"lli\"" -D__INT64_MAX__=9223372036854775807LL "-D__INT64_TYPE__=long long int" -D__INT8_C(c)=c -D__INT8_C_SUFFIX__= "-D__INT8_FMTd__=\"hhd\"" "-D__INT8_FMTi__=\"hhi\"" -D__INT8_MAX__=127 "-D__INT8_TYPE__=signed char" -D__INTMAX_C(c)=c##LL -D__INTMAX_C_SUFFIX__=LL "-D__INTMAX_FMTd__=\"lld\"" "-D__INTMAX_FMTi__=\"lli\"" -D__INTMAX_MAX__=9223372036854775807LL "-D__INTMAX_TYPE__=long long int" -D__INTMAX_WIDTH__=64 "-D__INTPTR_FMTd__=\"lld\"" "-D__INTPTR_FMTi__=\"lli\"" -D__INTPTR_MAX__=9223372036854775807LL "-D__INTPTR_TYPE__=long long int" -D__INTPTR_WIDTH__=64 "-D__INT_FAST16_FMTd__=\"hd\"" "-D__INT_FAST16_FMTi__=\"hi\"" -D__INT_FAST16_MAX__=32767 -D__INT_FAST16_TYPE__=short -D__INT_FAST16_WIDTH__=16 "-D__INT_FAST32_FMTd__=\"d\"" "-D__INT_FAST32_FMTi__=\"i\"" -D__INT_FAST32_MAX__=2147483647 -D__INT_FAST32_TYPE__=int -D__INT_FAST32_WIDTH__=32 "-D__INT_FAST64_FMTd__=\"lld\"" "-D__INT_FAST64_FMTi__=\"lli\"" -D__INT_FAST64_MAX__=9223372036854775807LL "-D__INT_FAST64_TYPE__=long long int" -D__INT_FAST64_WIDTH__=64 "-D__INT_FAST8_FMTd__=\"hhd\"" "-D__INT_FAST8_FMTi__=\"hhi\"" -D__INT_FAST8_MAX__=127 "-D__INT_FAST8_TYPE__=signed char" -D__INT_FAST8_WIDTH__=8 "-D__INT_LEAST16_FMTd__=\"hd\"" "-D__INT_LEAST16_FMTi__=\"hi\"" -D__INT_LEAST16_MAX__=32767 -D__INT_LEAST16_TYPE__=short -D__INT_LEAST16_WIDTH__=16 "-D__INT_LEAST32_FMTd__=\"d\"" "-D__INT_LEAST32_FMTi__=\"i\"" -D__INT_LEAST32_MAX__=2147483647 -D__INT_LEAST32_TYPE__=int -D__INT_LEAST32_WIDTH__=32 "-D__INT_LEAST64_FMTd__=\"lld\"" "-D__INT_LEAST64_FMTi__=\"lli\"" -D__INT_LEAST64_MAX__=9223372036854775807LL "-D__INT_LEAST64_TYPE__=long long int" -D__INT_LEAST64_WIDTH__=64 "-D__INT_LEAST8_FMTd__=\"hhd\"" "-D__INT_LEAST8_FMTi__=\"hhi\"" -D__INT_LEAST8_MAX__=127 "-D__INT_LEAST8_TYPE__=signed char" -D__INT_LEAST8_WIDTH__=8 -D__INT_MAX__=2147483647 -D__INT_WIDTH__=32 -D__LDBL_DECIMAL_DIG__=17 -D__LDBL_DENORM_MIN__=4.9406564584124654e-324L -D__LDBL_DIG__=15 -D__LDBL_EPSILON__=2.2204460492503131e-16L -D__LDBL_HAS_DENORM__=1 -D__LDBL_HAS_INFINITY__=1 -D__LDBL_HAS_QUIET_NAN__=1 -D__LDBL_MANT_DIG__=53 -D__LDBL_MAX_10_EXP__=308 -D__LDBL_MAX_EXP__=1024 -D__LDBL_MAX__=1.7976931348623157e+308L -D__LDBL_MIN_10_EXP__=(-307) -D__LDBL_MIN_EXP__=(-1021) -D__LDBL_MIN__=2.2250738585072014e-308L -D__LDBL_NORM_MAX__=1.7976931348623157e+308L -D__LITTLE_ENDIAN__=1 -D__LLONG_WIDTH__=64 -D__LONG_LONG_MAX__=9223372036854775807LL -D__LONG_MAX__=2147483647L -D__LONG_WIDTH__=32 -D__MEMORY_SCOPE_CLUSTR=5 -D__MEMORY_SCOPE_DEVICE=1 -D__MEMORY_SCOPE_SINGLE=4 -D__MEMORY_SCOPE_SYSTEM=0 -D__MEMORY_SCOPE_WRKGRP=2 -D__MEMORY_SCOPE_WVFRNT=3 -D__MMX__=1 -D__NO_INLINE__=1 -D__NO_MATH_INLINES=1 -D__OBJC_BOOL_IS_BOOL=0 -D__OPENCL_MEMORY_SCOPE_ALL_SVM_DEVICES=3 -D__OPENCL_MEMORY_SCOPE_DEVICE=2 -D__OPENCL_MEMORY_SCOPE_SUB_GROUP=4 -D__OPENCL_MEMORY_SCOPE_WORK_GROUP=1 -D__OPENCL_MEMORY_SCOPE_WORK_ITEM=0 -D__ORDER_BIG_ENDIAN__=4321 -D__ORDER_LITTLE_ENDIAN__=1234 -D__ORDER_PDP_ENDIAN__=3412 -D__PIC__=2 -D__POINTER_WIDTH__=64 -D__PRAGMA_REDEFINE_EXTNAME=1 "-D__PTRDIFF_FMTd__=\"lld\"" "-D__PTRDIFF_FMTi__=\"lli\"" -D__PTRDIFF_MAX__=9223372036854775807LL "-D__PTRDIFF_TYPE__=long long int" -D__PTRDIFF_WIDTH__=64 -D__REGISTER_PREFIX__= -D__SCHAR_MAX__=127 -D__SEG_FS=1 -D__SEG_GS=1 -D__SHRT_MAX__=32767 -D__SHRT_WIDTH__=16 -D__SIG_ATOMIC_MAX__=2147483647 -D__SIG_ATOMIC_WIDTH__=32 -D__SIZEOF_DOUBLE__=8 -D__SIZEOF_FLOAT__=4 -D__SIZEOF_INT128__=16 -D__SIZEOF_INT__=4 -D__SIZEOF_LONG_DOUBLE__=8 -D__SIZEOF_LONG_LONG__=8 -D__SIZEOF_LONG__=4 -D__SIZEOF_POINTER__=8 -D__SIZEOF_PTRDIFF_T__=8 -D__SIZEOF_SHORT__=2 -D__SIZEOF_SIZE_T__=8 -D__SIZEOF_WCHAR_T__=2 -D__SIZEOF_WINT_T__=2 "-D__SIZE_FMTX__=\"llX\"" "-D__SIZE_FMTo__=\"llo\"" "-D__SIZE_FMTu__=\"llu\"" "-D__SIZE_FMTx__=\"llx\"" -D__SIZE_MAX__=18446744073709551615ULL "-D__SIZE_TYPE__=long long unsigned int" -D__SIZE_WIDTH__=64 -D__SSE2_MATH__=1 -D__SSE2__=1 -D__SSE_MATH__=1 -D__SSE__=1 -D__STDC_EMBED_EMPTY__=2 -D__STDC_EMBED_FOUND__=1 -D__STDC_EMBED_NOT_FOUND__=0 -D__STDC_UTF_16__=1 -D__STDC_UTF_32__=1 -D__UINT16_C(c)=c -D__UINT16_C_SUFFIX__= "-D__UINT16_FMTX__=\"hX\"" "-D__UINT16_FMTo__=\"ho\"" "-D__UINT16_FMTu__=\"hu\"" "-D__UINT16_FMTx__=\"hx\"" -D__UINT16_MAX__=65535 "-D__UINT16_TYPE__=unsigned short" -D__UINT32_C(c)=c##U -D__UINT32_C_SUFFIX__=U "-D__UINT32_FMTX__=\"X\"" "-D__UINT32_FMTo__=\"o\"" "-D__UINT32_FMTu__=\"u\"" "-D__UINT32_FMTx__=\"x\"" -D__UINT32_MAX__=4294967295U "-D__UINT32_TYPE__=unsigned int" -D__UINT64_C(c)=c##ULL -D__UINT64_C_SUFFIX__=ULL "-D__UINT64_FMTX__=\"llX\"" "-D__UINT64_FMTo__=\"llo\"" "-D__UINT64_FMTu__=\"llu\"" "-D__UINT64_FMTx__=\"llx\"" -D__UINT64_MAX__=18446744073709551615ULL "-D__UINT64_TYPE__=long long unsigned int" -D__UINT8_C(c)=c -D__UINT8_C_SUFFIX__= "-D__UINT8_FMTX__=\"hhX\"" "-D__UINT8_FMTo__=\"hho\"" "-D__UINT8_FMTu__=\"hhu\"" "-D__UINT8_FMTx__=\"hhx\"" -D__UINT8_MAX__=255 "-D__UINT8_TYPE__=unsigned char" -D__UINTMAX_C(c)=c##ULL -D__UINTMAX_C_SUFFIX__=ULL "-D__UINTMAX_FMTX__=\"llX\"" "-D__UINTMAX_FMTo__=\"llo\"" "-D__UINTMAX_FMTu__=\"llu\"" "-D__UINTMAX_FMTx__=\"llx\"" -D__UINTMAX_MAX__=18446744073709551615ULL "-D__UINTMAX_TYPE__=long long unsigned int" -D__UINTMAX_WIDTH__=64 "-D__UINTPTR_FMTX__=\"llX\"" "-D__UINTPTR_FMTo__=\"llo\"" "-D__UINTPTR_FMTu__=\"llu\"" "-D__UINTPTR_FMTx__=\"llx\"" -D__UINTPTR_MAX__=18446744073709551615ULL "-D__UINTPTR_TYPE__=long long unsigned int" -D__UINTPTR_WIDTH__=64 "-D__UINT_FAST16_FMTX__=\"hX\"" "-D__UINT_FAST16_FMTo__=\"ho\"" "-D__UINT_FAST16_FMTu__=\"hu\"" "-D__UINT_FAST16_FMTx__=\"hx\"" -D__UINT_FAST16_MAX__=65535 "-D__UINT_FAST16_TYPE__=unsigned short" "-D__UINT_FAST32_FMTX__=\"X\"" "-D__UINT_FAST32_FMTo__=\"o\"" "-D__UINT_FAST32_FMTu__=\"u\"" "-D__UINT_FAST32_FMTx__=\"x\"" -D__UINT_FAST32_MAX__=4294967295U "-D__UINT_FAST32_TYPE__=unsigned int" "-D__UINT_FAST64_FMTX__=\"llX\"" "-D__UINT_FAST64_FMTo__=\"llo\"" "-D__UINT_FAST64_FMTu__=\"llu\"" "-D__UINT_FAST64_FMTx__=\"llx\"" -D__UINT_FAST64_MAX__=18446744073709551615ULL "-D__UINT_FAST64_TYPE__=long long unsigned int" "-D__UINT_FAST8_FMTX__=\"hhX\"" "-D__UINT_FAST8_FMTo__=\"hho\"" "-D__UINT_FAST8_FMTu__=\"hhu\"" "-D__UINT_FAST8_FMTx__=\"hhx\"" -D__UINT_FAST8_MAX__=255 "-D__UINT_FAST8_TYPE__=unsigned char" "-D__UINT_LEAST16_FMTX__=\"hX\"" "-D__UINT_LEAST16_FMTo__=\"ho\"" "-D__UINT_LEAST16_FMTu__=\"hu\"" "-D__UINT_LEAST16_FMTx__=\"hx\"" -D__UINT_LEAST16_MAX__=65535 "-D__UINT_LEAST16_TYPE__=unsigned short" "-D__UINT_LEAST32_FMTX__=\"X\"" "-D__UINT_LEAST32_FMTo__=\"o\"" "-D__UINT_LEAST32_FMTu__=\"u\"" "-D__UINT_LEAST32_FMTx__=\"x\"" -D__UINT_LEAST32_MAX__=4294967295U "-D__UINT_LEAST32_TYPE__=unsigned int" "-D__UINT_LEAST64_FMTX__=\"llX\"" "-D__UINT_LEAST64_FMTo__=\"llo\"" "-D__UINT_LEAST64_FMTu__=\"llu\"" "-D__UINT_LEAST64_FMTx__=\"llx\"" -D__UINT_LEAST64_MAX__=18446744073709551615ULL "-D__UINT_LEAST64_TYPE__=long long unsigned int" "-D__UINT_LEAST8_FMTX__=\"hhX\"" "-D__UINT_LEAST8_FMTo__=\"hho\"" "-D__UINT_LEAST8_FMTu__=\"hhu\"" "-D__UINT_LEAST8_FMTx__=\"hhx\"" -D__UINT_LEAST8_MAX__=255 "-D__UINT_LEAST8_TYPE__=unsigned char" -D__USER_LABEL_PREFIX__= "-D__VERSION__=\"Clang 22.1.2 (https://github.com/llvm/llvm-project 1ab49a973e210e97d61e5db6557180dcb92c3e98)\"" -D__WCHAR_MAX__=65535 "-D__WCHAR_TYPE__=unsigned short" -D__WCHAR_UNSIGNED__=1 -D__WCHAR_WIDTH__=16 -D__WINT_MAX__=65535 "-D__WINT_TYPE__=unsigned short" -D__WINT_UNSIGNED__=1 -D__WINT_WIDTH__=16 -D__amd64=1 -D__amd64__=1 -D__clang__=1 "-D__clang_literal_encoding__=\"UTF-8\"" -D__clang_major__=22 -D__clang_minor__=1 -D__clang_patchlevel__=2 "-D__clang_version__=\"22.1.2 (https://github.com/llvm/llvm-project 1ab49a973e210e97d61e5db6557180dcb92c3e98)\"" "-D__clang_wide_literal_encoding__=\"UTF-16\"" -D__code_model_small__=1 -D__k8=1 -D__k8__=1 -D__llvm__=1 -D__pic__=2 -D__seg_fs=__attribute__((address_space(257))) -D__seg_gs=__attribute__((address_space(256))) -D__tune_k8__=1 -D__x86_64=1 -D__x86_64__=1 "-D__private_extern__=extern __attribute__((visibility(\"hidden\")))" "-IC:\Program Files\LLVM\lib\clang\22\include" "-IC:\Program Files (x86)\Microsoft Visual Studio\18\BuildTools\VC\Tools\MSVC\14.50.35717\include" "-IC:\Program Files (x86)\Windows Kits\10\Include\10.0.26100.0\ucrt" "-IC:\Program Files (x86)\Windows Kits\10\Include\10.0.26100.0\shared" "-IC:\Program Files (x86)\Windows Kits\10\Include\10.0.26100.0\um" "-IC:\Program Files (x86)\Windows Kits\10\Include\10.0.26100.0\winrt" "-IC:\Program Files (x86)\Windows Kits\10\Include\10.0.26100.0\cppwinrt" -- C:\Users\user\Desktop\lab_doc\harmc\double_free.c
[E 03:54:50 41972] CODEQL_EXTRACTOR_CPP_TRAP_CACHING is not set
[E 03:54:50 41972] CODEQL_EXTRACTOR_CPP_OPTION_TRAP_CACHE_WRITE is not set
[E 03:54:50 41972] CODEQL_EXTRACTOR_CPP_OPTION_TRAP_CACHE_DIR is not set
[E 03:54:50 41972] Initialising TRAP cache at path: \\?\C:\Users\user\Desktop\lab_doc\harmc\94\8e59\593169c2bd666934ffce4a990913
[E 03:54:50 41972] Not using TRAP cache
[E 03:54:50 41972] TRAP cache miss
[E 03:54:50 41972] Starting compilation TRAP C:\Users\user\Desktop\lab_doc\harmc\codeql-db\trap\cpp/compilations/34/45519790_0.trap.zst
[E 03:54:50 41972] Archiving C:\Users\user\Desktop\lab_doc\harmc\codeql-db\src/C_/Users/user/Desktop/lab_doc/harmc/double_free.c
[E 03:54:50 41972] Already archived C:\Users\user\Desktop\lab_doc\harmc\codeql-db\src/C_/Program Files (x86)/Windows Kits/10/Include/10.0.26100.0/ucrt/stdio.h
[E 03:54:50 41972] Already archived C:\Users\user\Desktop\lab_doc\harmc\codeql-db\src/C_/Program Files (x86)/Windows Kits/10/Include/10.0.26100.0/ucrt/corecrt.h
[E 03:54:50 41972] Already archived C:\Users\user\Desktop\lab_doc\harmc\codeql-db\src/C_/Program Files (x86)/Microsoft Visual Studio/18/BuildTools/VC/Tools/MSVC/14.50.35717/include/vcruntime.h
[E 03:54:50 41972] Already archived C:\Users\user\Desktop\lab_doc\harmc\codeql-db\src/C_/Program Files (x86)/Microsoft Visual Studio/18/BuildTools/VC/Tools/MSVC/14.50.35717/include/sal.h
[E 03:54:50 41972] Already archived C:\Users\user\Desktop\lab_doc\harmc\codeql-db\src/C_/Program Files (x86)/Microsoft Visual Studio/18/BuildTools/VC/Tools/MSVC/14.50.35717/include/concurrencysal.h
[E 03:54:50 41972] Already archived C:\Users\user\Desktop\lab_doc\harmc\codeql-db\src/C_/Program Files/LLVM/lib/clang/22/include/vadefs.h
[E 03:54:50 41972] Already archived C:\Users\user\Desktop\lab_doc\harmc\codeql-db\src/C_/Program Files (x86)/Microsoft Visual Studio/18/BuildTools/VC/Tools/MSVC/14.50.35717/include/vadefs.h
[E 03:54:50 41972] Already archived C:\Users\user\Desktop\lab_doc\harmc\codeql-db\src/C_/Program Files (x86)/Windows Kits/10/Include/10.0.26100.0/ucrt/corecrt_wstdio.h
[E 03:54:50 41972] Already archived C:\Users\user\Desktop\lab_doc\harmc\codeql-db\src/C_/Program Files (x86)/Windows Kits/10/Include/10.0.26100.0/ucrt/corecrt_stdio_config.h
[E 03:54:50 41972] Warning[extractor-c++]: In emit_platform_diagnostic: Failed to rename diagnostic file from 'C:\Users\user\Desktop\lab_doc\harmc\codeql-db\diagnostic\extractors\cpp\platform.11263779078285517235.jsonl.41972' to 'C:\Users\user\Desktop\lab_doc\harmc\codeql-db\diagnostic\extractors\cpp\platform.11263779078285517235.jsonl': 另一个程序正在使用此文件，进程无法访问。
[E 03:54:50 41972] Creating trap tarball C:\Users\user\Desktop\lab_doc\harmc\codeql-db\trap\cpp/tarballs/C_/Users/user/Desktop/lab_doc/harmc/double_free.c.9972b209_0.trap.tar.zst
[E 03:54:50 41972] Emitting trap files for C:\Users\user\Desktop\lab_doc\harmc\double_free.c
[E 03:54:50 41972] Opening existencedb in \\?\C:\Users\user\Desktop\lab_doc\harmc\codeql-db\working\existencedb\db
[E 03:54:50 41972] Wrote 1 files to C:\Users\user\Desktop\lab_doc\harmc\codeql-db\trap\cpp/tarballs/C_/Users/user/Desktop/lab_doc/harmc/double_free.c.9972b209_0.trap.tar.zst
[E 03:54:50 41972] Finished compilation TRAP C:\Users\user\Desktop\lab_doc\harmc\codeql-db\trap\cpp/compilations/34/45519790_0.trap.zst
[E 03:54:50 41972] Marking C compilation as happened.
[E 03:54:50 41972] Setting tag c-compilation-happened
[E 03:54:50 41972] Starting from CODEQL_TRACER_DB_ID DCF303D800002878_0000000000000001
[E 03:54:50 41972] Locking DB C:\Users\user\Desktop\lab_doc\harmc\codeql-db\working/tags.db
[E 03:54:50 41972] Locked DB C:\Users\user\Desktop\lab_doc\harmc\codeql-db\working/tags.db
[E 03:54:50 41972] Set tag for DCF303D800002878_0000000000000001
[E 03:54:50 41972] Set tag for 6628EC8D0000868C_0000000000000001
[E 03:54:50 41972] Set tag for C6DE15E600007474_0000000000000001
[E 03:54:50 41972] Set tag for A4DE30E3000059CC_0000000000000001
[E 03:54:50 41972] Unlocking DB
[E 03:54:50 41972] Unlocked DB
[E 03:54:50 41972] Extractor exited successfully
[T 03:54:50 10360] Allocated ID 98C7B1F100002878_0000000000000001 (parent 6628EC8D0000868C_0000000000000001)
[T 03:54:51 10360] ==== Candidate to intercept: C:\Program Files\LLVM\bin\clang.exe (16668) ====
[T 03:54:51 10360] Lua: === Intercepted call to c:\program files\llvm\bin\clang.exe ===
[T 03:54:51 10360] Executing the following tracer actions:
[T 03:54:51 10360] Tracer actions:
[T 03:54:51 10360] pre_invocations(0)
[T 03:54:51 10360] post_invocations(1)
[T 03:54:51 10360] invocation: F:\qltool\codeql\cpp\tools\win64\extractor.exe, args: --mimic "c:\program files\llvm\bin\clang.exe" -c C:\Users\user\Desktop\lab_doc\harmc\mem_leak_all.c -o mem_leak_all.obj
[T 03:54:51 10360] trace_languages(1): [cpp]
[E 03:54:51 40888] CodeQL C/C++ Extractor 2.25.3
[E 03:54:51 40888] Current directory: C:\Users\user\Desktop\lab_doc\harmc
[E 03:54:51 40888] Command: F:\qltool\codeql\cpp\tools\win64\extractor.exe --mimic "c:\program files\llvm\bin\clang.exe" -c C:\Users\user\Desktop\lab_doc\harmc\mem_leak_all.c -o mem_leak_all.obj
[E 03:54:51 40888] Checking whether C compilation already happened.
[E 03:54:51 40888] Checking for tag c-compilation-happened
[E 03:54:51 40888] Checking CODEQL_TRACER_DB_ID 98C7B1F100002878_0000000000000001
[E 03:54:51 40888] Locking DB C:\Users\user\Desktop\lab_doc\harmc\codeql-db\working/tags.db
[E 03:54:51 40888] Locked DB C:\Users\user\Desktop\lab_doc\harmc\codeql-db\working/tags.db
[E 03:54:51 40888] Unlocking DB
[E 03:54:51 40888] Unlocked DB
[E 03:54:51 40888] Looks like C compilation didn't already happen.
[E 03:54:51 40888] Checking whether C compilation has been attempted.
[E 03:54:51 40888] Checking for tag c-compilation-attempted
[E 03:54:51 40888] Checking CODEQL_TRACER_DB_ID 98C7B1F100002878_0000000000000001
[E 03:54:51 40888] Locking DB C:\Users\user\Desktop\lab_doc\harmc\codeql-db\working/tags.db
[E 03:54:51 40888] Locked DB C:\Users\user\Desktop\lab_doc\harmc\codeql-db\working/tags.db
[E 03:54:51 40888] Unlocking DB
[E 03:54:51 40888] Unlocked DB
[E 03:54:51 40888] Marking C compilation as attempted.
[E 03:54:51 40888] Setting tag c-compilation-attempted
[E 03:54:51 40888] Starting from CODEQL_TRACER_DB_ID 98C7B1F100002878_0000000000000001
[E 03:54:51 40888] Locking DB C:\Users\user\Desktop\lab_doc\harmc\codeql-db\working/tags.db
[E 03:54:51 40888] Locked DB C:\Users\user\Desktop\lab_doc\harmc\codeql-db\working/tags.db
[E 03:54:51 40888] Set tag for 98C7B1F100002878_0000000000000001
[E 03:54:51 40888] Set tag for 6628EC8D0000868C_0000000000000001
[E 03:54:51 40888] Set tag for C6DE15E600007474_0000000000000001
[E 03:54:51 40888] Set tag for A4DE30E3000059CC_0000000000000001
[E 03:54:51 40888] Unlocking DB
[E 03:54:51 40888] Unlocked DB
[E 03:54:51 40888] Processed command line: F:\qltool\codeql\cpp\tools\win64\extractor.exe --trapfolder C:\Users\user\Desktop\lab_doc\harmc\codeql-db\trap\cpp --src_archive C:\Users\user\Desktop\lab_doc\harmc\codeql-db\src --object_filename mem_leak_all.obj --no_warnings_and_discretionary_errors --error_limit 1000 --disable_system_macros --variadic_macros --incognito --gcc --ms_compatibility --clang_version 220102 --microsoft_version 1950 --gnu_version 40801 --has_feature_vector 11111111111111110000000000000000000000000000000000000000000000000000011 --clang --target win64 -D_CRT_USE_BUILTIN_OFFSETOF=1 -D_INTEGRAL_MAX_BITS=64 -D_MSC_BUILD=1 -D_MSC_EXTENSIONS=1 -D_MSC_FULL_VER=195035728 -D_MSC_VER=1950 -D_MSVC_CONSTEXPR_ATTRIBUTE=1 -D_MSVC_EXECUTION_CHARACTER_SET=65001 -D_M_AMD64=100 -D_M_FP_CONTRACT=1 -D_M_FP_PRECISE=1 -D_M_X64=100 -D_WIN32=1 -D_WIN64=1 -D__ATOMIC_ACQUIRE=2 -D__ATOMIC_ACQ_REL=4 -D__ATOMIC_CONSUME=1 -D__ATOMIC_RELAXED=0 -D__ATOMIC_RELEASE=3 -D__ATOMIC_SEQ_CST=5 -D__BIGGEST_ALIGNMENT__=16 -D__BITINT_MAXWIDTH__=8388608 -D__BOOL_WIDTH__=1 -D__BYTE_ORDER__=__ORDER_LITTLE_ENDIAN__ -D__CHAR_BIT__=8 -D__CLANG_ATOMIC_BOOL_LOCK_FREE=2 -D__CLANG_ATOMIC_CHAR16_T_LOCK_FREE=2 -D__CLANG_ATOMIC_CHAR32_T_LOCK_FREE=2 -D__CLANG_ATOMIC_CHAR_LOCK_FREE=2 -D__CLANG_ATOMIC_INT_LOCK_FREE=2 -D__CLANG_ATOMIC_LLONG_LOCK_FREE=2 -D__CLANG_ATOMIC_LONG_LOCK_FREE=2 -D__CLANG_ATOMIC_POINTER_LOCK_FREE=2 -D__CLANG_ATOMIC_SHORT_LOCK_FREE=2 -D__CLANG_ATOMIC_WCHAR_T_LOCK_FREE=2 -D__CONSTANT_CFSTRINGS__=1 -D__DBL_DECIMAL_DIG__=17 -D__DBL_DENORM_MIN__=4.9406564584124654e-324 -D__DBL_DIG__=15 -D__DBL_EPSILON__=2.2204460492503131e-16 -D__DBL_HAS_DENORM__=1 -D__DBL_HAS_INFINITY__=1 -D__DBL_HAS_QUIET_NAN__=1 -D__DBL_MANT_DIG__=53 -D__DBL_MAX_10_EXP__=308 -D__DBL_MAX_EXP__=1024 -D__DBL_MAX__=1.7976931348623157e+308 -D__DBL_MIN_10_EXP__=(-307) -D__DBL_MIN_EXP__=(-1021) -D__DBL_MIN__=2.2250738585072014e-308 -D__DBL_NORM_MAX__=1.7976931348623157e+308 -D__DECIMAL_DIG__=__LDBL_DECIMAL_DIG__ -D__FINITE_MATH_ONLY__=0 -D__FLT16_DECIMAL_DIG__=5 -D__FLT16_DENORM_MIN__=5.9604644775390625e-8F16 -D__FLT16_DIG__=3 -D__FLT16_EPSILON__=9.765625e-4F16 -D__FLT16_HAS_DENORM__=1 -D__FLT16_HAS_INFINITY__=1 -D__FLT16_HAS_QUIET_NAN__=1 -D__FLT16_MANT_DIG__=11 -D__FLT16_MAX_10_EXP__=4 -D__FLT16_MAX_EXP__=16 -D__FLT16_MAX__=6.5504e+4F16 -D__FLT16_MIN_10_EXP__=(-4) -D__FLT16_MIN_EXP__=(-13) -D__FLT16_MIN__=6.103515625e-5F16 -D__FLT16_NORM_MAX__=6.5504e+4F16 -D__FLT_DECIMAL_DIG__=9 -D__FLT_DENORM_MIN__=1.40129846e-45F -D__FLT_DIG__=6 -D__FLT_EPSILON__=1.19209290e-7F -D__FLT_HAS_DENORM__=1 -D__FLT_HAS_INFINITY__=1 -D__FLT_HAS_QUIET_NAN__=1 -D__FLT_MANT_DIG__=24 -D__FLT_MAX_10_EXP__=38 -D__FLT_MAX_EXP__=128 -D__FLT_MAX__=3.40282347e+38F -D__FLT_MIN_10_EXP__=(-37) -D__FLT_MIN_EXP__=(-125) -D__FLT_MIN__=1.17549435e-38F -D__FLT_NORM_MAX__=3.40282347e+38F -D__FLT_RADIX__=2 -D__FPCLASS_NEGINF=0x0004 -D__FPCLASS_NEGNORMAL=0x0008 -D__FPCLASS_NEGSUBNORMAL=0x0010 -D__FPCLASS_NEGZERO=0x0020 -D__FPCLASS_POSINF=0x0200 -D__FPCLASS_POSNORMAL=0x0100 -D__FPCLASS_POSSUBNORMAL=0x0080 -D__FPCLASS_POSZERO=0x0040 -D__FPCLASS_QNAN=0x0002 -D__FPCLASS_SNAN=0x0001 -D__FXSR__=1 -D__GCC_ASM_FLAG_OUTPUTS__=1 -D__GCC_CONSTRUCTIVE_SIZE=64 -D__GCC_DESTRUCTIVE_SIZE=64 -D__GCC_HAVE_SYNC_COMPARE_AND_SWAP_1=1 -D__GCC_HAVE_SYNC_COMPARE_AND_SWAP_2=1 -D__GCC_HAVE_SYNC_COMPARE_AND_SWAP_4=1 -D__GCC_HAVE_SYNC_COMPARE_AND_SWAP_8=1 -D__INT16_C(c)=c -D__INT16_C_SUFFIX__= "-D__INT16_FMTd__=\"hd\"" "-D__INT16_FMTi__=\"hi\"" -D__INT16_MAX__=32767 -D__INT16_TYPE__=short -D__INT32_C(c)=c -D__INT32_C_SUFFIX__= "-D__INT32_FMTd__=\"d\"" "-D__INT32_FMTi__=\"i\"" -D__INT32_MAX__=2147483647 -D__INT32_TYPE__=int -D__INT64_C(c)=c##LL -D__INT64_C_SUFFIX__=LL "-D__INT64_FMTd__=\"lld\"" "-D__INT64_FMTi__=\"lli\"" -D__INT64_MAX__=9223372036854775807LL "-D__INT64_TYPE__=long long int" -D__INT8_C(c)=c -D__INT8_C_SUFFIX__= "-D__INT8_FMTd__=\"hhd\"" "-D__INT8_FMTi__=\"hhi\"" -D__INT8_MAX__=127 "-D__INT8_TYPE__=signed char" -D__INTMAX_C(c)=c##LL -D__INTMAX_C_SUFFIX__=LL "-D__INTMAX_FMTd__=\"lld\"" "-D__INTMAX_FMTi__=\"lli\"" -D__INTMAX_MAX__=9223372036854775807LL "-D__INTMAX_TYPE__=long long int" -D__INTMAX_WIDTH__=64 "-D__INTPTR_FMTd__=\"lld\"" "-D__INTPTR_FMTi__=\"lli\"" -D__INTPTR_MAX__=9223372036854775807LL "-D__INTPTR_TYPE__=long long int" -D__INTPTR_WIDTH__=64 "-D__INT_FAST16_FMTd__=\"hd\"" "-D__INT_FAST16_FMTi__=\"hi\"" -D__INT_FAST16_MAX__=32767 -D__INT_FAST16_TYPE__=short -D__INT_FAST16_WIDTH__=16 "-D__INT_FAST32_FMTd__=\"d\"" "-D__INT_FAST32_FMTi__=\"i\"" -D__INT_FAST32_MAX__=2147483647 -D__INT_FAST32_TYPE__=int -D__INT_FAST32_WIDTH__=32 "-D__INT_FAST64_FMTd__=\"lld\"" "-D__INT_FAST64_FMTi__=\"lli\"" -D__INT_FAST64_MAX__=9223372036854775807LL "-D__INT_FAST64_TYPE__=long long int" -D__INT_FAST64_WIDTH__=64 "-D__INT_FAST8_FMTd__=\"hhd\"" "-D__INT_FAST8_FMTi__=\"hhi\"" -D__INT_FAST8_MAX__=127 "-D__INT_FAST8_TYPE__=signed char" -D__INT_FAST8_WIDTH__=8 "-D__INT_LEAST16_FMTd__=\"hd\"" "-D__INT_LEAST16_FMTi__=\"hi\"" -D__INT_LEAST16_MAX__=32767 -D__INT_LEAST16_TYPE__=short -D__INT_LEAST16_WIDTH__=16 "-D__INT_LEAST32_FMTd__=\"d\"" "-D__INT_LEAST32_FMTi__=\"i\"" -D__INT_LEAST32_MAX__=2147483647 -D__INT_LEAST32_TYPE__=int -D__INT_LEAST32_WIDTH__=32 "-D__INT_LEAST64_FMTd__=\"lld\"" "-D__INT_LEAST64_FMTi__=\"lli\"" -D__INT_LEAST64_MAX__=9223372036854775807LL "-D__INT_LEAST64_TYPE__=long long int" -D__INT_LEAST64_WIDTH__=64 "-D__INT_LEAST8_FMTd__=\"hhd\"" "-D__INT_LEAST8_FMTi__=\"hhi\"" -D__INT_LEAST8_MAX__=127 "-D__INT_LEAST8_TYPE__=signed char" -D__INT_LEAST8_WIDTH__=8 -D__INT_MAX__=2147483647 -D__INT_WIDTH__=32 -D__LDBL_DECIMAL_DIG__=17 -D__LDBL_DENORM_MIN__=4.9406564584124654e-324L -D__LDBL_DIG__=15 -D__LDBL_EPSILON__=2.2204460492503131e-16L -D__LDBL_HAS_DENORM__=1 -D__LDBL_HAS_INFINITY__=1 -D__LDBL_HAS_QUIET_NAN__=1 -D__LDBL_MANT_DIG__=53 -D__LDBL_MAX_10_EXP__=308 -D__LDBL_MAX_EXP__=1024 -D__LDBL_MAX__=1.7976931348623157e+308L -D__LDBL_MIN_10_EXP__=(-307) -D__LDBL_MIN_EXP__=(-1021) -D__LDBL_MIN__=2.2250738585072014e-308L -D__LDBL_NORM_MAX__=1.7976931348623157e+308L -D__LITTLE_ENDIAN__=1 -D__LLONG_WIDTH__=64 -D__LONG_LONG_MAX__=9223372036854775807LL -D__LONG_MAX__=2147483647L -D__LONG_WIDTH__=32 -D__MEMORY_SCOPE_CLUSTR=5 -D__MEMORY_SCOPE_DEVICE=1 -D__MEMORY_SCOPE_SINGLE=4 -D__MEMORY_SCOPE_SYSTEM=0 -D__MEMORY_SCOPE_WRKGRP=2 -D__MEMORY_SCOPE_WVFRNT=3 -D__MMX__=1 -D__NO_INLINE__=1 -D__NO_MATH_INLINES=1 -D__OBJC_BOOL_IS_BOOL=0 -D__OPENCL_MEMORY_SCOPE_ALL_SVM_DEVICES=3 -D__OPENCL_MEMORY_SCOPE_DEVICE=2 -D__OPENCL_MEMORY_SCOPE_SUB_GROUP=4 -D__OPENCL_MEMORY_SCOPE_WORK_GROUP=1 -D__OPENCL_MEMORY_SCOPE_WORK_ITEM=0 -D__ORDER_BIG_ENDIAN__=4321 -D__ORDER_LITTLE_ENDIAN__=1234 -D__ORDER_PDP_ENDIAN__=3412 -D__PIC__=2 -D__POINTER_WIDTH__=64 -D__PRAGMA_REDEFINE_EXTNAME=1 "-D__PTRDIFF_FMTd__=\"lld\"" "-D__PTRDIFF_FMTi__=\"lli\"" -D__PTRDIFF_MAX__=9223372036854775807LL "-D__PTRDIFF_TYPE__=long long int" -D__PTRDIFF_WIDTH__=64 -D__REGISTER_PREFIX__= -D__SCHAR_MAX__=127 -D__SEG_FS=1 -D__SEG_GS=1 -D__SHRT_MAX__=32767 -D__SHRT_WIDTH__=16 -D__SIG_ATOMIC_MAX__=2147483647 -D__SIG_ATOMIC_WIDTH__=32 -D__SIZEOF_DOUBLE__=8 -D__SIZEOF_FLOAT__=4 -D__SIZEOF_INT128__=16 -D__SIZEOF_INT__=4 -D__SIZEOF_LONG_DOUBLE__=8 -D__SIZEOF_LONG_LONG__=8 -D__SIZEOF_LONG__=4 -D__SIZEOF_POINTER__=8 -D__SIZEOF_PTRDIFF_T__=8 -D__SIZEOF_SHORT__=2 -D__SIZEOF_SIZE_T__=8 -D__SIZEOF_WCHAR_T__=2 -D__SIZEOF_WINT_T__=2 "-D__SIZE_FMTX__=\"llX\"" "-D__SIZE_FMTo__=\"llo\"" "-D__SIZE_FMTu__=\"llu\"" "-D__SIZE_FMTx__=\"llx\"" -D__SIZE_MAX__=18446744073709551615ULL "-D__SIZE_TYPE__=long long unsigned int" -D__SIZE_WIDTH__=64 -D__SSE2_MATH__=1 -D__SSE2__=1 -D__SSE_MATH__=1 -D__SSE__=1 -D__STDC_EMBED_EMPTY__=2 -D__STDC_EMBED_FOUND__=1 -D__STDC_EMBED_NOT_FOUND__=0 -D__STDC_UTF_16__=1 -D__STDC_UTF_32__=1 -D__UINT16_C(c)=c -D__UINT16_C_SUFFIX__= "-D__UINT16_FMTX__=\"hX\"" "-D__UINT16_FMTo__=\"ho\"" "-D__UINT16_FMTu__=\"hu\"" "-D__UINT16_FMTx__=\"hx\"" -D__UINT16_MAX__=65535 "-D__UINT16_TYPE__=unsigned short" -D__UINT32_C(c)=c##U -D__UINT32_C_SUFFIX__=U "-D__UINT32_FMTX__=\"X\"" "-D__UINT32_FMTo__=\"o\"" "-D__UINT32_FMTu__=\"u\"" "-D__UINT32_FMTx__=\"x\"" -D__UINT32_MAX__=4294967295U "-D__UINT32_TYPE__=unsigned int" -D__UINT64_C(c)=c##ULL -D__UINT64_C_SUFFIX__=ULL "-D__UINT64_FMTX__=\"llX\"" "-D__UINT64_FMTo__=\"llo\"" "-D__UINT64_FMTu__=\"llu\"" "-D__UINT64_FMTx__=\"llx\"" -D__UINT64_MAX__=18446744073709551615ULL "-D__UINT64_TYPE__=long long unsigned int" -D__UINT8_C(c)=c -D__UINT8_C_SUFFIX__= "-D__UINT8_FMTX__=\"hhX\"" "-D__UINT8_FMTo__=\"hho\"" "-D__UINT8_FMTu__=\"hhu\"" "-D__UINT8_FMTx__=\"hhx\"" -D__UINT8_MAX__=255 "-D__UINT8_TYPE__=unsigned char" -D__UINTMAX_C(c)=c##ULL -D__UINTMAX_C_SUFFIX__=ULL "-D__UINTMAX_FMTX__=\"llX\"" "-D__UINTMAX_FMTo__=\"llo\"" "-D__UINTMAX_FMTu__=\"llu\"" "-D__UINTMAX_FMTx__=\"llx\"" -D__UINTMAX_MAX__=18446744073709551615ULL "-D__UINTMAX_TYPE__=long long unsigned int" -D__UINTMAX_WIDTH__=64 "-D__UINTPTR_FMTX__=\"llX\"" "-D__UINTPTR_FMTo__=\"llo\"" "-D__UINTPTR_FMTu__=\"llu\"" "-D__UINTPTR_FMTx__=\"llx\"" -D__UINTPTR_MAX__=18446744073709551615ULL "-D__UINTPTR_TYPE__=long long unsigned int" -D__UINTPTR_WIDTH__=64 "-D__UINT_FAST16_FMTX__=\"hX\"" "-D__UINT_FAST16_FMTo__=\"ho\"" "-D__UINT_FAST16_FMTu__=\"hu\"" "-D__UINT_FAST16_FMTx__=\"hx\"" -D__UINT_FAST16_MAX__=65535 "-D__UINT_FAST16_TYPE__=unsigned short" "-D__UINT_FAST32_FMTX__=\"X\"" "-D__UINT_FAST32_FMTo__=\"o\"" "-D__UINT_FAST32_FMTu__=\"u\"" "-D__UINT_FAST32_FMTx__=\"x\"" -D__UINT_FAST32_MAX__=4294967295U "-D__UINT_FAST32_TYPE__=unsigned int" "-D__UINT_FAST64_FMTX__=\"llX\"" "-D__UINT_FAST64_FMTo__=\"llo\"" "-D__UINT_FAST64_FMTu__=\"llu\"" "-D__UINT_FAST64_FMTx__=\"llx\"" -D__UINT_FAST64_MAX__=18446744073709551615ULL "-D__UINT_FAST64_TYPE__=long long unsigned int" "-D__UINT_FAST8_FMTX__=\"hhX\"" "-D__UINT_FAST8_FMTo__=\"hho\"" "-D__UINT_FAST8_FMTu__=\"hhu\"" "-D__UINT_FAST8_FMTx__=\"hhx\"" -D__UINT_FAST8_MAX__=255 "-D__UINT_FAST8_TYPE__=unsigned char" "-D__UINT_LEAST16_FMTX__=\"hX\"" "-D__UINT_LEAST16_FMTo__=\"ho\"" "-D__UINT_LEAST16_FMTu__=\"hu\"" "-D__UINT_LEAST16_FMTx__=\"hx\"" -D__UINT_LEAST16_MAX__=65535 "-D__UINT_LEAST16_TYPE__=unsigned short" "-D__UINT_LEAST32_FMTX__=\"X\"" "-D__UINT_LEAST32_FMTo__=\"o\"" "-D__UINT_LEAST32_FMTu__=\"u\"" "-D__UINT_LEAST32_FMTx__=\"x\"" -D__UINT_LEAST32_MAX__=4294967295U "-D__UINT_LEAST32_TYPE__=unsigned int" "-D__UINT_LEAST64_FMTX__=\"llX\"" "-D__UINT_LEAST64_FMTo__=\"llo\"" "-D__UINT_LEAST64_FMTu__=\"llu\"" "-D__UINT_LEAST64_FMTx__=\"llx\"" -D__UINT_LEAST64_MAX__=18446744073709551615ULL "-D__UINT_LEAST64_TYPE__=long long unsigned int" "-D__UINT_LEAST8_FMTX__=\"hhX\"" "-D__UINT_LEAST8_FMTo__=\"hho\"" "-D__UINT_LEAST8_FMTu__=\"hhu\"" "-D__UINT_LEAST8_FMTx__=\"hhx\"" -D__UINT_LEAST8_MAX__=255 "-D__UINT_LEAST8_TYPE__=unsigned char" -D__USER_LABEL_PREFIX__= "-D__VERSION__=\"Clang 22.1.2 (https://github.com/llvm/llvm-project 1ab49a973e210e97d61e5db6557180dcb92c3e98)\"" -D__WCHAR_MAX__=65535 "-D__WCHAR_TYPE__=unsigned short" -D__WCHAR_UNSIGNED__=1 -D__WCHAR_WIDTH__=16 -D__WINT_MAX__=65535 "-D__WINT_TYPE__=unsigned short" -D__WINT_UNSIGNED__=1 -D__WINT_WIDTH__=16 -D__amd64=1 -D__amd64__=1 -D__clang__=1 "-D__clang_literal_encoding__=\"UTF-8\"" -D__clang_major__=22 -D__clang_minor__=1 -D__clang_patchlevel__=2 "-D__clang_version__=\"22.1.2 (https://github.com/llvm/llvm-project 1ab49a973e210e97d61e5db6557180dcb92c3e98)\"" "-D__clang_wide_literal_encoding__=\"UTF-16\"" -D__code_model_small__=1 -D__k8=1 -D__k8__=1 -D__llvm__=1 -D__pic__=2 -D__seg_fs=__attribute__((address_space(257))) -D__seg_gs=__attribute__((address_space(256))) -D__tune_k8__=1 -D__x86_64=1 -D__x86_64__=1 "-D__private_extern__=extern __attribute__((visibility(\"hidden\")))" "-IC:\Program Files\LLVM\lib\clang\22\include" "-IC:\Program Files (x86)\Microsoft Visual Studio\18\BuildTools\VC\Tools\MSVC\14.50.35717\include" "-IC:\Program Files (x86)\Windows Kits\10\Include\10.0.26100.0\ucrt" "-IC:\Program Files (x86)\Windows Kits\10\Include\10.0.26100.0\shared" "-IC:\Program Files (x86)\Windows Kits\10\Include\10.0.26100.0\um" "-IC:\Program Files (x86)\Windows Kits\10\Include\10.0.26100.0\winrt" "-IC:\Program Files (x86)\Windows Kits\10\Include\10.0.26100.0\cppwinrt" -- C:\Users\user\Desktop\lab_doc\harmc\mem_leak_all.c
[E 03:54:51 40888] CODEQL_EXTRACTOR_CPP_TRAP_CACHING is not set
[E 03:54:51 40888] CODEQL_EXTRACTOR_CPP_OPTION_TRAP_CACHE_WRITE is not set
[E 03:54:51 40888] CODEQL_EXTRACTOR_CPP_OPTION_TRAP_CACHE_DIR is not set
[E 03:54:51 40888] Initialising TRAP cache at path: \\?\C:\Users\user\Desktop\lab_doc\harmc\3d\253c\3c65f8c4fb0a64be8fe55e81cc33
[E 03:54:51 40888] Not using TRAP cache
[E 03:54:51 40888] TRAP cache miss
[E 03:54:51 40888] Starting compilation TRAP C:\Users\user\Desktop\lab_doc\harmc\codeql-db\trap\cpp/compilations/9/10470141_0.trap.zst
[E 03:54:51 40888] Archiving C:\Users\user\Desktop\lab_doc\harmc\codeql-db\src/C_/Users/user/Desktop/lab_doc/harmc/mem_leak_all.c
[E 03:54:51 40888] Already archived C:\Users\user\Desktop\lab_doc\harmc\codeql-db\src/C_/Program Files (x86)/Windows Kits/10/Include/10.0.26100.0/ucrt/stdio.h
[E 03:54:51 40888] Already archived C:\Users\user\Desktop\lab_doc\harmc\codeql-db\src/C_/Program Files (x86)/Windows Kits/10/Include/10.0.26100.0/ucrt/corecrt.h
[E 03:54:51 40888] Already archived C:\Users\user\Desktop\lab_doc\harmc\codeql-db\src/C_/Program Files (x86)/Microsoft Visual Studio/18/BuildTools/VC/Tools/MSVC/14.50.35717/include/vcruntime.h
[E 03:54:51 40888] Already archived C:\Users\user\Desktop\lab_doc\harmc\codeql-db\src/C_/Program Files (x86)/Microsoft Visual Studio/18/BuildTools/VC/Tools/MSVC/14.50.35717/include/sal.h
[E 03:54:51 40888] Already archived C:\Users\user\Desktop\lab_doc\harmc\codeql-db\src/C_/Program Files (x86)/Microsoft Visual Studio/18/BuildTools/VC/Tools/MSVC/14.50.35717/include/concurrencysal.h
[E 03:54:51 40888] Already archived C:\Users\user\Desktop\lab_doc\harmc\codeql-db\src/C_/Program Files/LLVM/lib/clang/22/include/vadefs.h
[E 03:54:51 40888] Already archived C:\Users\user\Desktop\lab_doc\harmc\codeql-db\src/C_/Program Files (x86)/Microsoft Visual Studio/18/BuildTools/VC/Tools/MSVC/14.50.35717/include/vadefs.h
[E 03:54:51 40888] Already archived C:\Users\user\Desktop\lab_doc\harmc\codeql-db\src/C_/Program Files (x86)/Windows Kits/10/Include/10.0.26100.0/ucrt/corecrt_wstdio.h
[E 03:54:51 40888] Already archived C:\Users\user\Desktop\lab_doc\harmc\codeql-db\src/C_/Program Files (x86)/Windows Kits/10/Include/10.0.26100.0/ucrt/corecrt_stdio_config.h
[E 03:54:51 40888] Already archived C:\Users\user\Desktop\lab_doc\harmc\codeql-db\src/C_/Program Files (x86)/Windows Kits/10/Include/10.0.26100.0/ucrt/stdlib.h
[E 03:54:51 40888] Already archived C:\Users\user\Desktop\lab_doc\harmc\codeql-db\src/C_/Program Files (x86)/Windows Kits/10/Include/10.0.26100.0/ucrt/corecrt_malloc.h
[E 03:54:51 40888] Already archived C:\Users\user\Desktop\lab_doc\harmc\codeql-db\src/C_/Program Files (x86)/Windows Kits/10/Include/10.0.26100.0/ucrt/corecrt_search.h
[E 03:54:51 40888] Already archived C:\Users\user\Desktop\lab_doc\harmc\codeql-db\src/C_/Program Files/LLVM/lib/clang/22/include/stddef.h
[E 03:54:51 40888] Already archived C:\Users\user\Desktop\lab_doc\harmc\codeql-db\src/C_/Program Files/LLVM/lib/clang/22/include/__stddef_header_macro.h
[E 03:54:51 40888] Already archived C:\Users\user\Desktop\lab_doc\harmc\codeql-db\src/C_/Program Files/LLVM/lib/clang/22/include/__stddef_ptrdiff_t.h
[E 03:54:51 40888] Already archived C:\Users\user\Desktop\lab_doc\harmc\codeql-db\src/C_/Program Files/LLVM/lib/clang/22/include/__stddef_size_t.h
[E 03:54:51 40888] Already archived C:\Users\user\Desktop\lab_doc\harmc\codeql-db\src/C_/Program Files/LLVM/lib/clang/22/include/__stddef_wchar_t.h
[E 03:54:51 40888] Already archived C:\Users\user\Desktop\lab_doc\harmc\codeql-db\src/C_/Program Files/LLVM/lib/clang/22/include/__stddef_null.h
[E 03:54:51 40888] Already archived C:\Users\user\Desktop\lab_doc\harmc\codeql-db\src/C_/Program Files/LLVM/lib/clang/22/include/__stddef_max_align_t.h
[E 03:54:51 40888] Already archived C:\Users\user\Desktop\lab_doc\harmc\codeql-db\src/C_/Program Files/LLVM/lib/clang/22/include/__stddef_offsetof.h
[E 03:54:51 40888] Already archived C:\Users\user\Desktop\lab_doc\harmc\codeql-db\src/C_/Program Files (x86)/Windows Kits/10/Include/10.0.26100.0/ucrt/corecrt_wstdlib.h
[E 03:54:51 40888] Already archived C:\Users\user\Desktop\lab_doc\harmc\codeql-db\src/C_/Program Files/LLVM/lib/clang/22/include/limits.h
[E 03:54:51 40888] Already archived C:\Users\user\Desktop\lab_doc\harmc\codeql-db\src/C_/Program Files (x86)/Microsoft Visual Studio/18/BuildTools/VC/Tools/MSVC/14.50.35717/include/limits.h
[E 03:54:51 40888] Already archived C:\Users\user\Desktop\lab_doc\harmc\codeql-db\src/C_/Program Files (x86)/Windows Kits/10/Include/10.0.26100.0/ucrt/string.h
[E 03:54:51 40888] Already archived C:\Users\user\Desktop\lab_doc\harmc\codeql-db\src/C_/Program Files (x86)/Windows Kits/10/Include/10.0.26100.0/ucrt/corecrt_memory.h
[E 03:54:51 40888] Already archived C:\Users\user\Desktop\lab_doc\harmc\codeql-db\src/C_/Program Files (x86)/Windows Kits/10/Include/10.0.26100.0/ucrt/corecrt_memcpy_s.h
[E 03:54:51 40888] Already archived C:\Users\user\Desktop\lab_doc\harmc\codeql-db\src/C_/Program Files (x86)/Windows Kits/10/Include/10.0.26100.0/ucrt/errno.h
[E 03:54:51 40888] Already archived C:\Users\user\Desktop\lab_doc\harmc\codeql-db\src/C_/Program Files (x86)/Microsoft Visual Studio/18/BuildTools/VC/Tools/MSVC/14.50.35717/include/vcruntime_string.h
[E 03:54:51 40888] Already archived C:\Users\user\Desktop\lab_doc\harmc\codeql-db\src/C_/Program Files (x86)/Windows Kits/10/Include/10.0.26100.0/ucrt/corecrt_wstring.h
[E 03:54:51 40888] Warning[extractor-c++]: In emit_platform_diagnostic: Failed to rename diagnostic file from 'C:\Users\user\Desktop\lab_doc\harmc\codeql-db\diagnostic\extractors\cpp\platform.11263779078285517235.jsonl.40888' to 'C:\Users\user\Desktop\lab_doc\harmc\codeql-db\diagnostic\extractors\cpp\platform.11263779078285517235.jsonl': 另一个程序正在使用此文件，进程无法访问。
[E 03:54:51 40888] Creating trap tarball C:\Users\user\Desktop\lab_doc\harmc\codeql-db\trap\cpp/tarballs/C_/Users/user/Desktop/lab_doc/harmc/mem_leak_all.c.68d072fd_0.trap.tar.zst
[E 03:54:51 40888] Emitting trap files for C:\Users\user\Desktop\lab_doc\harmc\mem_leak_all.c
[E 03:54:51 40888] Opening existencedb in \\?\C:\Users\user\Desktop\lab_doc\harmc\codeql-db\working\existencedb\db
[E 03:54:51 40888] Wrote 1 files to C:\Users\user\Desktop\lab_doc\harmc\codeql-db\trap\cpp/tarballs/C_/Users/user/Desktop/lab_doc/harmc/mem_leak_all.c.68d072fd_0.trap.tar.zst
[E 03:54:51 40888] Finished compilation TRAP C:\Users\user\Desktop\lab_doc\harmc\codeql-db\trap\cpp/compilations/9/10470141_0.trap.zst
[E 03:54:51 40888] Marking C compilation as happened.
[E 03:54:51 40888] Setting tag c-compilation-happened
[E 03:54:51 40888] Starting from CODEQL_TRACER_DB_ID 98C7B1F100002878_0000000000000001
[E 03:54:51 40888] Locking DB C:\Users\user\Desktop\lab_doc\harmc\codeql-db\working/tags.db
[E 03:54:51 40888] Locked DB C:\Users\user\Desktop\lab_doc\harmc\codeql-db\working/tags.db
[E 03:54:51 40888] Set tag for 98C7B1F100002878_0000000000000001
[E 03:54:51 40888] Set tag for 6628EC8D0000868C_0000000000000001
[E 03:54:51 40888] Set tag for C6DE15E600007474_0000000000000001
[E 03:54:51 40888] Set tag for A4DE30E3000059CC_0000000000000001
[E 03:54:51 40888] Unlocking DB
[E 03:54:51 40888] Unlocked DB
[E 03:54:51 40888] Extractor exited successfully
[T 03:54:51 10360] Allocated ID 9229593800002878_0000000000000001 (parent 6628EC8D0000868C_0000000000000001)
[T 03:54:51 10360] ==== Candidate to intercept: C:\Program Files\LLVM\bin\clang.exe (19944) ====
[T 03:54:51 10360] Lua: === Intercepted call to c:\program files\llvm\bin\clang.exe ===
[T 03:54:51 10360] Executing the following tracer actions:
[T 03:54:51 10360] Tracer actions:
[T 03:54:51 10360] pre_invocations(0)
[T 03:54:51 10360] post_invocations(1)
[T 03:54:51 10360] invocation: F:\qltool\codeql\cpp\tools\win64\extractor.exe, args: --mimic "c:\program files\llvm\bin\clang.exe" -c C:\Users\user\Desktop\lab_doc\harmc\mem_leak_randomone_.c -o mem_leak_randomone_.obj
[T 03:54:51 10360] trace_languages(1): [cpp]
[E 03:54:51 39480] CodeQL C/C++ Extractor 2.25.3
[E 03:54:51 39480] Current directory: C:\Users\user\Desktop\lab_doc\harmc
[E 03:54:51 39480] Command: F:\qltool\codeql\cpp\tools\win64\extractor.exe --mimic "c:\program files\llvm\bin\clang.exe" -c C:\Users\user\Desktop\lab_doc\harmc\mem_leak_randomone_.c -o mem_leak_randomone_.obj
[E 03:54:51 39480] Checking whether C compilation already happened.
[E 03:54:51 39480] Checking for tag c-compilation-happened
[E 03:54:51 39480] Checking CODEQL_TRACER_DB_ID 9229593800002878_0000000000000001
[E 03:54:51 39480] Locking DB C:\Users\user\Desktop\lab_doc\harmc\codeql-db\working/tags.db
[E 03:54:51 39480] Locked DB C:\Users\user\Desktop\lab_doc\harmc\codeql-db\working/tags.db
[E 03:54:51 39480] Unlocking DB
[E 03:54:51 39480] Unlocked DB
[E 03:54:51 39480] Looks like C compilation didn't already happen.
[E 03:54:51 39480] Checking whether C compilation has been attempted.
[E 03:54:51 39480] Checking for tag c-compilation-attempted
[E 03:54:51 39480] Checking CODEQL_TRACER_DB_ID 9229593800002878_0000000000000001
[E 03:54:51 39480] Locking DB C:\Users\user\Desktop\lab_doc\harmc\codeql-db\working/tags.db
[E 03:54:51 39480] Locked DB C:\Users\user\Desktop\lab_doc\harmc\codeql-db\working/tags.db
[E 03:54:51 39480] Unlocking DB
[E 03:54:51 39480] Unlocked DB
[E 03:54:51 39480] Marking C compilation as attempted.
[E 03:54:51 39480] Setting tag c-compilation-attempted
[E 03:54:51 39480] Starting from CODEQL_TRACER_DB_ID 9229593800002878_0000000000000001
[E 03:54:51 39480] Locking DB C:\Users\user\Desktop\lab_doc\harmc\codeql-db\working/tags.db
[E 03:54:51 39480] Locked DB C:\Users\user\Desktop\lab_doc\harmc\codeql-db\working/tags.db
[E 03:54:51 39480] Set tag for 9229593800002878_0000000000000001
[E 03:54:51 39480] Set tag for 6628EC8D0000868C_0000000000000001
[E 03:54:51 39480] Set tag for C6DE15E600007474_0000000000000001
[E 03:54:51 39480] Set tag for A4DE30E3000059CC_0000000000000001
[E 03:54:51 39480] Unlocking DB
[E 03:54:51 39480] Unlocked DB
[E 03:54:51 39480] Processed command line: F:\qltool\codeql\cpp\tools\win64\extractor.exe --trapfolder C:\Users\user\Desktop\lab_doc\harmc\codeql-db\trap\cpp --src_archive C:\Users\user\Desktop\lab_doc\harmc\codeql-db\src --object_filename mem_leak_randomone_.obj --no_warnings_and_discretionary_errors --error_limit 1000 --disable_system_macros --variadic_macros --incognito --gcc --ms_compatibility --clang_version 220102 --microsoft_version 1950 --gnu_version 40801 --has_feature_vector 11111111111111110000000000000000000000000000000000000000000000000000011 --clang --target win64 -D_CRT_USE_BUILTIN_OFFSETOF=1 -D_INTEGRAL_MAX_BITS=64 -D_MSC_BUILD=1 -D_MSC_EXTENSIONS=1 -D_MSC_FULL_VER=195035728 -D_MSC_VER=1950 -D_MSVC_CONSTEXPR_ATTRIBUTE=1 -D_MSVC_EXECUTION_CHARACTER_SET=65001 -D_M_AMD64=100 -D_M_FP_CONTRACT=1 -D_M_FP_PRECISE=1 -D_M_X64=100 -D_WIN32=1 -D_WIN64=1 -D__ATOMIC_ACQUIRE=2 -D__ATOMIC_ACQ_REL=4 -D__ATOMIC_CONSUME=1 -D__ATOMIC_RELAXED=0 -D__ATOMIC_RELEASE=3 -D__ATOMIC_SEQ_CST=5 -D__BIGGEST_ALIGNMENT__=16 -D__BITINT_MAXWIDTH__=8388608 -D__BOOL_WIDTH__=1 -D__BYTE_ORDER__=__ORDER_LITTLE_ENDIAN__ -D__CHAR_BIT__=8 -D__CLANG_ATOMIC_BOOL_LOCK_FREE=2 -D__CLANG_ATOMIC_CHAR16_T_LOCK_FREE=2 -D__CLANG_ATOMIC_CHAR32_T_LOCK_FREE=2 -D__CLANG_ATOMIC_CHAR_LOCK_FREE=2 -D__CLANG_ATOMIC_INT_LOCK_FREE=2 -D__CLANG_ATOMIC_LLONG_LOCK_FREE=2 -D__CLANG_ATOMIC_LONG_LOCK_FREE=2 -D__CLANG_ATOMIC_POINTER_LOCK_FREE=2 -D__CLANG_ATOMIC_SHORT_LOCK_FREE=2 -D__CLANG_ATOMIC_WCHAR_T_LOCK_FREE=2 -D__CONSTANT_CFSTRINGS__=1 -D__DBL_DECIMAL_DIG__=17 -D__DBL_DENORM_MIN__=4.9406564584124654e-324 -D__DBL_DIG__=15 -D__DBL_EPSILON__=2.2204460492503131e-16 -D__DBL_HAS_DENORM__=1 -D__DBL_HAS_INFINITY__=1 -D__DBL_HAS_QUIET_NAN__=1 -D__DBL_MANT_DIG__=53 -D__DBL_MAX_10_EXP__=308 -D__DBL_MAX_EXP__=1024 -D__DBL_MAX__=1.7976931348623157e+308 -D__DBL_MIN_10_EXP__=(-307) -D__DBL_MIN_EXP__=(-1021) -D__DBL_MIN__=2.2250738585072014e-308 -D__DBL_NORM_MAX__=1.7976931348623157e+308 -D__DECIMAL_DIG__=__LDBL_DECIMAL_DIG__ -D__FINITE_MATH_ONLY__=0 -D__FLT16_DECIMAL_DIG__=5 -D__FLT16_DENORM_MIN__=5.9604644775390625e-8F16 -D__FLT16_DIG__=3 -D__FLT16_EPSILON__=9.765625e-4F16 -D__FLT16_HAS_DENORM__=1 -D__FLT16_HAS_INFINITY__=1 -D__FLT16_HAS_QUIET_NAN__=1 -D__FLT16_MANT_DIG__=11 -D__FLT16_MAX_10_EXP__=4 -D__FLT16_MAX_EXP__=16 -D__FLT16_MAX__=6.5504e+4F16 -D__FLT16_MIN_10_EXP__=(-4) -D__FLT16_MIN_EXP__=(-13) -D__FLT16_MIN__=6.103515625e-5F16 -D__FLT16_NORM_MAX__=6.5504e+4F16 -D__FLT_DECIMAL_DIG__=9 -D__FLT_DENORM_MIN__=1.40129846e-45F -D__FLT_DIG__=6 -D__FLT_EPSILON__=1.19209290e-7F -D__FLT_HAS_DENORM__=1 -D__FLT_HAS_INFINITY__=1 -D__FLT_HAS_QUIET_NAN__=1 -D__FLT_MANT_DIG__=24 -D__FLT_MAX_10_EXP__=38 -D__FLT_MAX_EXP__=128 -D__FLT_MAX__=3.40282347e+38F -D__FLT_MIN_10_EXP__=(-37) -D__FLT_MIN_EXP__=(-125) -D__FLT_MIN__=1.17549435e-38F -D__FLT_NORM_MAX__=3.40282347e+38F -D__FLT_RADIX__=2 -D__FPCLASS_NEGINF=0x0004 -D__FPCLASS_NEGNORMAL=0x0008 -D__FPCLASS_NEGSUBNORMAL=0x0010 -D__FPCLASS_NEGZERO=0x0020 -D__FPCLASS_POSINF=0x0200 -D__FPCLASS_POSNORMAL=0x0100 -D__FPCLASS_POSSUBNORMAL=0x0080 -D__FPCLASS_POSZERO=0x0040 -D__FPCLASS_QNAN=0x0002 -D__FPCLASS_SNAN=0x0001 -D__FXSR__=1 -D__GCC_ASM_FLAG_OUTPUTS__=1 -D__GCC_CONSTRUCTIVE_SIZE=64 -D__GCC_DESTRUCTIVE_SIZE=64 -D__GCC_HAVE_SYNC_COMPARE_AND_SWAP_1=1 -D__GCC_HAVE_SYNC_COMPARE_AND_SWAP_2=1 -D__GCC_HAVE_SYNC_COMPARE_AND_SWAP_4=1 -D__GCC_HAVE_SYNC_COMPARE_AND_SWAP_8=1 -D__INT16_C(c)=c -D__INT16_C_SUFFIX__= "-D__INT16_FMTd__=\"hd\"" "-D__INT16_FMTi__=\"hi\"" -D__INT16_MAX__=32767 -D__INT16_TYPE__=short -D__INT32_C(c)=c -D__INT32_C_SUFFIX__= "-D__INT32_FMTd__=\"d\"" "-D__INT32_FMTi__=\"i\"" -D__INT32_MAX__=2147483647 -D__INT32_TYPE__=int -D__INT64_C(c)=c##LL -D__INT64_C_SUFFIX__=LL "-D__INT64_FMTd__=\"lld\"" "-D__INT64_FMTi__=\"lli\"" -D__INT64_MAX__=9223372036854775807LL "-D__INT64_TYPE__=long long int" -D__INT8_C(c)=c -D__INT8_C_SUFFIX__= "-D__INT8_FMTd__=\"hhd\"" "-D__INT8_FMTi__=\"hhi\"" -D__INT8_MAX__=127 "-D__INT8_TYPE__=signed char" -D__INTMAX_C(c)=c##LL -D__INTMAX_C_SUFFIX__=LL "-D__INTMAX_FMTd__=\"lld\"" "-D__INTMAX_FMTi__=\"lli\"" -D__INTMAX_MAX__=9223372036854775807LL "-D__INTMAX_TYPE__=long long int" -D__INTMAX_WIDTH__=64 "-D__INTPTR_FMTd__=\"lld\"" "-D__INTPTR_FMTi__=\"lli\"" -D__INTPTR_MAX__=9223372036854775807LL "-D__INTPTR_TYPE__=long long int" -D__INTPTR_WIDTH__=64 "-D__INT_FAST16_FMTd__=\"hd\"" "-D__INT_FAST16_FMTi__=\"hi\"" -D__INT_FAST16_MAX__=32767 -D__INT_FAST16_TYPE__=short -D__INT_FAST16_WIDTH__=16 "-D__INT_FAST32_FMTd__=\"d\"" "-D__INT_FAST32_FMTi__=\"i\"" -D__INT_FAST32_MAX__=2147483647 -D__INT_FAST32_TYPE__=int -D__INT_FAST32_WIDTH__=32 "-D__INT_FAST64_FMTd__=\"lld\"" "-D__INT_FAST64_FMTi__=\"lli\"" -D__INT_FAST64_MAX__=9223372036854775807LL "-D__INT_FAST64_TYPE__=long long int" -D__INT_FAST64_WIDTH__=64 "-D__INT_FAST8_FMTd__=\"hhd\"" "-D__INT_FAST8_FMTi__=\"hhi\"" -D__INT_FAST8_MAX__=127 "-D__INT_FAST8_TYPE__=signed char" -D__INT_FAST8_WIDTH__=8 "-D__INT_LEAST16_FMTd__=\"hd\"" "-D__INT_LEAST16_FMTi__=\"hi\"" -D__INT_LEAST16_MAX__=32767 -D__INT_LEAST16_TYPE__=short -D__INT_LEAST16_WIDTH__=16 "-D__INT_LEAST32_FMTd__=\"d\"" "-D__INT_LEAST32_FMTi__=\"i\"" -D__INT_LEAST32_MAX__=2147483647 -D__INT_LEAST32_TYPE__=int -D__INT_LEAST32_WIDTH__=32 "-D__INT_LEAST64_FMTd__=\"lld\"" "-D__INT_LEAST64_FMTi__=\"lli\"" -D__INT_LEAST64_MAX__=9223372036854775807LL "-D__INT_LEAST64_TYPE__=long long int" -D__INT_LEAST64_WIDTH__=64 "-D__INT_LEAST8_FMTd__=\"hhd\"" "-D__INT_LEAST8_FMTi__=\"hhi\"" -D__INT_LEAST8_MAX__=127 "-D__INT_LEAST8_TYPE__=signed char" -D__INT_LEAST8_WIDTH__=8 -D__INT_MAX__=2147483647 -D__INT_WIDTH__=32 -D__LDBL_DECIMAL_DIG__=17 -D__LDBL_DENORM_MIN__=4.9406564584124654e-324L -D__LDBL_DIG__=15 -D__LDBL_EPSILON__=2.2204460492503131e-16L -D__LDBL_HAS_DENORM__=1 -D__LDBL_HAS_INFINITY__=1 -D__LDBL_HAS_QUIET_NAN__=1 -D__LDBL_MANT_DIG__=53 -D__LDBL_MAX_10_EXP__=308 -D__LDBL_MAX_EXP__=1024 -D__LDBL_MAX__=1.7976931348623157e+308L -D__LDBL_MIN_10_EXP__=(-307) -D__LDBL_MIN_EXP__=(-1021) -D__LDBL_MIN__=2.2250738585072014e-308L -D__LDBL_NORM_MAX__=1.7976931348623157e+308L -D__LITTLE_ENDIAN__=1 -D__LLONG_WIDTH__=64 -D__LONG_LONG_MAX__=9223372036854775807LL -D__LONG_MAX__=2147483647L -D__LONG_WIDTH__=32 -D__MEMORY_SCOPE_CLUSTR=5 -D__MEMORY_SCOPE_DEVICE=1 -D__MEMORY_SCOPE_SINGLE=4 -D__MEMORY_SCOPE_SYSTEM=0 -D__MEMORY_SCOPE_WRKGRP=2 -D__MEMORY_SCOPE_WVFRNT=3 -D__MMX__=1 -D__NO_INLINE__=1 -D__NO_MATH_INLINES=1 -D__OBJC_BOOL_IS_BOOL=0 -D__OPENCL_MEMORY_SCOPE_ALL_SVM_DEVICES=3 -D__OPENCL_MEMORY_SCOPE_DEVICE=2 -D__OPENCL_MEMORY_SCOPE_SUB_GROUP=4 -D__OPENCL_MEMORY_SCOPE_WORK_GROUP=1 -D__OPENCL_MEMORY_SCOPE_WORK_ITEM=0 -D__ORDER_BIG_ENDIAN__=4321 -D__ORDER_LITTLE_ENDIAN__=1234 -D__ORDER_PDP_ENDIAN__=3412 -D__PIC__=2 -D__POINTER_WIDTH__=64 -D__PRAGMA_REDEFINE_EXTNAME=1 "-D__PTRDIFF_FMTd__=\"lld\"" "-D__PTRDIFF_FMTi__=\"lli\"" -D__PTRDIFF_MAX__=9223372036854775807LL "-D__PTRDIFF_TYPE__=long long int" -D__PTRDIFF_WIDTH__=64 -D__REGISTER_PREFIX__= -D__SCHAR_MAX__=127 -D__SEG_FS=1 -D__SEG_GS=1 -D__SHRT_MAX__=32767 -D__SHRT_WIDTH__=16 -D__SIG_ATOMIC_MAX__=2147483647 -D__SIG_ATOMIC_WIDTH__=32 -D__SIZEOF_DOUBLE__=8 -D__SIZEOF_FLOAT__=4 -D__SIZEOF_INT128__=16 -D__SIZEOF_INT__=4 -D__SIZEOF_LONG_DOUBLE__=8 -D__SIZEOF_LONG_LONG__=8 -D__SIZEOF_LONG__=4 -D__SIZEOF_POINTER__=8 -D__SIZEOF_PTRDIFF_T__=8 -D__SIZEOF_SHORT__=2 -D__SIZEOF_SIZE_T__=8 -D__SIZEOF_WCHAR_T__=2 -D__SIZEOF_WINT_T__=2 "-D__SIZE_FMTX__=\"llX\"" "-D__SIZE_FMTo__=\"llo\"" "-D__SIZE_FMTu__=\"llu\"" "-D__SIZE_FMTx__=\"llx\"" -D__SIZE_MAX__=18446744073709551615ULL "-D__SIZE_TYPE__=long long unsigned int" -D__SIZE_WIDTH__=64 -D__SSE2_MATH__=1 -D__SSE2__=1 -D__SSE_MATH__=1 -D__SSE__=1 -D__STDC_EMBED_EMPTY__=2 -D__STDC_EMBED_FOUND__=1 -D__STDC_EMBED_NOT_FOUND__=0 -D__STDC_UTF_16__=1 -D__STDC_UTF_32__=1 -D__UINT16_C(c)=c -D__UINT16_C_SUFFIX__= "-D__UINT16_FMTX__=\"hX\"" "-D__UINT16_FMTo__=\"ho\"" "-D__UINT16_FMTu__=\"hu\"" "-D__UINT16_FMTx__=\"hx\"" -D__UINT16_MAX__=65535 "-D__UINT16_TYPE__=unsigned short" -D__UINT32_C(c)=c##U -D__UINT32_C_SUFFIX__=U "-D__UINT32_FMTX__=\"X\"" "-D__UINT32_FMTo__=\"o\"" "-D__UINT32_FMTu__=\"u\"" "-D__UINT32_FMTx__=\"x\"" -D__UINT32_MAX__=4294967295U "-D__UINT32_TYPE__=unsigned int" -D__UINT64_C(c)=c##ULL -D__UINT64_C_SUFFIX__=ULL "-D__UINT64_FMTX__=\"llX\"" "-D__UINT64_FMTo__=\"llo\"" "-D__UINT64_FMTu__=\"llu\"" "-D__UINT64_FMTx__=\"llx\"" -D__UINT64_MAX__=18446744073709551615ULL "-D__UINT64_TYPE__=long long unsigned int" -D__UINT8_C(c)=c -D__UINT8_C_SUFFIX__= "-D__UINT8_FMTX__=\"hhX\"" "-D__UINT8_FMTo__=\"hho\"" "-D__UINT8_FMTu__=\"hhu\"" "-D__UINT8_FMTx__=\"hhx\"" -D__UINT8_MAX__=255 "-D__UINT8_TYPE__=unsigned char" -D__UINTMAX_C(c)=c##ULL -D__UINTMAX_C_SUFFIX__=ULL "-D__UINTMAX_FMTX__=\"llX\"" "-D__UINTMAX_FMTo__=\"llo\"" "-D__UINTMAX_FMTu__=\"llu\"" "-D__UINTMAX_FMTx__=\"llx\"" -D__UINTMAX_MAX__=18446744073709551615ULL "-D__UINTMAX_TYPE__=long long unsigned int" -D__UINTMAX_WIDTH__=64 "-D__UINTPTR_FMTX__=\"llX\"" "-D__UINTPTR_FMTo__=\"llo\"" "-D__UINTPTR_FMTu__=\"llu\"" "-D__UINTPTR_FMTx__=\"llx\"" -D__UINTPTR_MAX__=18446744073709551615ULL "-D__UINTPTR_TYPE__=long long unsigned int" -D__UINTPTR_WIDTH__=64 "-D__UINT_FAST16_FMTX__=\"hX\"" "-D__UINT_FAST16_FMTo__=\"ho\"" "-D__UINT_FAST16_FMTu__=\"hu\"" "-D__UINT_FAST16_FMTx__=\"hx\"" -D__UINT_FAST16_MAX__=65535 "-D__UINT_FAST16_TYPE__=unsigned short" "-D__UINT_FAST32_FMTX__=\"X\"" "-D__UINT_FAST32_FMTo__=\"o\"" "-D__UINT_FAST32_FMTu__=\"u\"" "-D__UINT_FAST32_FMTx__=\"x\"" -D__UINT_FAST32_MAX__=4294967295U "-D__UINT_FAST32_TYPE__=unsigned int" "-D__UINT_FAST64_FMTX__=\"llX\"" "-D__UINT_FAST64_FMTo__=\"llo\"" "-D__UINT_FAST64_FMTu__=\"llu\"" "-D__UINT_FAST64_FMTx__=\"llx\"" -D__UINT_FAST64_MAX__=18446744073709551615ULL "-D__UINT_FAST64_TYPE__=long long unsigned int" "-D__UINT_FAST8_FMTX__=\"hhX\"" "-D__UINT_FAST8_FMTo__=\"hho\"" "-D__UINT_FAST8_FMTu__=\"hhu\"" "-D__UINT_FAST8_FMTx__=\"hhx\"" -D__UINT_FAST8_MAX__=255 "-D__UINT_FAST8_TYPE__=unsigned char" "-D__UINT_LEAST16_FMTX__=\"hX\"" "-D__UINT_LEAST16_FMTo__=\"ho\"" "-D__UINT_LEAST16_FMTu__=\"hu\"" "-D__UINT_LEAST16_FMTx__=\"hx\"" -D__UINT_LEAST16_MAX__=65535 "-D__UINT_LEAST16_TYPE__=unsigned short" "-D__UINT_LEAST32_FMTX__=\"X\"" "-D__UINT_LEAST32_FMTo__=\"o\"" "-D__UINT_LEAST32_FMTu__=\"u\"" "-D__UINT_LEAST32_FMTx__=\"x\"" -D__UINT_LEAST32_MAX__=4294967295U "-D__UINT_LEAST32_TYPE__=unsigned int" "-D__UINT_LEAST64_FMTX__=\"llX\"" "-D__UINT_LEAST64_FMTo__=\"llo\"" "-D__UINT_LEAST64_FMTu__=\"llu\"" "-D__UINT_LEAST64_FMTx__=\"llx\"" -D__UINT_LEAST64_MAX__=18446744073709551615ULL "-D__UINT_LEAST64_TYPE__=long long unsigned int" "-D__UINT_LEAST8_FMTX__=\"hhX\"" "-D__UINT_LEAST8_FMTo__=\"hho\"" "-D__UINT_LEAST8_FMTu__=\"hhu\"" "-D__UINT_LEAST8_FMTx__=\"hhx\"" -D__UINT_LEAST8_MAX__=255 "-D__UINT_LEAST8_TYPE__=unsigned char" -D__USER_LABEL_PREFIX__= "-D__VERSION__=\"Clang 22.1.2 (https://github.com/llvm/llvm-project 1ab49a973e210e97d61e5db6557180dcb92c3e98)\"" -D__WCHAR_MAX__=65535 "-D__WCHAR_TYPE__=unsigned short" -D__WCHAR_UNSIGNED__=1 -D__WCHAR_WIDTH__=16 -D__WINT_MAX__=65535 "-D__WINT_TYPE__=unsigned short" -D__WINT_UNSIGNED__=1 -D__WINT_WIDTH__=16 -D__amd64=1 -D__amd64__=1 -D__clang__=1 "-D__clang_literal_encoding__=\"UTF-8\"" -D__clang_major__=22 -D__clang_minor__=1 -D__clang_patchlevel__=2 "-D__clang_version__=\"22.1.2 (https://github.com/llvm/llvm-project 1ab49a973e210e97d61e5db6557180dcb92c3e98)\"" "-D__clang_wide_literal_encoding__=\"UTF-16\"" -D__code_model_small__=1 -D__k8=1 -D__k8__=1 -D__llvm__=1 -D__pic__=2 -D__seg_fs=__attribute__((address_space(257))) -D__seg_gs=__attribute__((address_space(256))) -D__tune_k8__=1 -D__x86_64=1 -D__x86_64__=1 "-D__private_extern__=extern __attribute__((visibility(\"hidden\")))" "-IC:\Program Files\LLVM\lib\clang\22\include" "-IC:\Program Files (x86)\Microsoft Visual Studio\18\BuildTools\VC\Tools\MSVC\14.50.35717\include" "-IC:\Program Files (x86)\Windows Kits\10\Include\10.0.26100.0\ucrt" "-IC:\Program Files (x86)\Windows Kits\10\Include\10.0.26100.0\shared" "-IC:\Program Files (x86)\Windows Kits\10\Include\10.0.26100.0\um" "-IC:\Program Files (x86)\Windows Kits\10\Include\10.0.26100.0\winrt" "-IC:\Program Files (x86)\Windows Kits\10\Include\10.0.26100.0\cppwinrt" -- C:\Users\user\Desktop\lab_doc\harmc\mem_leak_randomone_.c
[E 03:54:51 39480] CODEQL_EXTRACTOR_CPP_TRAP_CACHING is not set
[E 03:54:51 39480] CODEQL_EXTRACTOR_CPP_OPTION_TRAP_CACHE_WRITE is not set
[E 03:54:51 39480] CODEQL_EXTRACTOR_CPP_OPTION_TRAP_CACHE_DIR is not set
[E 03:54:51 39480] Initialising TRAP cache at path: \\?\C:\Users\user\Desktop\lab_doc\harmc\92\88a6\a6cdc724c6a893bca3ff98c0215c
[E 03:54:51 39480] Not using TRAP cache
[E 03:54:51 39480] TRAP cache miss
[E 03:54:51 39480] Starting compilation TRAP C:\Users\user\Desktop\lab_doc\harmc\codeql-db\trap\cpp/compilations/52/10210388_0.trap.zst
[E 03:54:51 39480] Archiving C:\Users\user\Desktop\lab_doc\harmc\codeql-db\src/C_/Users/user/Desktop/lab_doc/harmc/mem_leak_randomone_.c
[E 03:54:51 39480] Already archived C:\Users\user\Desktop\lab_doc\harmc\codeql-db\src/C_/Program Files (x86)/Windows Kits/10/Include/10.0.26100.0/ucrt/stdio.h
[E 03:54:51 39480] Already archived C:\Users\user\Desktop\lab_doc\harmc\codeql-db\src/C_/Program Files (x86)/Windows Kits/10/Include/10.0.26100.0/ucrt/corecrt.h
[E 03:54:51 39480] Already archived C:\Users\user\Desktop\lab_doc\harmc\codeql-db\src/C_/Program Files (x86)/Microsoft Visual Studio/18/BuildTools/VC/Tools/MSVC/14.50.35717/include/vcruntime.h
[E 03:54:51 39480] Already archived C:\Users\user\Desktop\lab_doc\harmc\codeql-db\src/C_/Program Files (x86)/Microsoft Visual Studio/18/BuildTools/VC/Tools/MSVC/14.50.35717/include/sal.h
[E 03:54:51 39480] Already archived C:\Users\user\Desktop\lab_doc\harmc\codeql-db\src/C_/Program Files (x86)/Microsoft Visual Studio/18/BuildTools/VC/Tools/MSVC/14.50.35717/include/concurrencysal.h
[E 03:54:51 39480] Already archived C:\Users\user\Desktop\lab_doc\harmc\codeql-db\src/C_/Program Files/LLVM/lib/clang/22/include/vadefs.h
[E 03:54:51 39480] Already archived C:\Users\user\Desktop\lab_doc\harmc\codeql-db\src/C_/Program Files (x86)/Microsoft Visual Studio/18/BuildTools/VC/Tools/MSVC/14.50.35717/include/vadefs.h
[E 03:54:51 39480] Already archived C:\Users\user\Desktop\lab_doc\harmc\codeql-db\src/C_/Program Files (x86)/Windows Kits/10/Include/10.0.26100.0/ucrt/corecrt_wstdio.h
[E 03:54:51 39480] Already archived C:\Users\user\Desktop\lab_doc\harmc\codeql-db\src/C_/Program Files (x86)/Windows Kits/10/Include/10.0.26100.0/ucrt/corecrt_stdio_config.h
[E 03:54:51 39480] Already archived C:\Users\user\Desktop\lab_doc\harmc\codeql-db\src/C_/Program Files (x86)/Windows Kits/10/Include/10.0.26100.0/ucrt/stdlib.h
[E 03:54:51 39480] Already archived C:\Users\user\Desktop\lab_doc\harmc\codeql-db\src/C_/Program Files (x86)/Windows Kits/10/Include/10.0.26100.0/ucrt/corecrt_malloc.h
[E 03:54:51 39480] Already archived C:\Users\user\Desktop\lab_doc\harmc\codeql-db\src/C_/Program Files (x86)/Windows Kits/10/Include/10.0.26100.0/ucrt/corecrt_search.h
[E 03:54:51 39480] Already archived C:\Users\user\Desktop\lab_doc\harmc\codeql-db\src/C_/Program Files/LLVM/lib/clang/22/include/stddef.h
[E 03:54:51 39480] Already archived C:\Users\user\Desktop\lab_doc\harmc\codeql-db\src/C_/Program Files/LLVM/lib/clang/22/include/__stddef_header_macro.h
[E 03:54:51 39480] Already archived C:\Users\user\Desktop\lab_doc\harmc\codeql-db\src/C_/Program Files/LLVM/lib/clang/22/include/__stddef_ptrdiff_t.h
[E 03:54:51 39480] Already archived C:\Users\user\Desktop\lab_doc\harmc\codeql-db\src/C_/Program Files/LLVM/lib/clang/22/include/__stddef_size_t.h
[E 03:54:51 39480] Already archived C:\Users\user\Desktop\lab_doc\harmc\codeql-db\src/C_/Program Files/LLVM/lib/clang/22/include/__stddef_wchar_t.h
[E 03:54:51 39480] Already archived C:\Users\user\Desktop\lab_doc\harmc\codeql-db\src/C_/Program Files/LLVM/lib/clang/22/include/__stddef_null.h
[E 03:54:51 39480] Already archived C:\Users\user\Desktop\lab_doc\harmc\codeql-db\src/C_/Program Files/LLVM/lib/clang/22/include/__stddef_max_align_t.h
[E 03:54:51 39480] Already archived C:\Users\user\Desktop\lab_doc\harmc\codeql-db\src/C_/Program Files/LLVM/lib/clang/22/include/__stddef_offsetof.h
[E 03:54:51 39480] Already archived C:\Users\user\Desktop\lab_doc\harmc\codeql-db\src/C_/Program Files (x86)/Windows Kits/10/Include/10.0.26100.0/ucrt/corecrt_wstdlib.h
[E 03:54:51 39480] Already archived C:\Users\user\Desktop\lab_doc\harmc\codeql-db\src/C_/Program Files/LLVM/lib/clang/22/include/limits.h
[E 03:54:51 39480] Already archived C:\Users\user\Desktop\lab_doc\harmc\codeql-db\src/C_/Program Files (x86)/Microsoft Visual Studio/18/BuildTools/VC/Tools/MSVC/14.50.35717/include/limits.h
[E 03:54:51 39480] Already archived C:\Users\user\Desktop\lab_doc\harmc\codeql-db\src/C_/Program Files (x86)/Windows Kits/10/Include/10.0.26100.0/ucrt/string.h
[E 03:54:51 39480] Already archived C:\Users\user\Desktop\lab_doc\harmc\codeql-db\src/C_/Program Files (x86)/Windows Kits/10/Include/10.0.26100.0/ucrt/corecrt_memory.h
[E 03:54:51 39480] Already archived C:\Users\user\Desktop\lab_doc\harmc\codeql-db\src/C_/Program Files (x86)/Windows Kits/10/Include/10.0.26100.0/ucrt/corecrt_memcpy_s.h
[E 03:54:51 39480] Already archived C:\Users\user\Desktop\lab_doc\harmc\codeql-db\src/C_/Program Files (x86)/Windows Kits/10/Include/10.0.26100.0/ucrt/errno.h
[E 03:54:51 39480] Already archived C:\Users\user\Desktop\lab_doc\harmc\codeql-db\src/C_/Program Files (x86)/Microsoft Visual Studio/18/BuildTools/VC/Tools/MSVC/14.50.35717/include/vcruntime_string.h
[E 03:54:51 39480] Already archived C:\Users\user\Desktop\lab_doc\harmc\codeql-db\src/C_/Program Files (x86)/Windows Kits/10/Include/10.0.26100.0/ucrt/corecrt_wstring.h
[E 03:54:51 39480] Warning[extractor-c++]: In emit_platform_diagnostic: Failed to rename diagnostic file from 'C:\Users\user\Desktop\lab_doc\harmc\codeql-db\diagnostic\extractors\cpp\platform.11263779078285517235.jsonl.39480' to 'C:\Users\user\Desktop\lab_doc\harmc\codeql-db\diagnostic\extractors\cpp\platform.11263779078285517235.jsonl': 另一个程序正在使用此文件，进程无法访问。
[E 03:54:51 39480] Creating trap tarball C:\Users\user\Desktop\lab_doc\harmc\codeql-db\trap\cpp/tarballs/C_/Users/user/Desktop/lab_doc/harmc/mem_leak_randomone_.c.79705016_0.trap.tar.zst
[E 03:54:51 39480] Emitting trap files for C:\Users\user\Desktop\lab_doc\harmc\mem_leak_randomone_.c
[E 03:54:51 39480] Opening existencedb in \\?\C:\Users\user\Desktop\lab_doc\harmc\codeql-db\working\existencedb\db
[E 03:54:51 39480] Wrote 1 files to C:\Users\user\Desktop\lab_doc\harmc\codeql-db\trap\cpp/tarballs/C_/Users/user/Desktop/lab_doc/harmc/mem_leak_randomone_.c.79705016_0.trap.tar.zst
[E 03:54:51 39480] Finished compilation TRAP C:\Users\user\Desktop\lab_doc\harmc\codeql-db\trap\cpp/compilations/52/10210388_0.trap.zst
[E 03:54:51 39480] Marking C compilation as happened.
[E 03:54:51 39480] Setting tag c-compilation-happened
[E 03:54:51 39480] Starting from CODEQL_TRACER_DB_ID 9229593800002878_0000000000000001
[E 03:54:51 39480] Locking DB C:\Users\user\Desktop\lab_doc\harmc\codeql-db\working/tags.db
[E 03:54:51 39480] Locked DB C:\Users\user\Desktop\lab_doc\harmc\codeql-db\working/tags.db
[E 03:54:51 39480] Set tag for 9229593800002878_0000000000000001
[E 03:54:51 39480] Set tag for 6628EC8D0000868C_0000000000000001
[E 03:54:51 39480] Set tag for C6DE15E600007474_0000000000000001
[E 03:54:51 39480] Set tag for A4DE30E3000059CC_0000000000000001
[E 03:54:51 39480] Unlocking DB
[E 03:54:51 39480] Unlocked DB
[E 03:54:51 39480] Extractor exited successfully
[T 06:19:50 12960] Initializing tracer.
[T 06:19:50 12960] Initializing tags.
[T 06:19:50 12960] CodeQL CLI version 2.25.3
[T 06:19:50 12960] Initializing tracer.
[T 06:19:50 12960] Initializing tags.
[T 06:19:50 12960] Allocated ID 48EF5C50000032A0_0000000000000001 (parent )
[T 06:19:50 12960] ==== Candidate to intercept: F:\qltool\codeql\tools\win64\runner.exe (14100) ====
[T 06:19:50 12960] Executing the following tracer actions:
[T 06:19:50 12960] Tracer actions:
[T 06:19:50 12960] pre_invocations(0)
[T 06:19:50 12960] post_invocations(0)
[T 06:19:50 12960] trace_languages(1): [cpp]
[T 06:19:50 14100] Initializing tracer.
[T 06:19:50 14100] Initializing tags.
[T 06:19:50 14100] ID set to 48EF5C50000032A0_0000000000000001 (parent root)
[T 06:19:50 14100] Allocated ID 777783A200003714_0000000000000001 (parent 48EF5C50000032A0_0000000000000001)
[T 06:19:50 14100] ==== Candidate to intercept: C:\Windows\System32\cmd.exe (26164) ====
[T 06:19:50 14100] Executing the following tracer actions:
[T 06:19:50 14100] Tracer actions:
[T 06:19:50 14100] pre_invocations(0)
[T 06:19:50 14100] post_invocations(0)
[T 06:19:50 14100] trace_languages(1): [cpp]
[T 06:19:50 26164] Initializing tracer.
[T 06:19:50 26164] Initializing tags.
[T 06:19:50 26164] ID set to 777783A200003714_0000000000000001 (parent 48EF5C50000032A0_0000000000000001)
[T 06:19:50 26164] Allocated ID A7B20BD700006634_0000000000000001 (parent 777783A200003714_0000000000000001)
[T 06:19:50 26164] ==== Candidate to intercept: C:\Windows\System32\WindowsPowerShell\v1.0\powershell.exe (24544) ====
[T 06:19:50 26164] Executing the following tracer actions:
[T 06:19:50 26164] Tracer actions:
[T 06:19:50 26164] pre_invocations(0)
[T 06:19:50 26164] post_invocations(0)
[T 06:19:50 26164] trace_languages(1): [cpp]
[T 06:19:50 24544] Initializing tracer.
[T 06:19:50 24544] Initializing tags.
[T 06:19:50 24544] ID set to A7B20BD700006634_0000000000000001 (parent 777783A200003714_0000000000000001)
[T 06:19:51 24544] Allocated ID 871894FE00005FE0_0000000000000001 (parent A7B20BD700006634_0000000000000001)
[T 06:19:51 24544] ==== Candidate to intercept: F:\anaconda3\Scripts\conda.exe (14108) ====
[T 06:19:51 24544] Executing the following tracer actions:
[T 06:19:51 24544] Tracer actions:
[T 06:19:51 24544] pre_invocations(0)
[T 06:19:51 24544] post_invocations(0)
[T 06:19:51 24544] trace_languages(1): [cpp]
[T 06:19:51 14108] Initializing tracer.
[T 06:19:51 14108] Initializing tags.
[T 06:19:51 14108] ID set to 871894FE00005FE0_0000000000000001 (parent A7B20BD700006634_0000000000000001)
[T 06:19:51 14108] Allocated ID 9BB7AC3B0000371C_0000000000000001 (parent 871894FE00005FE0_0000000000000001)
[T 06:19:51 14108] ==== Candidate to intercept: F:\anaconda3\python.exe (32524) ====
[T 06:19:51 14108] Executing the following tracer actions:
[T 06:19:51 14108] Tracer actions:
[T 06:19:51 14108] pre_invocations(0)
[T 06:19:51 14108] post_invocations(0)
[T 06:19:51 14108] trace_languages(1): [cpp]
[T 06:19:51 32524] Initializing tracer.
[T 06:19:51 32524] Initializing tags.
[T 06:19:51 32524] ID set to 9BB7AC3B0000371C_0000000000000001 (parent 871894FE00005FE0_0000000000000001)
[T 06:19:52 32524] Allocated ID EB1023CC00007F0C_0000000000000001 (parent 9BB7AC3B0000371C_0000000000000001)
[T 06:19:52 32524] ==== Candidate to intercept: C:\Windows\System32\cmd.exe (35068) ====
[T 06:19:52 32524] Executing the following tracer actions:
[T 06:19:52 32524] Tracer actions:
[T 06:19:52 32524] pre_invocations(0)
[T 06:19:52 32524] post_invocations(0)
[T 06:19:52 32524] trace_languages(1): [cpp]
[T 06:19:52 35068] Initializing tracer.
[T 06:19:52 35068] Initializing tags.
[T 06:19:52 35068] ID set to EB1023CC00007F0C_0000000000000001 (parent 9BB7AC3B0000371C_0000000000000001)
[T 06:19:52 24544] Allocated ID F58228D700005FE0_0000000000000001 (parent A7B20BD700006634_0000000000000001)
[T 06:19:52 24544] ==== Candidate to intercept: F:\anaconda3\Scripts\conda.exe (14296) ====
[T 06:19:52 24544] Executing the following tracer actions:
[T 06:19:52 24544] Tracer actions:
[T 06:19:52 24544] pre_invocations(0)
[T 06:19:52 24544] post_invocations(0)
[T 06:19:52 24544] trace_languages(1): [cpp]
[T 06:19:52 14296] Initializing tracer.
[T 06:19:52 14296] Initializing tags.
[T 06:19:52 14296] ID set to F58228D700005FE0_0000000000000001 (parent A7B20BD700006634_0000000000000001)
[T 06:19:52 14296] Allocated ID D57F70AB000037D8_0000000000000001 (parent F58228D700005FE0_0000000000000001)
[T 06:19:52 14296] ==== Candidate to intercept: F:\anaconda3\python.exe (41760) ====
[T 06:19:52 14296] Executing the following tracer actions:
[T 06:19:52 14296] Tracer actions:
[T 06:19:52 14296] pre_invocations(0)
[T 06:19:52 14296] post_invocations(0)
[T 06:19:52 14296] trace_languages(1): [cpp]
[T 06:19:52 41760] Initializing tracer.
[T 06:19:52 41760] Initializing tags.
[T 06:19:52 41760] ID set to D57F70AB000037D8_0000000000000001 (parent F58228D700005FE0_0000000000000001)
[T 06:19:53 41760] Allocated ID 935AFD1E0000A320_0000000000000001 (parent D57F70AB000037D8_0000000000000001)
[T 06:19:53 41760] ==== Candidate to intercept: C:\Windows\System32\cmd.exe (13572) ====
[T 06:19:53 41760] Executing the following tracer actions:
[T 06:19:53 41760] Tracer actions:
[T 06:19:53 41760] pre_invocations(0)
[T 06:19:53 41760] post_invocations(0)
[T 06:19:53 41760] trace_languages(1): [cpp]
[T 06:19:53 13572] Initializing tracer.
[T 06:19:53 13572] Initializing tags.
[T 06:19:53 13572] ID set to 935AFD1E0000A320_0000000000000001 (parent D57F70AB000037D8_0000000000000001)
[T 06:19:54 24544] Allocated ID A256CC8800005FE0_0000000000000001 (parent A7B20BD700006634_0000000000000001)
[T 06:19:54 24544] ==== Candidate to intercept: C:\Program Files\LLVM\bin\clang.exe (44768) ====
[T 06:19:54 24544] Lua: === Intercepted call to c:\program files\llvm\bin\clang.exe ===
[T 06:19:54 24544] Executing the following tracer actions:
[T 06:19:54 24544] Tracer actions:
[T 06:19:54 24544] pre_invocations(0)
[T 06:19:54 24544] post_invocations(1)
[T 06:19:54 24544] invocation: F:\qltool\codeql\cpp\tools\win64\extractor.exe, args: --mimic "c:\program files\llvm\bin\clang.exe" -c C:\Users\user\Desktop\lab_doc\harmc\bad_example.c -o bad_example.obj
[T 06:19:54 24544] trace_languages(1): [cpp]
[E 06:19:54 13000] CodeQL C/C++ Extractor 2.25.3
[E 06:19:54 13000] Current directory: C:\Users\user\Desktop\lab_doc\harmc
[E 06:19:54 13000] Command: F:\qltool\codeql\cpp\tools\win64\extractor.exe --mimic "c:\program files\llvm\bin\clang.exe" -c C:\Users\user\Desktop\lab_doc\harmc\bad_example.c -o bad_example.obj
[E 06:19:55 13000] Checking whether C compilation already happened.
[E 06:19:55 13000] Checking for tag c-compilation-happened
[E 06:19:55 13000] Checking CODEQL_TRACER_DB_ID A256CC8800005FE0_0000000000000001
[E 06:19:55 13000] Locking DB C:\Users\user\Desktop\lab_doc\harmc\codeql-db\working/tags.db
[E 06:19:55 13000] Locked DB C:\Users\user\Desktop\lab_doc\harmc\codeql-db\working/tags.db
[E 06:19:55 13000] Unlocking DB
[E 06:19:55 13000] Unlocked DB
[E 06:19:55 13000] Looks like C compilation didn't already happen.
[E 06:19:55 13000] Checking whether C compilation has been attempted.
[E 06:19:55 13000] Checking for tag c-compilation-attempted
[E 06:19:55 13000] Checking CODEQL_TRACER_DB_ID A256CC8800005FE0_0000000000000001
[E 06:19:55 13000] Locking DB C:\Users\user\Desktop\lab_doc\harmc\codeql-db\working/tags.db
[E 06:19:55 13000] Locked DB C:\Users\user\Desktop\lab_doc\harmc\codeql-db\working/tags.db
[E 06:19:55 13000] Unlocking DB
[E 06:19:55 13000] Unlocked DB
[E 06:19:55 13000] Marking C compilation as attempted.
[E 06:19:55 13000] Setting tag c-compilation-attempted
[E 06:19:55 13000] Starting from CODEQL_TRACER_DB_ID A256CC8800005FE0_0000000000000001
[E 06:19:55 13000] Locking DB C:\Users\user\Desktop\lab_doc\harmc\codeql-db\working/tags.db
[E 06:19:55 13000] Locked DB C:\Users\user\Desktop\lab_doc\harmc\codeql-db\working/tags.db
[E 06:19:55 13000] Set tag for A256CC8800005FE0_0000000000000001
[E 06:19:55 13000] Set tag for A7B20BD700006634_0000000000000001
[E 06:19:55 13000] Set tag for 777783A200003714_0000000000000001
[E 06:19:55 13000] Set tag for 48EF5C50000032A0_0000000000000001
[E 06:19:55 13000] Unlocking DB
[E 06:19:55 13000] Unlocked DB
[E 06:19:58 13000] Processed command line: F:\qltool\codeql\cpp\tools\win64\extractor.exe --trapfolder C:\Users\user\Desktop\lab_doc\harmc\codeql-db\trap\cpp --src_archive C:\Users\user\Desktop\lab_doc\harmc\codeql-db\src --object_filename bad_example.obj --no_warnings_and_discretionary_errors --error_limit 1000 --disable_system_macros --variadic_macros --incognito --gcc --ms_compatibility --clang_version 220102 --microsoft_version 1950 --gnu_version 40801 --has_feature_vector 11111111111111110000000000000000000000000000000000000000000000000000011 --clang --target win64 -D_CRT_USE_BUILTIN_OFFSETOF=1 -D_INTEGRAL_MAX_BITS=64 -D_MSC_BUILD=1 -D_MSC_EXTENSIONS=1 -D_MSC_FULL_VER=195035728 -D_MSC_VER=1950 -D_MSVC_CONSTEXPR_ATTRIBUTE=1 -D_MSVC_EXECUTION_CHARACTER_SET=65001 -D_M_AMD64=100 -D_M_FP_CONTRACT=1 -D_M_FP_PRECISE=1 -D_M_X64=100 -D_WIN32=1 -D_WIN64=1 -D__ATOMIC_ACQUIRE=2 -D__ATOMIC_ACQ_REL=4 -D__ATOMIC_CONSUME=1 -D__ATOMIC_RELAXED=0 -D__ATOMIC_RELEASE=3 -D__ATOMIC_SEQ_CST=5 -D__BIGGEST_ALIGNMENT__=16 -D__BITINT_MAXWIDTH__=8388608 -D__BOOL_WIDTH__=1 -D__BYTE_ORDER__=__ORDER_LITTLE_ENDIAN__ -D__CHAR_BIT__=8 -D__CLANG_ATOMIC_BOOL_LOCK_FREE=2 -D__CLANG_ATOMIC_CHAR16_T_LOCK_FREE=2 -D__CLANG_ATOMIC_CHAR32_T_LOCK_FREE=2 -D__CLANG_ATOMIC_CHAR_LOCK_FREE=2 -D__CLANG_ATOMIC_INT_LOCK_FREE=2 -D__CLANG_ATOMIC_LLONG_LOCK_FREE=2 -D__CLANG_ATOMIC_LONG_LOCK_FREE=2 -D__CLANG_ATOMIC_POINTER_LOCK_FREE=2 -D__CLANG_ATOMIC_SHORT_LOCK_FREE=2 -D__CLANG_ATOMIC_WCHAR_T_LOCK_FREE=2 -D__CONSTANT_CFSTRINGS__=1 -D__DBL_DECIMAL_DIG__=17 -D__DBL_DENORM_MIN__=4.9406564584124654e-324 -D__DBL_DIG__=15 -D__DBL_EPSILON__=2.2204460492503131e-16 -D__DBL_HAS_DENORM__=1 -D__DBL_HAS_INFINITY__=1 -D__DBL_HAS_QUIET_NAN__=1 -D__DBL_MANT_DIG__=53 -D__DBL_MAX_10_EXP__=308 -D__DBL_MAX_EXP__=1024 -D__DBL_MAX__=1.7976931348623157e+308 -D__DBL_MIN_10_EXP__=(-307) -D__DBL_MIN_EXP__=(-1021) -D__DBL_MIN__=2.2250738585072014e-308 -D__DBL_NORM_MAX__=1.7976931348623157e+308 -D__DECIMAL_DIG__=__LDBL_DECIMAL_DIG__ -D__FINITE_MATH_ONLY__=0 -D__FLT16_DECIMAL_DIG__=5 -D__FLT16_DENORM_MIN__=5.9604644775390625e-8F16 -D__FLT16_DIG__=3 -D__FLT16_EPSILON__=9.765625e-4F16 -D__FLT16_HAS_DENORM__=1 -D__FLT16_HAS_INFINITY__=1 -D__FLT16_HAS_QUIET_NAN__=1 -D__FLT16_MANT_DIG__=11 -D__FLT16_MAX_10_EXP__=4 -D__FLT16_MAX_EXP__=16 -D__FLT16_MAX__=6.5504e+4F16 -D__FLT16_MIN_10_EXP__=(-4) -D__FLT16_MIN_EXP__=(-13) -D__FLT16_MIN__=6.103515625e-5F16 -D__FLT16_NORM_MAX__=6.5504e+4F16 -D__FLT_DECIMAL_DIG__=9 -D__FLT_DENORM_MIN__=1.40129846e-45F -D__FLT_DIG__=6 -D__FLT_EPSILON__=1.19209290e-7F -D__FLT_HAS_DENORM__=1 -D__FLT_HAS_INFINITY__=1 -D__FLT_HAS_QUIET_NAN__=1 -D__FLT_MANT_DIG__=24 -D__FLT_MAX_10_EXP__=38 -D__FLT_MAX_EXP__=128 -D__FLT_MAX__=3.40282347e+38F -D__FLT_MIN_10_EXP__=(-37) -D__FLT_MIN_EXP__=(-125) -D__FLT_MIN__=1.17549435e-38F -D__FLT_NORM_MAX__=3.40282347e+38F -D__FLT_RADIX__=2 -D__FPCLASS_NEGINF=0x0004 -D__FPCLASS_NEGNORMAL=0x0008 -D__FPCLASS_NEGSUBNORMAL=0x0010 -D__FPCLASS_NEGZERO=0x0020 -D__FPCLASS_POSINF=0x0200 -D__FPCLASS_POSNORMAL=0x0100 -D__FPCLASS_POSSUBNORMAL=0x0080 -D__FPCLASS_POSZERO=0x0040 -D__FPCLASS_QNAN=0x0002 -D__FPCLASS_SNAN=0x0001 -D__FXSR__=1 -D__GCC_ASM_FLAG_OUTPUTS__=1 -D__GCC_CONSTRUCTIVE_SIZE=64 -D__GCC_DESTRUCTIVE_SIZE=64 -D__GCC_HAVE_SYNC_COMPARE_AND_SWAP_1=1 -D__GCC_HAVE_SYNC_COMPARE_AND_SWAP_2=1 -D__GCC_HAVE_SYNC_COMPARE_AND_SWAP_4=1 -D__GCC_HAVE_SYNC_COMPARE_AND_SWAP_8=1 -D__INT16_C(c)=c -D__INT16_C_SUFFIX__= "-D__INT16_FMTd__=\"hd\"" "-D__INT16_FMTi__=\"hi\"" -D__INT16_MAX__=32767 -D__INT16_TYPE__=short -D__INT32_C(c)=c -D__INT32_C_SUFFIX__= "-D__INT32_FMTd__=\"d\"" "-D__INT32_FMTi__=\"i\"" -D__INT32_MAX__=2147483647 -D__INT32_TYPE__=int -D__INT64_C(c)=c##LL -D__INT64_C_SUFFIX__=LL "-D__INT64_FMTd__=\"lld\"" "-D__INT64_FMTi__=\"lli\"" -D__INT64_MAX__=9223372036854775807LL "-D__INT64_TYPE__=long long int" -D__INT8_C(c)=c -D__INT8_C_SUFFIX__= "-D__INT8_FMTd__=\"hhd\"" "-D__INT8_FMTi__=\"hhi\"" -D__INT8_MAX__=127 "-D__INT8_TYPE__=signed char" -D__INTMAX_C(c)=c##LL -D__INTMAX_C_SUFFIX__=LL "-D__INTMAX_FMTd__=\"lld\"" "-D__INTMAX_FMTi__=\"lli\"" -D__INTMAX_MAX__=9223372036854775807LL "-D__INTMAX_TYPE__=long long int" -D__INTMAX_WIDTH__=64 "-D__INTPTR_FMTd__=\"lld\"" "-D__INTPTR_FMTi__=\"lli\"" -D__INTPTR_MAX__=9223372036854775807LL "-D__INTPTR_TYPE__=long long int" -D__INTPTR_WIDTH__=64 "-D__INT_FAST16_FMTd__=\"hd\"" "-D__INT_FAST16_FMTi__=\"hi\"" -D__INT_FAST16_MAX__=32767 -D__INT_FAST16_TYPE__=short -D__INT_FAST16_WIDTH__=16 "-D__INT_FAST32_FMTd__=\"d\"" "-D__INT_FAST32_FMTi__=\"i\"" -D__INT_FAST32_MAX__=2147483647 -D__INT_FAST32_TYPE__=int -D__INT_FAST32_WIDTH__=32 "-D__INT_FAST64_FMTd__=\"lld\"" "-D__INT_FAST64_FMTi__=\"lli\"" -D__INT_FAST64_MAX__=9223372036854775807LL "-D__INT_FAST64_TYPE__=long long int" -D__INT_FAST64_WIDTH__=64 "-D__INT_FAST8_FMTd__=\"hhd\"" "-D__INT_FAST8_FMTi__=\"hhi\"" -D__INT_FAST8_MAX__=127 "-D__INT_FAST8_TYPE__=signed char" -D__INT_FAST8_WIDTH__=8 "-D__INT_LEAST16_FMTd__=\"hd\"" "-D__INT_LEAST16_FMTi__=\"hi\"" -D__INT_LEAST16_MAX__=32767 -D__INT_LEAST16_TYPE__=short -D__INT_LEAST16_WIDTH__=16 "-D__INT_LEAST32_FMTd__=\"d\"" "-D__INT_LEAST32_FMTi__=\"i\"" -D__INT_LEAST32_MAX__=2147483647 -D__INT_LEAST32_TYPE__=int -D__INT_LEAST32_WIDTH__=32 "-D__INT_LEAST64_FMTd__=\"lld\"" "-D__INT_LEAST64_FMTi__=\"lli\"" -D__INT_LEAST64_MAX__=9223372036854775807LL "-D__INT_LEAST64_TYPE__=long long int" -D__INT_LEAST64_WIDTH__=64 "-D__INT_LEAST8_FMTd__=\"hhd\"" "-D__INT_LEAST8_FMTi__=\"hhi\"" -D__INT_LEAST8_MAX__=127 "-D__INT_LEAST8_TYPE__=signed char" -D__INT_LEAST8_WIDTH__=8 -D__INT_MAX__=2147483647 -D__INT_WIDTH__=32 -D__LDBL_DECIMAL_DIG__=17 -D__LDBL_DENORM_MIN__=4.9406564584124654e-324L -D__LDBL_DIG__=15 -D__LDBL_EPSILON__=2.2204460492503131e-16L -D__LDBL_HAS_DENORM__=1 -D__LDBL_HAS_INFINITY__=1 -D__LDBL_HAS_QUIET_NAN__=1 -D__LDBL_MANT_DIG__=53 -D__LDBL_MAX_10_EXP__=308 -D__LDBL_MAX_EXP__=1024 -D__LDBL_MAX__=1.7976931348623157e+308L -D__LDBL_MIN_10_EXP__=(-307) -D__LDBL_MIN_EXP__=(-1021) -D__LDBL_MIN__=2.2250738585072014e-308L -D__LDBL_NORM_MAX__=1.7976931348623157e+308L -D__LITTLE_ENDIAN__=1 -D__LLONG_WIDTH__=64 -D__LONG_LONG_MAX__=9223372036854775807LL -D__LONG_MAX__=2147483647L -D__LONG_WIDTH__=32 -D__MEMORY_SCOPE_CLUSTR=5 -D__MEMORY_SCOPE_DEVICE=1 -D__MEMORY_SCOPE_SINGLE=4 -D__MEMORY_SCOPE_SYSTEM=0 -D__MEMORY_SCOPE_WRKGRP=2 -D__MEMORY_SCOPE_WVFRNT=3 -D__MMX__=1 -D__NO_INLINE__=1 -D__NO_MATH_INLINES=1 -D__OBJC_BOOL_IS_BOOL=0 -D__OPENCL_MEMORY_SCOPE_ALL_SVM_DEVICES=3 -D__OPENCL_MEMORY_SCOPE_DEVICE=2 -D__OPENCL_MEMORY_SCOPE_SUB_GROUP=4 -D__OPENCL_MEMORY_SCOPE_WORK_GROUP=1 -D__OPENCL_MEMORY_SCOPE_WORK_ITEM=0 -D__ORDER_BIG_ENDIAN__=4321 -D__ORDER_LITTLE_ENDIAN__=1234 -D__ORDER_PDP_ENDIAN__=3412 -D__PIC__=2 -D__POINTER_WIDTH__=64 -D__PRAGMA_REDEFINE_EXTNAME=1 "-D__PTRDIFF_FMTd__=\"lld\"" "-D__PTRDIFF_FMTi__=\"lli\"" -D__PTRDIFF_MAX__=9223372036854775807LL "-D__PTRDIFF_TYPE__=long long int" -D__PTRDIFF_WIDTH__=64 -D__REGISTER_PREFIX__= -D__SCHAR_MAX__=127 -D__SEG_FS=1 -D__SEG_GS=1 -D__SHRT_MAX__=32767 -D__SHRT_WIDTH__=16 -D__SIG_ATOMIC_MAX__=2147483647 -D__SIG_ATOMIC_WIDTH__=32 -D__SIZEOF_DOUBLE__=8 -D__SIZEOF_FLOAT__=4 -D__SIZEOF_INT128__=16 -D__SIZEOF_INT__=4 -D__SIZEOF_LONG_DOUBLE__=8 -D__SIZEOF_LONG_LONG__=8 -D__SIZEOF_LONG__=4 -D__SIZEOF_POINTER__=8 -D__SIZEOF_PTRDIFF_T__=8 -D__SIZEOF_SHORT__=2 -D__SIZEOF_SIZE_T__=8 -D__SIZEOF_WCHAR_T__=2 -D__SIZEOF_WINT_T__=2 "-D__SIZE_FMTX__=\"llX\"" "-D__SIZE_FMTo__=\"llo\"" "-D__SIZE_FMTu__=\"llu\"" "-D__SIZE_FMTx__=\"llx\"" -D__SIZE_MAX__=18446744073709551615ULL "-D__SIZE_TYPE__=long long unsigned int" -D__SIZE_WIDTH__=64 -D__SSE2_MATH__=1 -D__SSE2__=1 -D__SSE_MATH__=1 -D__SSE__=1 -D__STDC_EMBED_EMPTY__=2 -D__STDC_EMBED_FOUND__=1 -D__STDC_EMBED_NOT_FOUND__=0 -D__STDC_UTF_16__=1 -D__STDC_UTF_32__=1 -D__UINT16_C(c)=c -D__UINT16_C_SUFFIX__= "-D__UINT16_FMTX__=\"hX\"" "-D__UINT16_FMTo__=\"ho\"" "-D__UINT16_FMTu__=\"hu\"" "-D__UINT16_FMTx__=\"hx\"" -D__UINT16_MAX__=65535 "-D__UINT16_TYPE__=unsigned short" -D__UINT32_C(c)=c##U -D__UINT32_C_SUFFIX__=U "-D__UINT32_FMTX__=\"X\"" "-D__UINT32_FMTo__=\"o\"" "-D__UINT32_FMTu__=\"u\"" "-D__UINT32_FMTx__=\"x\"" -D__UINT32_MAX__=4294967295U "-D__UINT32_TYPE__=unsigned int" -D__UINT64_C(c)=c##ULL -D__UINT64_C_SUFFIX__=ULL "-D__UINT64_FMTX__=\"llX\"" "-D__UINT64_FMTo__=\"llo\"" "-D__UINT64_FMTu__=\"llu\"" "-D__UINT64_FMTx__=\"llx\"" -D__UINT64_MAX__=18446744073709551615ULL "-D__UINT64_TYPE__=long long unsigned int" -D__UINT8_C(c)=c -D__UINT8_C_SUFFIX__= "-D__UINT8_FMTX__=\"hhX\"" "-D__UINT8_FMTo__=\"hho\"" "-D__UINT8_FMTu__=\"hhu\"" "-D__UINT8_FMTx__=\"hhx\"" -D__UINT8_MAX__=255 "-D__UINT8_TYPE__=unsigned char" -D__UINTMAX_C(c)=c##ULL -D__UINTMAX_C_SUFFIX__=ULL "-D__UINTMAX_FMTX__=\"llX\"" "-D__UINTMAX_FMTo__=\"llo\"" "-D__UINTMAX_FMTu__=\"llu\"" "-D__UINTMAX_FMTx__=\"llx\"" -D__UINTMAX_MAX__=18446744073709551615ULL "-D__UINTMAX_TYPE__=long long unsigned int" -D__UINTMAX_WIDTH__=64 "-D__UINTPTR_FMTX__=\"llX\"" "-D__UINTPTR_FMTo__=\"llo\"" "-D__UINTPTR_FMTu__=\"llu\"" "-D__UINTPTR_FMTx__=\"llx\"" -D__UINTPTR_MAX__=18446744073709551615ULL "-D__UINTPTR_TYPE__=long long unsigned int" -D__UINTPTR_WIDTH__=64 "-D__UINT_FAST16_FMTX__=\"hX\"" "-D__UINT_FAST16_FMTo__=\"ho\"" "-D__UINT_FAST16_FMTu__=\"hu\"" "-D__UINT_FAST16_FMTx__=\"hx\"" -D__UINT_FAST16_MAX__=65535 "-D__UINT_FAST16_TYPE__=unsigned short" "-D__UINT_FAST32_FMTX__=\"X\"" "-D__UINT_FAST32_FMTo__=\"o\"" "-D__UINT_FAST32_FMTu__=\"u\"" "-D__UINT_FAST32_FMTx__=\"x\"" -D__UINT_FAST32_MAX__=4294967295U "-D__UINT_FAST32_TYPE__=unsigned int" "-D__UINT_FAST64_FMTX__=\"llX\"" "-D__UINT_FAST64_FMTo__=\"llo\"" "-D__UINT_FAST64_FMTu__=\"llu\"" "-D__UINT_FAST64_FMTx__=\"llx\"" -D__UINT_FAST64_MAX__=18446744073709551615ULL "-D__UINT_FAST64_TYPE__=long long unsigned int" "-D__UINT_FAST8_FMTX__=\"hhX\"" "-D__UINT_FAST8_FMTo__=\"hho\"" "-D__UINT_FAST8_FMTu__=\"hhu\"" "-D__UINT_FAST8_FMTx__=\"hhx\"" -D__UINT_FAST8_MAX__=255 "-D__UINT_FAST8_TYPE__=unsigned char" "-D__UINT_LEAST16_FMTX__=\"hX\"" "-D__UINT_LEAST16_FMTo__=\"ho\"" "-D__UINT_LEAST16_FMTu__=\"hu\"" "-D__UINT_LEAST16_FMTx__=\"hx\"" -D__UINT_LEAST16_MAX__=65535 "-D__UINT_LEAST16_TYPE__=unsigned short" "-D__UINT_LEAST32_FMTX__=\"X\"" "-D__UINT_LEAST32_FMTo__=\"o\"" "-D__UINT_LEAST32_FMTu__=\"u\"" "-D__UINT_LEAST32_FMTx__=\"x\"" -D__UINT_LEAST32_MAX__=4294967295U "-D__UINT_LEAST32_TYPE__=unsigned int" "-D__UINT_LEAST64_FMTX__=\"llX\"" "-D__UINT_LEAST64_FMTo__=\"llo\"" "-D__UINT_LEAST64_FMTu__=\"llu\"" "-D__UINT_LEAST64_FMTx__=\"llx\"" -D__UINT_LEAST64_MAX__=18446744073709551615ULL "-D__UINT_LEAST64_TYPE__=long long unsigned int" "-D__UINT_LEAST8_FMTX__=\"hhX\"" "-D__UINT_LEAST8_FMTo__=\"hho\"" "-D__UINT_LEAST8_FMTu__=\"hhu\"" "-D__UINT_LEAST8_FMTx__=\"hhx\"" -D__UINT_LEAST8_MAX__=255 "-D__UINT_LEAST8_TYPE__=unsigned char" -D__USER_LABEL_PREFIX__= "-D__VERSION__=\"Clang 22.1.2 (https://github.com/llvm/llvm-project 1ab49a973e210e97d61e5db6557180dcb92c3e98)\"" -D__WCHAR_MAX__=65535 "-D__WCHAR_TYPE__=unsigned short" -D__WCHAR_UNSIGNED__=1 -D__WCHAR_WIDTH__=16 -D__WINT_MAX__=65535 "-D__WINT_TYPE__=unsigned short" -D__WINT_UNSIGNED__=1 -D__WINT_WIDTH__=16 -D__amd64=1 -D__amd64__=1 -D__clang__=1 "-D__clang_literal_encoding__=\"UTF-8\"" -D__clang_major__=22 -D__clang_minor__=1 -D__clang_patchlevel__=2 "-D__clang_version__=\"22.1.2 (https://github.com/llvm/llvm-project 1ab49a973e210e97d61e5db6557180dcb92c3e98)\"" "-D__clang_wide_literal_encoding__=\"UTF-16\"" -D__code_model_small__=1 -D__k8=1 -D__k8__=1 -D__llvm__=1 -D__pic__=2 -D__seg_fs=__attribute__((address_space(257))) -D__seg_gs=__attribute__((address_space(256))) -D__tune_k8__=1 -D__x86_64=1 -D__x86_64__=1 "-D__private_extern__=extern __attribute__((visibility(\"hidden\")))" "-IC:\Program Files\LLVM\lib\clang\22\include" "-IC:\Program Files (x86)\Microsoft Visual Studio\18\BuildTools\VC\Tools\MSVC\14.50.35717\include" "-IC:\Program Files (x86)\Windows Kits\10\Include\10.0.26100.0\ucrt" "-IC:\Program Files (x86)\Windows Kits\10\Include\10.0.26100.0\shared" "-IC:\Program Files (x86)\Windows Kits\10\Include\10.0.26100.0\um" "-IC:\Program Files (x86)\Windows Kits\10\Include\10.0.26100.0\winrt" "-IC:\Program Files (x86)\Windows Kits\10\Include\10.0.26100.0\cppwinrt" -- C:\Users\user\Desktop\lab_doc\harmc\bad_example.c
[E 06:19:58 13000] CODEQL_EXTRACTOR_CPP_TRAP_CACHING is not set
[E 06:19:58 13000] CODEQL_EXTRACTOR_CPP_OPTION_TRAP_CACHE_WRITE is not set
[E 06:19:58 13000] CODEQL_EXTRACTOR_CPP_OPTION_TRAP_CACHE_DIR is not set
[E 06:19:58 13000] Initialising TRAP cache at path: \\?\C:\Users\user\Desktop\lab_doc\harmc\7a\04e1\e1b92f06114fb584537c53a02129
[E 06:19:58 13000] Not using TRAP cache
[E 06:19:58 13000] TRAP cache miss
[E 06:19:58 13000] Starting compilation TRAP C:\Users\user\Desktop\lab_doc\harmc\codeql-db\trap\cpp/compilations/49/61751157_0.trap.zst
[E 06:19:58 13000] Archiving C:\Users\user\Desktop\lab_doc\harmc\codeql-db\src/C_/Users/user/Desktop/lab_doc/harmc/bad_example.c
[E 06:19:58 13000] Archiving C:\Users\user\Desktop\lab_doc\harmc\codeql-db\src/C_/Program Files (x86)/Windows Kits/10/Include/10.0.26100.0/ucrt/stdio.h
[E 06:19:58 13000] Archiving C:\Users\user\Desktop\lab_doc\harmc\codeql-db\src/C_/Program Files (x86)/Windows Kits/10/Include/10.0.26100.0/ucrt/corecrt.h
[E 06:19:58 13000] Archiving C:\Users\user\Desktop\lab_doc\harmc\codeql-db\src/C_/Program Files (x86)/Microsoft Visual Studio/18/BuildTools/VC/Tools/MSVC/14.50.35717/include/vcruntime.h
[E 06:19:58 13000] Archiving C:\Users\user\Desktop\lab_doc\harmc\codeql-db\src/C_/Program Files (x86)/Microsoft Visual Studio/18/BuildTools/VC/Tools/MSVC/14.50.35717/include/sal.h
[E 06:19:58 13000] Archiving C:\Users\user\Desktop\lab_doc\harmc\codeql-db\src/C_/Program Files (x86)/Microsoft Visual Studio/18/BuildTools/VC/Tools/MSVC/14.50.35717/include/concurrencysal.h
[E 06:19:58 13000] Archiving C:\Users\user\Desktop\lab_doc\harmc\codeql-db\src/C_/Program Files/LLVM/lib/clang/22/include/vadefs.h
[E 06:19:58 13000] Archiving C:\Users\user\Desktop\lab_doc\harmc\codeql-db\src/C_/Program Files (x86)/Microsoft Visual Studio/18/BuildTools/VC/Tools/MSVC/14.50.35717/include/vadefs.h
[E 06:19:58 13000] Archiving C:\Users\user\Desktop\lab_doc\harmc\codeql-db\src/C_/Program Files (x86)/Windows Kits/10/Include/10.0.26100.0/ucrt/corecrt_wstdio.h
[E 06:19:58 13000] Archiving C:\Users\user\Desktop\lab_doc\harmc\codeql-db\src/C_/Program Files (x86)/Windows Kits/10/Include/10.0.26100.0/ucrt/corecrt_stdio_config.h
[E 06:19:58 13000] Warning[extractor-c++]: In emit_platform_diagnostic: Failed to rename diagnostic file from 'C:\Users\user\Desktop\lab_doc\harmc\codeql-db\diagnostic\extractors\cpp\platform.11263779078285517235.jsonl.13000' to 'C:\Users\user\Desktop\lab_doc\harmc\codeql-db\diagnostic\extractors\cpp\platform.11263779078285517235.jsonl': 另一个程序正在使用此文件，进程无法访问。
[E 06:19:58 13000] Creating trap tarball C:\Users\user\Desktop\lab_doc\harmc\codeql-db\trap\cpp/tarballs/C_/Users/user/Desktop/lab_doc/harmc/bad_example.c.5e97c9e7_0.trap.tar.zst
[E 06:19:58 13000] Emitting trap files for C:\Users\user\Desktop\lab_doc\harmc\bad_example.c
[E 06:19:58 13000] Opening existencedb in \\?\C:\Users\user\Desktop\lab_doc\harmc\codeql-db\working\existencedb\db
[E 06:19:58 13000] Wrote 11 files to C:\Users\user\Desktop\lab_doc\harmc\codeql-db\trap\cpp/tarballs/C_/Users/user/Desktop/lab_doc/harmc/bad_example.c.5e97c9e7_0.trap.tar.zst
[E 06:19:58 13000] Finished compilation TRAP C:\Users\user\Desktop\lab_doc\harmc\codeql-db\trap\cpp/compilations/49/61751157_0.trap.zst
[E 06:19:58 13000] Marking C compilation as happened.
[E 06:19:58 13000] Setting tag c-compilation-happened
[E 06:19:58 13000] Starting from CODEQL_TRACER_DB_ID A256CC8800005FE0_0000000000000001
[E 06:19:58 13000] Locking DB C:\Users\user\Desktop\lab_doc\harmc\codeql-db\working/tags.db
[E 06:19:58 13000] Locked DB C:\Users\user\Desktop\lab_doc\harmc\codeql-db\working/tags.db
[E 06:19:58 13000] Set tag for A256CC8800005FE0_0000000000000001
[E 06:19:58 13000] Set tag for A7B20BD700006634_0000000000000001
[E 06:19:58 13000] Set tag for 777783A200003714_0000000000000001
[E 06:19:58 13000] Set tag for 48EF5C50000032A0_0000000000000001
[E 06:19:58 13000] Unlocking DB
[E 06:19:58 13000] Unlocked DB
[E 06:19:58 13000] Extractor exited successfully
[T 06:19:58 24544] Allocated ID F1E641C400005FE0_0000000000000001 (parent A7B20BD700006634_0000000000000001)
[T 06:19:58 24544] ==== Candidate to intercept: C:\Program Files\LLVM\bin\clang.exe (38916) ====
[T 06:19:58 24544] Lua: === Intercepted call to c:\program files\llvm\bin\clang.exe ===
[T 06:19:58 24544] Executing the following tracer actions:
[T 06:19:58 24544] Tracer actions:
[T 06:19:58 24544] pre_invocations(0)
[T 06:19:58 24544] post_invocations(1)
[T 06:19:58 24544] invocation: F:\qltool\codeql\cpp\tools\win64\extractor.exe, args: --mimic "c:\program files\llvm\bin\clang.exe" -c C:\Users\user\Desktop\lab_doc\harmc\bufff_overflow.c -o bufff_overflow.obj
[T 06:19:58 24544] trace_languages(1): [cpp]
[E 06:19:58 45652] CodeQL C/C++ Extractor 2.25.3
[E 06:19:58 45652] Current directory: C:\Users\user\Desktop\lab_doc\harmc
[E 06:19:58 45652] Command: F:\qltool\codeql\cpp\tools\win64\extractor.exe --mimic "c:\program files\llvm\bin\clang.exe" -c C:\Users\user\Desktop\lab_doc\harmc\bufff_overflow.c -o bufff_overflow.obj
[E 06:19:58 45652] Checking whether C compilation already happened.
[E 06:19:58 45652] Checking for tag c-compilation-happened
[E 06:19:58 45652] Checking CODEQL_TRACER_DB_ID F1E641C400005FE0_0000000000000001
[E 06:19:58 45652] Locking DB C:\Users\user\Desktop\lab_doc\harmc\codeql-db\working/tags.db
[E 06:19:58 45652] Locked DB C:\Users\user\Desktop\lab_doc\harmc\codeql-db\working/tags.db
[E 06:19:58 45652] Unlocking DB
[E 06:19:58 45652] Unlocked DB
[E 06:19:58 45652] Looks like C compilation didn't already happen.
[E 06:19:58 45652] Checking whether C compilation has been attempted.
[E 06:19:58 45652] Checking for tag c-compilation-attempted
[E 06:19:58 45652] Checking CODEQL_TRACER_DB_ID F1E641C400005FE0_0000000000000001
[E 06:19:58 45652] Locking DB C:\Users\user\Desktop\lab_doc\harmc\codeql-db\working/tags.db
[E 06:19:58 45652] Locked DB C:\Users\user\Desktop\lab_doc\harmc\codeql-db\working/tags.db
[E 06:19:58 45652] Unlocking DB
[E 06:19:58 45652] Unlocked DB
[E 06:19:58 45652] Marking C compilation as attempted.
[E 06:19:58 45652] Setting tag c-compilation-attempted
[E 06:19:58 45652] Starting from CODEQL_TRACER_DB_ID F1E641C400005FE0_0000000000000001
[E 06:19:58 45652] Locking DB C:\Users\user\Desktop\lab_doc\harmc\codeql-db\working/tags.db
[E 06:19:58 45652] Locked DB C:\Users\user\Desktop\lab_doc\harmc\codeql-db\working/tags.db
[E 06:19:58 45652] Set tag for F1E641C400005FE0_0000000000000001
[E 06:19:58 45652] Set tag for A7B20BD700006634_0000000000000001
[E 06:19:58 45652] Set tag for 777783A200003714_0000000000000001
[E 06:19:58 45652] Set tag for 48EF5C50000032A0_0000000000000001
[E 06:19:58 45652] Unlocking DB
[E 06:19:58 45652] Unlocked DB
[E 06:19:58 45652] Processed command line: F:\qltool\codeql\cpp\tools\win64\extractor.exe --trapfolder C:\Users\user\Desktop\lab_doc\harmc\codeql-db\trap\cpp --src_archive C:\Users\user\Desktop\lab_doc\harmc\codeql-db\src --object_filename bufff_overflow.obj --no_warnings_and_discretionary_errors --error_limit 1000 --disable_system_macros --variadic_macros --incognito --gcc --ms_compatibility --clang_version 220102 --microsoft_version 1950 --gnu_version 40801 --has_feature_vector 11111111111111110000000000000000000000000000000000000000000000000000011 --clang --target win64 -D_CRT_USE_BUILTIN_OFFSETOF=1 -D_INTEGRAL_MAX_BITS=64 -D_MSC_BUILD=1 -D_MSC_EXTENSIONS=1 -D_MSC_FULL_VER=195035728 -D_MSC_VER=1950 -D_MSVC_CONSTEXPR_ATTRIBUTE=1 -D_MSVC_EXECUTION_CHARACTER_SET=65001 -D_M_AMD64=100 -D_M_FP_CONTRACT=1 -D_M_FP_PRECISE=1 -D_M_X64=100 -D_WIN32=1 -D_WIN64=1 -D__ATOMIC_ACQUIRE=2 -D__ATOMIC_ACQ_REL=4 -D__ATOMIC_CONSUME=1 -D__ATOMIC_RELAXED=0 -D__ATOMIC_RELEASE=3 -D__ATOMIC_SEQ_CST=5 -D__BIGGEST_ALIGNMENT__=16 -D__BITINT_MAXWIDTH__=8388608 -D__BOOL_WIDTH__=1 -D__BYTE_ORDER__=__ORDER_LITTLE_ENDIAN__ -D__CHAR_BIT__=8 -D__CLANG_ATOMIC_BOOL_LOCK_FREE=2 -D__CLANG_ATOMIC_CHAR16_T_LOCK_FREE=2 -D__CLANG_ATOMIC_CHAR32_T_LOCK_FREE=2 -D__CLANG_ATOMIC_CHAR_LOCK_FREE=2 -D__CLANG_ATOMIC_INT_LOCK_FREE=2 -D__CLANG_ATOMIC_LLONG_LOCK_FREE=2 -D__CLANG_ATOMIC_LONG_LOCK_FREE=2 -D__CLANG_ATOMIC_POINTER_LOCK_FREE=2 -D__CLANG_ATOMIC_SHORT_LOCK_FREE=2 -D__CLANG_ATOMIC_WCHAR_T_LOCK_FREE=2 -D__CONSTANT_CFSTRINGS__=1 -D__DBL_DECIMAL_DIG__=17 -D__DBL_DENORM_MIN__=4.9406564584124654e-324 -D__DBL_DIG__=15 -D__DBL_EPSILON__=2.2204460492503131e-16 -D__DBL_HAS_DENORM__=1 -D__DBL_HAS_INFINITY__=1 -D__DBL_HAS_QUIET_NAN__=1 -D__DBL_MANT_DIG__=53 -D__DBL_MAX_10_EXP__=308 -D__DBL_MAX_EXP__=1024 -D__DBL_MAX__=1.7976931348623157e+308 -D__DBL_MIN_10_EXP__=(-307) -D__DBL_MIN_EXP__=(-1021) -D__DBL_MIN__=2.2250738585072014e-308 -D__DBL_NORM_MAX__=1.7976931348623157e+308 -D__DECIMAL_DIG__=__LDBL_DECIMAL_DIG__ -D__FINITE_MATH_ONLY__=0 -D__FLT16_DECIMAL_DIG__=5 -D__FLT16_DENORM_MIN__=5.9604644775390625e-8F16 -D__FLT16_DIG__=3 -D__FLT16_EPSILON__=9.765625e-4F16 -D__FLT16_HAS_DENORM__=1 -D__FLT16_HAS_INFINITY__=1 -D__FLT16_HAS_QUIET_NAN__=1 -D__FLT16_MANT_DIG__=11 -D__FLT16_MAX_10_EXP__=4 -D__FLT16_MAX_EXP__=16 -D__FLT16_MAX__=6.5504e+4F16 -D__FLT16_MIN_10_EXP__=(-4) -D__FLT16_MIN_EXP__=(-13) -D__FLT16_MIN__=6.103515625e-5F16 -D__FLT16_NORM_MAX__=6.5504e+4F16 -D__FLT_DECIMAL_DIG__=9 -D__FLT_DENORM_MIN__=1.40129846e-45F -D__FLT_DIG__=6 -D__FLT_EPSILON__=1.19209290e-7F -D__FLT_HAS_DENORM__=1 -D__FLT_HAS_INFINITY__=1 -D__FLT_HAS_QUIET_NAN__=1 -D__FLT_MANT_DIG__=24 -D__FLT_MAX_10_EXP__=38 -D__FLT_MAX_EXP__=128 -D__FLT_MAX__=3.40282347e+38F -D__FLT_MIN_10_EXP__=(-37) -D__FLT_MIN_EXP__=(-125) -D__FLT_MIN__=1.17549435e-38F -D__FLT_NORM_MAX__=3.40282347e+38F -D__FLT_RADIX__=2 -D__FPCLASS_NEGINF=0x0004 -D__FPCLASS_NEGNORMAL=0x0008 -D__FPCLASS_NEGSUBNORMAL=0x0010 -D__FPCLASS_NEGZERO=0x0020 -D__FPCLASS_POSINF=0x0200 -D__FPCLASS_POSNORMAL=0x0100 -D__FPCLASS_POSSUBNORMAL=0x0080 -D__FPCLASS_POSZERO=0x0040 -D__FPCLASS_QNAN=0x0002 -D__FPCLASS_SNAN=0x0001 -D__FXSR__=1 -D__GCC_ASM_FLAG_OUTPUTS__=1 -D__GCC_CONSTRUCTIVE_SIZE=64 -D__GCC_DESTRUCTIVE_SIZE=64 -D__GCC_HAVE_SYNC_COMPARE_AND_SWAP_1=1 -D__GCC_HAVE_SYNC_COMPARE_AND_SWAP_2=1 -D__GCC_HAVE_SYNC_COMPARE_AND_SWAP_4=1 -D__GCC_HAVE_SYNC_COMPARE_AND_SWAP_8=1 -D__INT16_C(c)=c -D__INT16_C_SUFFIX__= "-D__INT16_FMTd__=\"hd\"" "-D__INT16_FMTi__=\"hi\"" -D__INT16_MAX__=32767 -D__INT16_TYPE__=short -D__INT32_C(c)=c -D__INT32_C_SUFFIX__= "-D__INT32_FMTd__=\"d\"" "-D__INT32_FMTi__=\"i\"" -D__INT32_MAX__=2147483647 -D__INT32_TYPE__=int -D__INT64_C(c)=c##LL -D__INT64_C_SUFFIX__=LL "-D__INT64_FMTd__=\"lld\"" "-D__INT64_FMTi__=\"lli\"" -D__INT64_MAX__=9223372036854775807LL "-D__INT64_TYPE__=long long int" -D__INT8_C(c)=c -D__INT8_C_SUFFIX__= "-D__INT8_FMTd__=\"hhd\"" "-D__INT8_FMTi__=\"hhi\"" -D__INT8_MAX__=127 "-D__INT8_TYPE__=signed char" -D__INTMAX_C(c)=c##LL -D__INTMAX_C_SUFFIX__=LL "-D__INTMAX_FMTd__=\"lld\"" "-D__INTMAX_FMTi__=\"lli\"" -D__INTMAX_MAX__=9223372036854775807LL "-D__INTMAX_TYPE__=long long int" -D__INTMAX_WIDTH__=64 "-D__INTPTR_FMTd__=\"lld\"" "-D__INTPTR_FMTi__=\"lli\"" -D__INTPTR_MAX__=9223372036854775807LL "-D__INTPTR_TYPE__=long long int" -D__INTPTR_WIDTH__=64 "-D__INT_FAST16_FMTd__=\"hd\"" "-D__INT_FAST16_FMTi__=\"hi\"" -D__INT_FAST16_MAX__=32767 -D__INT_FAST16_TYPE__=short -D__INT_FAST16_WIDTH__=16 "-D__INT_FAST32_FMTd__=\"d\"" "-D__INT_FAST32_FMTi__=\"i\"" -D__INT_FAST32_MAX__=2147483647 -D__INT_FAST32_TYPE__=int -D__INT_FAST32_WIDTH__=32 "-D__INT_FAST64_FMTd__=\"lld\"" "-D__INT_FAST64_FMTi__=\"lli\"" -D__INT_FAST64_MAX__=9223372036854775807LL "-D__INT_FAST64_TYPE__=long long int" -D__INT_FAST64_WIDTH__=64 "-D__INT_FAST8_FMTd__=\"hhd\"" "-D__INT_FAST8_FMTi__=\"hhi\"" -D__INT_FAST8_MAX__=127 "-D__INT_FAST8_TYPE__=signed char" -D__INT_FAST8_WIDTH__=8 "-D__INT_LEAST16_FMTd__=\"hd\"" "-D__INT_LEAST16_FMTi__=\"hi\"" -D__INT_LEAST16_MAX__=32767 -D__INT_LEAST16_TYPE__=short -D__INT_LEAST16_WIDTH__=16 "-D__INT_LEAST32_FMTd__=\"d\"" "-D__INT_LEAST32_FMTi__=\"i\"" -D__INT_LEAST32_MAX__=2147483647 -D__INT_LEAST32_TYPE__=int -D__INT_LEAST32_WIDTH__=32 "-D__INT_LEAST64_FMTd__=\"lld\"" "-D__INT_LEAST64_FMTi__=\"lli\"" -D__INT_LEAST64_MAX__=9223372036854775807LL "-D__INT_LEAST64_TYPE__=long long int" -D__INT_LEAST64_WIDTH__=64 "-D__INT_LEAST8_FMTd__=\"hhd\"" "-D__INT_LEAST8_FMTi__=\"hhi\"" -D__INT_LEAST8_MAX__=127 "-D__INT_LEAST8_TYPE__=signed char" -D__INT_LEAST8_WIDTH__=8 -D__INT_MAX__=2147483647 -D__INT_WIDTH__=32 -D__LDBL_DECIMAL_DIG__=17 -D__LDBL_DENORM_MIN__=4.9406564584124654e-324L -D__LDBL_DIG__=15 -D__LDBL_EPSILON__=2.2204460492503131e-16L -D__LDBL_HAS_DENORM__=1 -D__LDBL_HAS_INFINITY__=1 -D__LDBL_HAS_QUIET_NAN__=1 -D__LDBL_MANT_DIG__=53 -D__LDBL_MAX_10_EXP__=308 -D__LDBL_MAX_EXP__=1024 -D__LDBL_MAX__=1.7976931348623157e+308L -D__LDBL_MIN_10_EXP__=(-307) -D__LDBL_MIN_EXP__=(-1021) -D__LDBL_MIN__=2.2250738585072014e-308L -D__LDBL_NORM_MAX__=1.7976931348623157e+308L -D__LITTLE_ENDIAN__=1 -D__LLONG_WIDTH__=64 -D__LONG_LONG_MAX__=9223372036854775807LL -D__LONG_MAX__=2147483647L -D__LONG_WIDTH__=32 -D__MEMORY_SCOPE_CLUSTR=5 -D__MEMORY_SCOPE_DEVICE=1 -D__MEMORY_SCOPE_SINGLE=4 -D__MEMORY_SCOPE_SYSTEM=0 -D__MEMORY_SCOPE_WRKGRP=2 -D__MEMORY_SCOPE_WVFRNT=3 -D__MMX__=1 -D__NO_INLINE__=1 -D__NO_MATH_INLINES=1 -D__OBJC_BOOL_IS_BOOL=0 -D__OPENCL_MEMORY_SCOPE_ALL_SVM_DEVICES=3 -D__OPENCL_MEMORY_SCOPE_DEVICE=2 -D__OPENCL_MEMORY_SCOPE_SUB_GROUP=4 -D__OPENCL_MEMORY_SCOPE_WORK_GROUP=1 -D__OPENCL_MEMORY_SCOPE_WORK_ITEM=0 -D__ORDER_BIG_ENDIAN__=4321 -D__ORDER_LITTLE_ENDIAN__=1234 -D__ORDER_PDP_ENDIAN__=3412 -D__PIC__=2 -D__POINTER_WIDTH__=64 -D__PRAGMA_REDEFINE_EXTNAME=1 "-D__PTRDIFF_FMTd__=\"lld\"" "-D__PTRDIFF_FMTi__=\"lli\"" -D__PTRDIFF_MAX__=9223372036854775807LL "-D__PTRDIFF_TYPE__=long long int" -D__PTRDIFF_WIDTH__=64 -D__REGISTER_PREFIX__= -D__SCHAR_MAX__=127 -D__SEG_FS=1 -D__SEG_GS=1 -D__SHRT_MAX__=32767 -D__SHRT_WIDTH__=16 -D__SIG_ATOMIC_MAX__=2147483647 -D__SIG_ATOMIC_WIDTH__=32 -D__SIZEOF_DOUBLE__=8 -D__SIZEOF_FLOAT__=4 -D__SIZEOF_INT128__=16 -D__SIZEOF_INT__=4 -D__SIZEOF_LONG_DOUBLE__=8 -D__SIZEOF_LONG_LONG__=8 -D__SIZEOF_LONG__=4 -D__SIZEOF_POINTER__=8 -D__SIZEOF_PTRDIFF_T__=8 -D__SIZEOF_SHORT__=2 -D__SIZEOF_SIZE_T__=8 -D__SIZEOF_WCHAR_T__=2 -D__SIZEOF_WINT_T__=2 "-D__SIZE_FMTX__=\"llX\"" "-D__SIZE_FMTo__=\"llo\"" "-D__SIZE_FMTu__=\"llu\"" "-D__SIZE_FMTx__=\"llx\"" -D__SIZE_MAX__=18446744073709551615ULL "-D__SIZE_TYPE__=long long unsigned int" -D__SIZE_WIDTH__=64 -D__SSE2_MATH__=1 -D__SSE2__=1 -D__SSE_MATH__=1 -D__SSE__=1 -D__STDC_EMBED_EMPTY__=2 -D__STDC_EMBED_FOUND__=1 -D__STDC_EMBED_NOT_FOUND__=0 -D__STDC_UTF_16__=1 -D__STDC_UTF_32__=1 -D__UINT16_C(c)=c -D__UINT16_C_SUFFIX__= "-D__UINT16_FMTX__=\"hX\"" "-D__UINT16_FMTo__=\"ho\"" "-D__UINT16_FMTu__=\"hu\"" "-D__UINT16_FMTx__=\"hx\"" -D__UINT16_MAX__=65535 "-D__UINT16_TYPE__=unsigned short" -D__UINT32_C(c)=c##U -D__UINT32_C_SUFFIX__=U "-D__UINT32_FMTX__=\"X\"" "-D__UINT32_FMTo__=\"o\"" "-D__UINT32_FMTu__=\"u\"" "-D__UINT32_FMTx__=\"x\"" -D__UINT32_MAX__=4294967295U "-D__UINT32_TYPE__=unsigned int" -D__UINT64_C(c)=c##ULL -D__UINT64_C_SUFFIX__=ULL "-D__UINT64_FMTX__=\"llX\"" "-D__UINT64_FMTo__=\"llo\"" "-D__UINT64_FMTu__=\"llu\"" "-D__UINT64_FMTx__=\"llx\"" -D__UINT64_MAX__=18446744073709551615ULL "-D__UINT64_TYPE__=long long unsigned int" -D__UINT8_C(c)=c -D__UINT8_C_SUFFIX__= "-D__UINT8_FMTX__=\"hhX\"" "-D__UINT8_FMTo__=\"hho\"" "-D__UINT8_FMTu__=\"hhu\"" "-D__UINT8_FMTx__=\"hhx\"" -D__UINT8_MAX__=255 "-D__UINT8_TYPE__=unsigned char" -D__UINTMAX_C(c)=c##ULL -D__UINTMAX_C_SUFFIX__=ULL "-D__UINTMAX_FMTX__=\"llX\"" "-D__UINTMAX_FMTo__=\"llo\"" "-D__UINTMAX_FMTu__=\"llu\"" "-D__UINTMAX_FMTx__=\"llx\"" -D__UINTMAX_MAX__=18446744073709551615ULL "-D__UINTMAX_TYPE__=long long unsigned int" -D__UINTMAX_WIDTH__=64 "-D__UINTPTR_FMTX__=\"llX\"" "-D__UINTPTR_FMTo__=\"llo\"" "-D__UINTPTR_FMTu__=\"llu\"" "-D__UINTPTR_FMTx__=\"llx\"" -D__UINTPTR_MAX__=18446744073709551615ULL "-D__UINTPTR_TYPE__=long long unsigned int" -D__UINTPTR_WIDTH__=64 "-D__UINT_FAST16_FMTX__=\"hX\"" "-D__UINT_FAST16_FMTo__=\"ho\"" "-D__UINT_FAST16_FMTu__=\"hu\"" "-D__UINT_FAST16_FMTx__=\"hx\"" -D__UINT_FAST16_MAX__=65535 "-D__UINT_FAST16_TYPE__=unsigned short" "-D__UINT_FAST32_FMTX__=\"X\"" "-D__UINT_FAST32_FMTo__=\"o\"" "-D__UINT_FAST32_FMTu__=\"u\"" "-D__UINT_FAST32_FMTx__=\"x\"" -D__UINT_FAST32_MAX__=4294967295U "-D__UINT_FAST32_TYPE__=unsigned int" "-D__UINT_FAST64_FMTX__=\"llX\"" "-D__UINT_FAST64_FMTo__=\"llo\"" "-D__UINT_FAST64_FMTu__=\"llu\"" "-D__UINT_FAST64_FMTx__=\"llx\"" -D__UINT_FAST64_MAX__=18446744073709551615ULL "-D__UINT_FAST64_TYPE__=long long unsigned int" "-D__UINT_FAST8_FMTX__=\"hhX\"" "-D__UINT_FAST8_FMTo__=\"hho\"" "-D__UINT_FAST8_FMTu__=\"hhu\"" "-D__UINT_FAST8_FMTx__=\"hhx\"" -D__UINT_FAST8_MAX__=255 "-D__UINT_FAST8_TYPE__=unsigned char" "-D__UINT_LEAST16_FMTX__=\"hX\"" "-D__UINT_LEAST16_FMTo__=\"ho\"" "-D__UINT_LEAST16_FMTu__=\"hu\"" "-D__UINT_LEAST16_FMTx__=\"hx\"" -D__UINT_LEAST16_MAX__=65535 "-D__UINT_LEAST16_TYPE__=unsigned short" "-D__UINT_LEAST32_FMTX__=\"X\"" "-D__UINT_LEAST32_FMTo__=\"o\"" "-D__UINT_LEAST32_FMTu__=\"u\"" "-D__UINT_LEAST32_FMTx__=\"x\"" -D__UINT_LEAST32_MAX__=4294967295U "-D__UINT_LEAST32_TYPE__=unsigned int" "-D__UINT_LEAST64_FMTX__=\"llX\"" "-D__UINT_LEAST64_FMTo__=\"llo\"" "-D__UINT_LEAST64_FMTu__=\"llu\"" "-D__UINT_LEAST64_FMTx__=\"llx\"" -D__UINT_LEAST64_MAX__=18446744073709551615ULL "-D__UINT_LEAST64_TYPE__=long long unsigned int" "-D__UINT_LEAST8_FMTX__=\"hhX\"" "-D__UINT_LEAST8_FMTo__=\"hho\"" "-D__UINT_LEAST8_FMTu__=\"hhu\"" "-D__UINT_LEAST8_FMTx__=\"hhx\"" -D__UINT_LEAST8_MAX__=255 "-D__UINT_LEAST8_TYPE__=unsigned char" -D__USER_LABEL_PREFIX__= "-D__VERSION__=\"Clang 22.1.2 (https://github.com/llvm/llvm-project 1ab49a973e210e97d61e5db6557180dcb92c3e98)\"" -D__WCHAR_MAX__=65535 "-D__WCHAR_TYPE__=unsigned short" -D__WCHAR_UNSIGNED__=1 -D__WCHAR_WIDTH__=16 -D__WINT_MAX__=65535 "-D__WINT_TYPE__=unsigned short" -D__WINT_UNSIGNED__=1 -D__WINT_WIDTH__=16 -D__amd64=1 -D__amd64__=1 -D__clang__=1 "-D__clang_literal_encoding__=\"UTF-8\"" -D__clang_major__=22 -D__clang_minor__=1 -D__clang_patchlevel__=2 "-D__clang_version__=\"22.1.2 (https://github.com/llvm/llvm-project 1ab49a973e210e97d61e5db6557180dcb92c3e98)\"" "-D__clang_wide_literal_encoding__=\"UTF-16\"" -D__code_model_small__=1 -D__k8=1 -D__k8__=1 -D__llvm__=1 -D__pic__=2 -D__seg_fs=__attribute__((address_space(257))) -D__seg_gs=__attribute__((address_space(256))) -D__tune_k8__=1 -D__x86_64=1 -D__x86_64__=1 "-D__private_extern__=extern __attribute__((visibility(\"hidden\")))" "-IC:\Program Files\LLVM\lib\clang\22\include" "-IC:\Program Files (x86)\Microsoft Visual Studio\18\BuildTools\VC\Tools\MSVC\14.50.35717\include" "-IC:\Program Files (x86)\Windows Kits\10\Include\10.0.26100.0\ucrt" "-IC:\Program Files (x86)\Windows Kits\10\Include\10.0.26100.0\shared" "-IC:\Program Files (x86)\Windows Kits\10\Include\10.0.26100.0\um" "-IC:\Program Files (x86)\Windows Kits\10\Include\10.0.26100.0\winrt" "-IC:\Program Files (x86)\Windows Kits\10\Include\10.0.26100.0\cppwinrt" -- C:\Users\user\Desktop\lab_doc\harmc\bufff_overflow.c
[E 06:19:58 45652] CODEQL_EXTRACTOR_CPP_TRAP_CACHING is not set
[E 06:19:58 45652] CODEQL_EXTRACTOR_CPP_OPTION_TRAP_CACHE_WRITE is not set
[E 06:19:58 45652] CODEQL_EXTRACTOR_CPP_OPTION_TRAP_CACHE_DIR is not set
[E 06:19:58 45652] Initialising TRAP cache at path: \\?\C:\Users\user\Desktop\lab_doc\harmc\ad\1cb7\b77d4e7d80217fe1878258209864
[E 06:19:58 45652] Not using TRAP cache
[E 06:19:58 45652] TRAP cache miss
[E 06:19:58 45652] Starting compilation TRAP C:\Users\user\Desktop\lab_doc\harmc\codeql-db\trap\cpp/compilations/61/7264856_0.trap.zst
[E 06:19:58 45652] Archiving C:\Users\user\Desktop\lab_doc\harmc\codeql-db\src/C_/Users/user/Desktop/lab_doc/harmc/bufff_overflow.c
[E 06:19:58 45652] Archiving C:\Users\user\Desktop\lab_doc\harmc\codeql-db\src/C_/Program Files (x86)/Windows Kits/10/Include/10.0.26100.0/ucrt/stdlib.h
[E 06:19:58 45652] Already archived C:\Users\user\Desktop\lab_doc\harmc\codeql-db\src/C_/Program Files (x86)/Windows Kits/10/Include/10.0.26100.0/ucrt/corecrt.h
[E 06:19:58 45652] Already archived C:\Users\user\Desktop\lab_doc\harmc\codeql-db\src/C_/Program Files (x86)/Microsoft Visual Studio/18/BuildTools/VC/Tools/MSVC/14.50.35717/include/vcruntime.h
[E 06:19:58 45652] Already archived C:\Users\user\Desktop\lab_doc\harmc\codeql-db\src/C_/Program Files (x86)/Microsoft Visual Studio/18/BuildTools/VC/Tools/MSVC/14.50.35717/include/sal.h
[E 06:19:58 45652] Already archived C:\Users\user\Desktop\lab_doc\harmc\codeql-db\src/C_/Program Files (x86)/Microsoft Visual Studio/18/BuildTools/VC/Tools/MSVC/14.50.35717/include/concurrencysal.h
[E 06:19:58 45652] Already archived C:\Users\user\Desktop\lab_doc\harmc\codeql-db\src/C_/Program Files/LLVM/lib/clang/22/include/vadefs.h
[E 06:19:58 45652] Already archived C:\Users\user\Desktop\lab_doc\harmc\codeql-db\src/C_/Program Files (x86)/Microsoft Visual Studio/18/BuildTools/VC/Tools/MSVC/14.50.35717/include/vadefs.h
[E 06:19:58 45652] Archiving C:\Users\user\Desktop\lab_doc\harmc\codeql-db\src/C_/Program Files (x86)/Windows Kits/10/Include/10.0.26100.0/ucrt/corecrt_malloc.h
[E 06:19:58 45652] Archiving C:\Users\user\Desktop\lab_doc\harmc\codeql-db\src/C_/Program Files (x86)/Windows Kits/10/Include/10.0.26100.0/ucrt/corecrt_search.h
[E 06:19:58 45652] Archiving C:\Users\user\Desktop\lab_doc\harmc\codeql-db\src/C_/Program Files/LLVM/lib/clang/22/include/stddef.h
[E 06:19:58 45652] Archiving C:\Users\user\Desktop\lab_doc\harmc\codeql-db\src/C_/Program Files/LLVM/lib/clang/22/include/__stddef_header_macro.h
[E 06:19:58 45652] Archiving C:\Users\user\Desktop\lab_doc\harmc\codeql-db\src/C_/Program Files/LLVM/lib/clang/22/include/__stddef_ptrdiff_t.h
[E 06:19:58 45652] Archiving C:\Users\user\Desktop\lab_doc\harmc\codeql-db\src/C_/Program Files/LLVM/lib/clang/22/include/__stddef_size_t.h
[E 06:19:58 45652] Archiving C:\Users\user\Desktop\lab_doc\harmc\codeql-db\src/C_/Program Files/LLVM/lib/clang/22/include/__stddef_wchar_t.h
[E 06:19:58 45652] Archiving C:\Users\user\Desktop\lab_doc\harmc\codeql-db\src/C_/Program Files/LLVM/lib/clang/22/include/__stddef_null.h
[E 06:19:58 45652] Archiving C:\Users\user\Desktop\lab_doc\harmc\codeql-db\src/C_/Program Files/LLVM/lib/clang/22/include/__stddef_max_align_t.h
[E 06:19:58 45652] Archiving C:\Users\user\Desktop\lab_doc\harmc\codeql-db\src/C_/Program Files/LLVM/lib/clang/22/include/__stddef_offsetof.h
[E 06:19:58 45652] Archiving C:\Users\user\Desktop\lab_doc\harmc\codeql-db\src/C_/Program Files (x86)/Windows Kits/10/Include/10.0.26100.0/ucrt/corecrt_wstdlib.h
[E 06:19:58 45652] Archiving C:\Users\user\Desktop\lab_doc\harmc\codeql-db\src/C_/Program Files/LLVM/lib/clang/22/include/limits.h
[E 06:19:58 45652] Archiving C:\Users\user\Desktop\lab_doc\harmc\codeql-db\src/C_/Program Files (x86)/Microsoft Visual Studio/18/BuildTools/VC/Tools/MSVC/14.50.35717/include/limits.h
[E 06:19:58 45652] Archiving C:\Users\user\Desktop\lab_doc\harmc\codeql-db\src/C_/Program Files (x86)/Windows Kits/10/Include/10.0.26100.0/ucrt/string.h
[E 06:19:58 45652] Archiving C:\Users\user\Desktop\lab_doc\harmc\codeql-db\src/C_/Program Files (x86)/Windows Kits/10/Include/10.0.26100.0/ucrt/corecrt_memory.h
[E 06:19:58 45652] Archiving C:\Users\user\Desktop\lab_doc\harmc\codeql-db\src/C_/Program Files (x86)/Windows Kits/10/Include/10.0.26100.0/ucrt/corecrt_memcpy_s.h
[E 06:19:58 45652] Archiving C:\Users\user\Desktop\lab_doc\harmc\codeql-db\src/C_/Program Files (x86)/Windows Kits/10/Include/10.0.26100.0/ucrt/errno.h
[E 06:19:58 45652] Archiving C:\Users\user\Desktop\lab_doc\harmc\codeql-db\src/C_/Program Files (x86)/Microsoft Visual Studio/18/BuildTools/VC/Tools/MSVC/14.50.35717/include/vcruntime_string.h
[E 06:19:58 45652] Archiving C:\Users\user\Desktop\lab_doc\harmc\codeql-db\src/C_/Program Files (x86)/Windows Kits/10/Include/10.0.26100.0/ucrt/corecrt_wstring.h
[E 06:19:58 45652] Warning[extractor-c++]: In emit_platform_diagnostic: Failed to rename diagnostic file from 'C:\Users\user\Desktop\lab_doc\harmc\codeql-db\diagnostic\extractors\cpp\platform.11263779078285517235.jsonl.45652' to 'C:\Users\user\Desktop\lab_doc\harmc\codeql-db\diagnostic\extractors\cpp\platform.11263779078285517235.jsonl': 另一个程序正在使用此文件，进程无法访问。
[E 06:19:58 45652] Creating trap tarball C:\Users\user\Desktop\lab_doc\harmc\codeql-db\trap\cpp/tarballs/C_/Users/user/Desktop/lab_doc/harmc/bufff_overflow.c.5da8ac53_0.trap.tar.zst
[E 06:19:58 45652] Emitting trap files for C:\Users\user\Desktop\lab_doc\harmc\bufff_overflow.c
[E 06:19:58 45652] Opening existencedb in \\?\C:\Users\user\Desktop\lab_doc\harmc\codeql-db\working\existencedb\db
[E 06:19:58 45652] Wrote 22 files to C:\Users\user\Desktop\lab_doc\harmc\codeql-db\trap\cpp/tarballs/C_/Users/user/Desktop/lab_doc/harmc/bufff_overflow.c.5da8ac53_0.trap.tar.zst
[E 06:19:58 45652] Finished compilation TRAP C:\Users\user\Desktop\lab_doc\harmc\codeql-db\trap\cpp/compilations/61/7264856_0.trap.zst
[E 06:19:58 45652] Marking C compilation as happened.
[E 06:19:58 45652] Setting tag c-compilation-happened
[E 06:19:58 45652] Starting from CODEQL_TRACER_DB_ID F1E641C400005FE0_0000000000000001
[E 06:19:58 45652] Locking DB C:\Users\user\Desktop\lab_doc\harmc\codeql-db\working/tags.db
[E 06:19:58 45652] Locked DB C:\Users\user\Desktop\lab_doc\harmc\codeql-db\working/tags.db
[E 06:19:58 45652] Set tag for F1E641C400005FE0_0000000000000001
[E 06:19:58 45652] Set tag for A7B20BD700006634_0000000000000001
[E 06:19:58 45652] Set tag for 777783A200003714_0000000000000001
[E 06:19:58 45652] Set tag for 48EF5C50000032A0_0000000000000001
[E 06:19:58 45652] Unlocking DB
[E 06:19:58 45652] Unlocked DB
[E 06:19:58 45652] Extractor exited successfully
[T 06:19:58 24544] Allocated ID 6D0C547300005FE0_0000000000000001 (parent A7B20BD700006634_0000000000000001)
[T 06:19:58 24544] ==== Candidate to intercept: C:\Program Files\LLVM\bin\clang.exe (26852) ====
[T 06:19:58 24544] Lua: === Intercepted call to c:\program files\llvm\bin\clang.exe ===
[T 06:19:58 24544] Executing the following tracer actions:
[T 06:19:58 24544] Tracer actions:
[T 06:19:58 24544] pre_invocations(0)
[T 06:19:58 24544] post_invocations(1)
[T 06:19:58 24544] invocation: F:\qltool\codeql\cpp\tools\win64\extractor.exe, args: --mimic "c:\program files\llvm\bin\clang.exe" -c C:\Users\user\Desktop\lab_doc\harmc\double_free.c -o double_free.obj
[T 06:19:58 24544] trace_languages(1): [cpp]
[E 06:19:59 40684] CodeQL C/C++ Extractor 2.25.3
[E 06:19:59 40684] Current directory: C:\Users\user\Desktop\lab_doc\harmc
[E 06:19:59 40684] Command: F:\qltool\codeql\cpp\tools\win64\extractor.exe --mimic "c:\program files\llvm\bin\clang.exe" -c C:\Users\user\Desktop\lab_doc\harmc\double_free.c -o double_free.obj
[E 06:19:59 40684] Checking whether C compilation already happened.
[E 06:19:59 40684] Checking for tag c-compilation-happened
[E 06:19:59 40684] Checking CODEQL_TRACER_DB_ID 6D0C547300005FE0_0000000000000001
[E 06:19:59 40684] Locking DB C:\Users\user\Desktop\lab_doc\harmc\codeql-db\working/tags.db
[E 06:19:59 40684] Locked DB C:\Users\user\Desktop\lab_doc\harmc\codeql-db\working/tags.db
[E 06:19:59 40684] Unlocking DB
[E 06:19:59 40684] Unlocked DB
[E 06:19:59 40684] Looks like C compilation didn't already happen.
[E 06:19:59 40684] Checking whether C compilation has been attempted.
[E 06:19:59 40684] Checking for tag c-compilation-attempted
[E 06:19:59 40684] Checking CODEQL_TRACER_DB_ID 6D0C547300005FE0_0000000000000001
[E 06:19:59 40684] Locking DB C:\Users\user\Desktop\lab_doc\harmc\codeql-db\working/tags.db
[E 06:19:59 40684] Locked DB C:\Users\user\Desktop\lab_doc\harmc\codeql-db\working/tags.db
[E 06:19:59 40684] Unlocking DB
[E 06:19:59 40684] Unlocked DB
[E 06:19:59 40684] Marking C compilation as attempted.
[E 06:19:59 40684] Setting tag c-compilation-attempted
[E 06:19:59 40684] Starting from CODEQL_TRACER_DB_ID 6D0C547300005FE0_0000000000000001
[E 06:19:59 40684] Locking DB C:\Users\user\Desktop\lab_doc\harmc\codeql-db\working/tags.db
[E 06:19:59 40684] Locked DB C:\Users\user\Desktop\lab_doc\harmc\codeql-db\working/tags.db
[E 06:19:59 40684] Set tag for 6D0C547300005FE0_0000000000000001
[E 06:19:59 40684] Set tag for A7B20BD700006634_0000000000000001
[E 06:19:59 40684] Set tag for 777783A200003714_0000000000000001
[E 06:19:59 40684] Set tag for 48EF5C50000032A0_0000000000000001
[E 06:19:59 40684] Unlocking DB
[E 06:19:59 40684] Unlocked DB
[E 06:19:59 40684] Processed command line: F:\qltool\codeql\cpp\tools\win64\extractor.exe --trapfolder C:\Users\user\Desktop\lab_doc\harmc\codeql-db\trap\cpp --src_archive C:\Users\user\Desktop\lab_doc\harmc\codeql-db\src --object_filename double_free.obj --no_warnings_and_discretionary_errors --error_limit 1000 --disable_system_macros --variadic_macros --incognito --gcc --ms_compatibility --clang_version 220102 --microsoft_version 1950 --gnu_version 40801 --has_feature_vector 11111111111111110000000000000000000000000000000000000000000000000000011 --clang --target win64 -D_CRT_USE_BUILTIN_OFFSETOF=1 -D_INTEGRAL_MAX_BITS=64 -D_MSC_BUILD=1 -D_MSC_EXTENSIONS=1 -D_MSC_FULL_VER=195035728 -D_MSC_VER=1950 -D_MSVC_CONSTEXPR_ATTRIBUTE=1 -D_MSVC_EXECUTION_CHARACTER_SET=65001 -D_M_AMD64=100 -D_M_FP_CONTRACT=1 -D_M_FP_PRECISE=1 -D_M_X64=100 -D_WIN32=1 -D_WIN64=1 -D__ATOMIC_ACQUIRE=2 -D__ATOMIC_ACQ_REL=4 -D__ATOMIC_CONSUME=1 -D__ATOMIC_RELAXED=0 -D__ATOMIC_RELEASE=3 -D__ATOMIC_SEQ_CST=5 -D__BIGGEST_ALIGNMENT__=16 -D__BITINT_MAXWIDTH__=8388608 -D__BOOL_WIDTH__=1 -D__BYTE_ORDER__=__ORDER_LITTLE_ENDIAN__ -D__CHAR_BIT__=8 -D__CLANG_ATOMIC_BOOL_LOCK_FREE=2 -D__CLANG_ATOMIC_CHAR16_T_LOCK_FREE=2 -D__CLANG_ATOMIC_CHAR32_T_LOCK_FREE=2 -D__CLANG_ATOMIC_CHAR_LOCK_FREE=2 -D__CLANG_ATOMIC_INT_LOCK_FREE=2 -D__CLANG_ATOMIC_LLONG_LOCK_FREE=2 -D__CLANG_ATOMIC_LONG_LOCK_FREE=2 -D__CLANG_ATOMIC_POINTER_LOCK_FREE=2 -D__CLANG_ATOMIC_SHORT_LOCK_FREE=2 -D__CLANG_ATOMIC_WCHAR_T_LOCK_FREE=2 -D__CONSTANT_CFSTRINGS__=1 -D__DBL_DECIMAL_DIG__=17 -D__DBL_DENORM_MIN__=4.9406564584124654e-324 -D__DBL_DIG__=15 -D__DBL_EPSILON__=2.2204460492503131e-16 -D__DBL_HAS_DENORM__=1 -D__DBL_HAS_INFINITY__=1 -D__DBL_HAS_QUIET_NAN__=1 -D__DBL_MANT_DIG__=53 -D__DBL_MAX_10_EXP__=308 -D__DBL_MAX_EXP__=1024 -D__DBL_MAX__=1.7976931348623157e+308 -D__DBL_MIN_10_EXP__=(-307) -D__DBL_MIN_EXP__=(-1021) -D__DBL_MIN__=2.2250738585072014e-308 -D__DBL_NORM_MAX__=1.7976931348623157e+308 -D__DECIMAL_DIG__=__LDBL_DECIMAL_DIG__ -D__FINITE_MATH_ONLY__=0 -D__FLT16_DECIMAL_DIG__=5 -D__FLT16_DENORM_MIN__=5.9604644775390625e-8F16 -D__FLT16_DIG__=3 -D__FLT16_EPSILON__=9.765625e-4F16 -D__FLT16_HAS_DENORM__=1 -D__FLT16_HAS_INFINITY__=1 -D__FLT16_HAS_QUIET_NAN__=1 -D__FLT16_MANT_DIG__=11 -D__FLT16_MAX_10_EXP__=4 -D__FLT16_MAX_EXP__=16 -D__FLT16_MAX__=6.5504e+4F16 -D__FLT16_MIN_10_EXP__=(-4) -D__FLT16_MIN_EXP__=(-13) -D__FLT16_MIN__=6.103515625e-5F16 -D__FLT16_NORM_MAX__=6.5504e+4F16 -D__FLT_DECIMAL_DIG__=9 -D__FLT_DENORM_MIN__=1.40129846e-45F -D__FLT_DIG__=6 -D__FLT_EPSILON__=1.19209290e-7F -D__FLT_HAS_DENORM__=1 -D__FLT_HAS_INFINITY__=1 -D__FLT_HAS_QUIET_NAN__=1 -D__FLT_MANT_DIG__=24 -D__FLT_MAX_10_EXP__=38 -D__FLT_MAX_EXP__=128 -D__FLT_MAX__=3.40282347e+38F -D__FLT_MIN_10_EXP__=(-37) -D__FLT_MIN_EXP__=(-125) -D__FLT_MIN__=1.17549435e-38F -D__FLT_NORM_MAX__=3.40282347e+38F -D__FLT_RADIX__=2 -D__FPCLASS_NEGINF=0x0004 -D__FPCLASS_NEGNORMAL=0x0008 -D__FPCLASS_NEGSUBNORMAL=0x0010 -D__FPCLASS_NEGZERO=0x0020 -D__FPCLASS_POSINF=0x0200 -D__FPCLASS_POSNORMAL=0x0100 -D__FPCLASS_POSSUBNORMAL=0x0080 -D__FPCLASS_POSZERO=0x0040 -D__FPCLASS_QNAN=0x0002 -D__FPCLASS_SNAN=0x0001 -D__FXSR__=1 -D__GCC_ASM_FLAG_OUTPUTS__=1 -D__GCC_CONSTRUCTIVE_SIZE=64 -D__GCC_DESTRUCTIVE_SIZE=64 -D__GCC_HAVE_SYNC_COMPARE_AND_SWAP_1=1 -D__GCC_HAVE_SYNC_COMPARE_AND_SWAP_2=1 -D__GCC_HAVE_SYNC_COMPARE_AND_SWAP_4=1 -D__GCC_HAVE_SYNC_COMPARE_AND_SWAP_8=1 -D__INT16_C(c)=c -D__INT16_C_SUFFIX__= "-D__INT16_FMTd__=\"hd\"" "-D__INT16_FMTi__=\"hi\"" -D__INT16_MAX__=32767 -D__INT16_TYPE__=short -D__INT32_C(c)=c -D__INT32_C_SUFFIX__= "-D__INT32_FMTd__=\"d\"" "-D__INT32_FMTi__=\"i\"" -D__INT32_MAX__=2147483647 -D__INT32_TYPE__=int -D__INT64_C(c)=c##LL -D__INT64_C_SUFFIX__=LL "-D__INT64_FMTd__=\"lld\"" "-D__INT64_FMTi__=\"lli\"" -D__INT64_MAX__=9223372036854775807LL "-D__INT64_TYPE__=long long int" -D__INT8_C(c)=c -D__INT8_C_SUFFIX__= "-D__INT8_FMTd__=\"hhd\"" "-D__INT8_FMTi__=\"hhi\"" -D__INT8_MAX__=127 "-D__INT8_TYPE__=signed char" -D__INTMAX_C(c)=c##LL -D__INTMAX_C_SUFFIX__=LL "-D__INTMAX_FMTd__=\"lld\"" "-D__INTMAX_FMTi__=\"lli\"" -D__INTMAX_MAX__=9223372036854775807LL "-D__INTMAX_TYPE__=long long int" -D__INTMAX_WIDTH__=64 "-D__INTPTR_FMTd__=\"lld\"" "-D__INTPTR_FMTi__=\"lli\"" -D__INTPTR_MAX__=9223372036854775807LL "-D__INTPTR_TYPE__=long long int" -D__INTPTR_WIDTH__=64 "-D__INT_FAST16_FMTd__=\"hd\"" "-D__INT_FAST16_FMTi__=\"hi\"" -D__INT_FAST16_MAX__=32767 -D__INT_FAST16_TYPE__=short -D__INT_FAST16_WIDTH__=16 "-D__INT_FAST32_FMTd__=\"d\"" "-D__INT_FAST32_FMTi__=\"i\"" -D__INT_FAST32_MAX__=2147483647 -D__INT_FAST32_TYPE__=int -D__INT_FAST32_WIDTH__=32 "-D__INT_FAST64_FMTd__=\"lld\"" "-D__INT_FAST64_FMTi__=\"lli\"" -D__INT_FAST64_MAX__=9223372036854775807LL "-D__INT_FAST64_TYPE__=long long int" -D__INT_FAST64_WIDTH__=64 "-D__INT_FAST8_FMTd__=\"hhd\"" "-D__INT_FAST8_FMTi__=\"hhi\"" -D__INT_FAST8_MAX__=127 "-D__INT_FAST8_TYPE__=signed char" -D__INT_FAST8_WIDTH__=8 "-D__INT_LEAST16_FMTd__=\"hd\"" "-D__INT_LEAST16_FMTi__=\"hi\"" -D__INT_LEAST16_MAX__=32767 -D__INT_LEAST16_TYPE__=short -D__INT_LEAST16_WIDTH__=16 "-D__INT_LEAST32_FMTd__=\"d\"" "-D__INT_LEAST32_FMTi__=\"i\"" -D__INT_LEAST32_MAX__=2147483647 -D__INT_LEAST32_TYPE__=int -D__INT_LEAST32_WIDTH__=32 "-D__INT_LEAST64_FMTd__=\"lld\"" "-D__INT_LEAST64_FMTi__=\"lli\"" -D__INT_LEAST64_MAX__=9223372036854775807LL "-D__INT_LEAST64_TYPE__=long long int" -D__INT_LEAST64_WIDTH__=64 "-D__INT_LEAST8_FMTd__=\"hhd\"" "-D__INT_LEAST8_FMTi__=\"hhi\"" -D__INT_LEAST8_MAX__=127 "-D__INT_LEAST8_TYPE__=signed char" -D__INT_LEAST8_WIDTH__=8 -D__INT_MAX__=2147483647 -D__INT_WIDTH__=32 -D__LDBL_DECIMAL_DIG__=17 -D__LDBL_DENORM_MIN__=4.9406564584124654e-324L -D__LDBL_DIG__=15 -D__LDBL_EPSILON__=2.2204460492503131e-16L -D__LDBL_HAS_DENORM__=1 -D__LDBL_HAS_INFINITY__=1 -D__LDBL_HAS_QUIET_NAN__=1 -D__LDBL_MANT_DIG__=53 -D__LDBL_MAX_10_EXP__=308 -D__LDBL_MAX_EXP__=1024 -D__LDBL_MAX__=1.7976931348623157e+308L -D__LDBL_MIN_10_EXP__=(-307) -D__LDBL_MIN_EXP__=(-1021) -D__LDBL_MIN__=2.2250738585072014e-308L -D__LDBL_NORM_MAX__=1.7976931348623157e+308L -D__LITTLE_ENDIAN__=1 -D__LLONG_WIDTH__=64 -D__LONG_LONG_MAX__=9223372036854775807LL -D__LONG_MAX__=2147483647L -D__LONG_WIDTH__=32 -D__MEMORY_SCOPE_CLUSTR=5 -D__MEMORY_SCOPE_DEVICE=1 -D__MEMORY_SCOPE_SINGLE=4 -D__MEMORY_SCOPE_SYSTEM=0 -D__MEMORY_SCOPE_WRKGRP=2 -D__MEMORY_SCOPE_WVFRNT=3 -D__MMX__=1 -D__NO_INLINE__=1 -D__NO_MATH_INLINES=1 -D__OBJC_BOOL_IS_BOOL=0 -D__OPENCL_MEMORY_SCOPE_ALL_SVM_DEVICES=3 -D__OPENCL_MEMORY_SCOPE_DEVICE=2 -D__OPENCL_MEMORY_SCOPE_SUB_GROUP=4 -D__OPENCL_MEMORY_SCOPE_WORK_GROUP=1 -D__OPENCL_MEMORY_SCOPE_WORK_ITEM=0 -D__ORDER_BIG_ENDIAN__=4321 -D__ORDER_LITTLE_ENDIAN__=1234 -D__ORDER_PDP_ENDIAN__=3412 -D__PIC__=2 -D__POINTER_WIDTH__=64 -D__PRAGMA_REDEFINE_EXTNAME=1 "-D__PTRDIFF_FMTd__=\"lld\"" "-D__PTRDIFF_FMTi__=\"lli\"" -D__PTRDIFF_MAX__=9223372036854775807LL "-D__PTRDIFF_TYPE__=long long int" -D__PTRDIFF_WIDTH__=64 -D__REGISTER_PREFIX__= -D__SCHAR_MAX__=127 -D__SEG_FS=1 -D__SEG_GS=1 -D__SHRT_MAX__=32767 -D__SHRT_WIDTH__=16 -D__SIG_ATOMIC_MAX__=2147483647 -D__SIG_ATOMIC_WIDTH__=32 -D__SIZEOF_DOUBLE__=8 -D__SIZEOF_FLOAT__=4 -D__SIZEOF_INT128__=16 -D__SIZEOF_INT__=4 -D__SIZEOF_LONG_DOUBLE__=8 -D__SIZEOF_LONG_LONG__=8 -D__SIZEOF_LONG__=4 -D__SIZEOF_POINTER__=8 -D__SIZEOF_PTRDIFF_T__=8 -D__SIZEOF_SHORT__=2 -D__SIZEOF_SIZE_T__=8 -D__SIZEOF_WCHAR_T__=2 -D__SIZEOF_WINT_T__=2 "-D__SIZE_FMTX__=\"llX\"" "-D__SIZE_FMTo__=\"llo\"" "-D__SIZE_FMTu__=\"llu\"" "-D__SIZE_FMTx__=\"llx\"" -D__SIZE_MAX__=18446744073709551615ULL "-D__SIZE_TYPE__=long long unsigned int" -D__SIZE_WIDTH__=64 -D__SSE2_MATH__=1 -D__SSE2__=1 -D__SSE_MATH__=1 -D__SSE__=1 -D__STDC_EMBED_EMPTY__=2 -D__STDC_EMBED_FOUND__=1 -D__STDC_EMBED_NOT_FOUND__=0 -D__STDC_UTF_16__=1 -D__STDC_UTF_32__=1 -D__UINT16_C(c)=c -D__UINT16_C_SUFFIX__= "-D__UINT16_FMTX__=\"hX\"" "-D__UINT16_FMTo__=\"ho\"" "-D__UINT16_FMTu__=\"hu\"" "-D__UINT16_FMTx__=\"hx\"" -D__UINT16_MAX__=65535 "-D__UINT16_TYPE__=unsigned short" -D__UINT32_C(c)=c##U -D__UINT32_C_SUFFIX__=U "-D__UINT32_FMTX__=\"X\"" "-D__UINT32_FMTo__=\"o\"" "-D__UINT32_FMTu__=\"u\"" "-D__UINT32_FMTx__=\"x\"" -D__UINT32_MAX__=4294967295U "-D__UINT32_TYPE__=unsigned int" -D__UINT64_C(c)=c##ULL -D__UINT64_C_SUFFIX__=ULL "-D__UINT64_FMTX__=\"llX\"" "-D__UINT64_FMTo__=\"llo\"" "-D__UINT64_FMTu__=\"llu\"" "-D__UINT64_FMTx__=\"llx\"" -D__UINT64_MAX__=18446744073709551615ULL "-D__UINT64_TYPE__=long long unsigned int" -D__UINT8_C(c)=c -D__UINT8_C_SUFFIX__= "-D__UINT8_FMTX__=\"hhX\"" "-D__UINT8_FMTo__=\"hho\"" "-D__UINT8_FMTu__=\"hhu\"" "-D__UINT8_FMTx__=\"hhx\"" -D__UINT8_MAX__=255 "-D__UINT8_TYPE__=unsigned char" -D__UINTMAX_C(c)=c##ULL -D__UINTMAX_C_SUFFIX__=ULL "-D__UINTMAX_FMTX__=\"llX\"" "-D__UINTMAX_FMTo__=\"llo\"" "-D__UINTMAX_FMTu__=\"llu\"" "-D__UINTMAX_FMTx__=\"llx\"" -D__UINTMAX_MAX__=18446744073709551615ULL "-D__UINTMAX_TYPE__=long long unsigned int" -D__UINTMAX_WIDTH__=64 "-D__UINTPTR_FMTX__=\"llX\"" "-D__UINTPTR_FMTo__=\"llo\"" "-D__UINTPTR_FMTu__=\"llu\"" "-D__UINTPTR_FMTx__=\"llx\"" -D__UINTPTR_MAX__=18446744073709551615ULL "-D__UINTPTR_TYPE__=long long unsigned int" -D__UINTPTR_WIDTH__=64 "-D__UINT_FAST16_FMTX__=\"hX\"" "-D__UINT_FAST16_FMTo__=\"ho\"" "-D__UINT_FAST16_FMTu__=\"hu\"" "-D__UINT_FAST16_FMTx__=\"hx\"" -D__UINT_FAST16_MAX__=65535 "-D__UINT_FAST16_TYPE__=unsigned short" "-D__UINT_FAST32_FMTX__=\"X\"" "-D__UINT_FAST32_FMTo__=\"o\"" "-D__UINT_FAST32_FMTu__=\"u\"" "-D__UINT_FAST32_FMTx__=\"x\"" -D__UINT_FAST32_MAX__=4294967295U "-D__UINT_FAST32_TYPE__=unsigned int" "-D__UINT_FAST64_FMTX__=\"llX\"" "-D__UINT_FAST64_FMTo__=\"llo\"" "-D__UINT_FAST64_FMTu__=\"llu\"" "-D__UINT_FAST64_FMTx__=\"llx\"" -D__UINT_FAST64_MAX__=18446744073709551615ULL "-D__UINT_FAST64_TYPE__=long long unsigned int" "-D__UINT_FAST8_FMTX__=\"hhX\"" "-D__UINT_FAST8_FMTo__=\"hho\"" "-D__UINT_FAST8_FMTu__=\"hhu\"" "-D__UINT_FAST8_FMTx__=\"hhx\"" -D__UINT_FAST8_MAX__=255 "-D__UINT_FAST8_TYPE__=unsigned char" "-D__UINT_LEAST16_FMTX__=\"hX\"" "-D__UINT_LEAST16_FMTo__=\"ho\"" "-D__UINT_LEAST16_FMTu__=\"hu\"" "-D__UINT_LEAST16_FMTx__=\"hx\"" -D__UINT_LEAST16_MAX__=65535 "-D__UINT_LEAST16_TYPE__=unsigned short" "-D__UINT_LEAST32_FMTX__=\"X\"" "-D__UINT_LEAST32_FMTo__=\"o\"" "-D__UINT_LEAST32_FMTu__=\"u\"" "-D__UINT_LEAST32_FMTx__=\"x\"" -D__UINT_LEAST32_MAX__=4294967295U "-D__UINT_LEAST32_TYPE__=unsigned int" "-D__UINT_LEAST64_FMTX__=\"llX\"" "-D__UINT_LEAST64_FMTo__=\"llo\"" "-D__UINT_LEAST64_FMTu__=\"llu\"" "-D__UINT_LEAST64_FMTx__=\"llx\"" -D__UINT_LEAST64_MAX__=18446744073709551615ULL "-D__UINT_LEAST64_TYPE__=long long unsigned int" "-D__UINT_LEAST8_FMTX__=\"hhX\"" "-D__UINT_LEAST8_FMTo__=\"hho\"" "-D__UINT_LEAST8_FMTu__=\"hhu\"" "-D__UINT_LEAST8_FMTx__=\"hhx\"" -D__UINT_LEAST8_MAX__=255 "-D__UINT_LEAST8_TYPE__=unsigned char" -D__USER_LABEL_PREFIX__= "-D__VERSION__=\"Clang 22.1.2 (https://github.com/llvm/llvm-project 1ab49a973e210e97d61e5db6557180dcb92c3e98)\"" -D__WCHAR_MAX__=65535 "-D__WCHAR_TYPE__=unsigned short" -D__WCHAR_UNSIGNED__=1 -D__WCHAR_WIDTH__=16 -D__WINT_MAX__=65535 "-D__WINT_TYPE__=unsigned short" -D__WINT_UNSIGNED__=1 -D__WINT_WIDTH__=16 -D__amd64=1 -D__amd64__=1 -D__clang__=1 "-D__clang_literal_encoding__=\"UTF-8\"" -D__clang_major__=22 -D__clang_minor__=1 -D__clang_patchlevel__=2 "-D__clang_version__=\"22.1.2 (https://github.com/llvm/llvm-project 1ab49a973e210e97d61e5db6557180dcb92c3e98)\"" "-D__clang_wide_literal_encoding__=\"UTF-16\"" -D__code_model_small__=1 -D__k8=1 -D__k8__=1 -D__llvm__=1 -D__pic__=2 -D__seg_fs=__attribute__((address_space(257))) -D__seg_gs=__attribute__((address_space(256))) -D__tune_k8__=1 -D__x86_64=1 -D__x86_64__=1 "-D__private_extern__=extern __attribute__((visibility(\"hidden\")))" "-IC:\Program Files\LLVM\lib\clang\22\include" "-IC:\Program Files (x86)\Microsoft Visual Studio\18\BuildTools\VC\Tools\MSVC\14.50.35717\include" "-IC:\Program Files (x86)\Windows Kits\10\Include\10.0.26100.0\ucrt" "-IC:\Program Files (x86)\Windows Kits\10\Include\10.0.26100.0\shared" "-IC:\Program Files (x86)\Windows Kits\10\Include\10.0.26100.0\um" "-IC:\Program Files (x86)\Windows Kits\10\Include\10.0.26100.0\winrt" "-IC:\Program Files (x86)\Windows Kits\10\Include\10.0.26100.0\cppwinrt" -- C:\Users\user\Desktop\lab_doc\harmc\double_free.c
[E 06:19:59 40684] CODEQL_EXTRACTOR_CPP_TRAP_CACHING is not set
[E 06:19:59 40684] CODEQL_EXTRACTOR_CPP_OPTION_TRAP_CACHE_WRITE is not set
[E 06:19:59 40684] CODEQL_EXTRACTOR_CPP_OPTION_TRAP_CACHE_DIR is not set
[E 06:19:59 40684] Initialising TRAP cache at path: \\?\C:\Users\user\Desktop\lab_doc\harmc\94\8e59\593169c2bd666934ffce4a990913
[E 06:19:59 40684] Not using TRAP cache
[E 06:19:59 40684] TRAP cache miss
[E 06:19:59 40684] Starting compilation TRAP C:\Users\user\Desktop\lab_doc\harmc\codeql-db\trap\cpp/compilations/40/36992274_0.trap.zst
[E 06:19:59 40684] Archiving C:\Users\user\Desktop\lab_doc\harmc\codeql-db\src/C_/Users/user/Desktop/lab_doc/harmc/double_free.c
[E 06:19:59 40684] Already archived C:\Users\user\Desktop\lab_doc\harmc\codeql-db\src/C_/Program Files (x86)/Windows Kits/10/Include/10.0.26100.0/ucrt/stdio.h
[E 06:19:59 40684] Already archived C:\Users\user\Desktop\lab_doc\harmc\codeql-db\src/C_/Program Files (x86)/Windows Kits/10/Include/10.0.26100.0/ucrt/corecrt.h
[E 06:19:59 40684] Already archived C:\Users\user\Desktop\lab_doc\harmc\codeql-db\src/C_/Program Files (x86)/Microsoft Visual Studio/18/BuildTools/VC/Tools/MSVC/14.50.35717/include/vcruntime.h
[E 06:19:59 40684] Already archived C:\Users\user\Desktop\lab_doc\harmc\codeql-db\src/C_/Program Files (x86)/Microsoft Visual Studio/18/BuildTools/VC/Tools/MSVC/14.50.35717/include/sal.h
[E 06:19:59 40684] Already archived C:\Users\user\Desktop\lab_doc\harmc\codeql-db\src/C_/Program Files (x86)/Microsoft Visual Studio/18/BuildTools/VC/Tools/MSVC/14.50.35717/include/concurrencysal.h
[E 06:19:59 40684] Already archived C:\Users\user\Desktop\lab_doc\harmc\codeql-db\src/C_/Program Files/LLVM/lib/clang/22/include/vadefs.h
[E 06:19:59 40684] Already archived C:\Users\user\Desktop\lab_doc\harmc\codeql-db\src/C_/Program Files (x86)/Microsoft Visual Studio/18/BuildTools/VC/Tools/MSVC/14.50.35717/include/vadefs.h
[E 06:19:59 40684] Already archived C:\Users\user\Desktop\lab_doc\harmc\codeql-db\src/C_/Program Files (x86)/Windows Kits/10/Include/10.0.26100.0/ucrt/corecrt_wstdio.h
[E 06:19:59 40684] Already archived C:\Users\user\Desktop\lab_doc\harmc\codeql-db\src/C_/Program Files (x86)/Windows Kits/10/Include/10.0.26100.0/ucrt/corecrt_stdio_config.h
[E 06:19:59 40684] Warning[extractor-c++]: In emit_platform_diagnostic: Failed to rename diagnostic file from 'C:\Users\user\Desktop\lab_doc\harmc\codeql-db\diagnostic\extractors\cpp\platform.11263779078285517235.jsonl.40684' to 'C:\Users\user\Desktop\lab_doc\harmc\codeql-db\diagnostic\extractors\cpp\platform.11263779078285517235.jsonl': 另一个程序正在使用此文件，进程无法访问。
[E 06:19:59 40684] Creating trap tarball C:\Users\user\Desktop\lab_doc\harmc\codeql-db\trap\cpp/tarballs/C_/Users/user/Desktop/lab_doc/harmc/double_free.c.9972b209_0.trap.tar.zst
[E 06:19:59 40684] Emitting trap files for C:\Users\user\Desktop\lab_doc\harmc\double_free.c
[E 06:19:59 40684] Opening existencedb in \\?\C:\Users\user\Desktop\lab_doc\harmc\codeql-db\working\existencedb\db
[E 06:19:59 40684] Wrote 1 files to C:\Users\user\Desktop\lab_doc\harmc\codeql-db\trap\cpp/tarballs/C_/Users/user/Desktop/lab_doc/harmc/double_free.c.9972b209_0.trap.tar.zst
[E 06:19:59 40684] Finished compilation TRAP C:\Users\user\Desktop\lab_doc\harmc\codeql-db\trap\cpp/compilations/40/36992274_0.trap.zst
[E 06:19:59 40684] Marking C compilation as happened.
[E 06:19:59 40684] Setting tag c-compilation-happened
[E 06:19:59 40684] Starting from CODEQL_TRACER_DB_ID 6D0C547300005FE0_0000000000000001
[E 06:19:59 40684] Locking DB C:\Users\user\Desktop\lab_doc\harmc\codeql-db\working/tags.db
[E 06:19:59 40684] Locked DB C:\Users\user\Desktop\lab_doc\harmc\codeql-db\working/tags.db
[E 06:19:59 40684] Set tag for 6D0C547300005FE0_0000000000000001
[E 06:19:59 40684] Set tag for A7B20BD700006634_0000000000000001
[E 06:19:59 40684] Set tag for 777783A200003714_0000000000000001
[E 06:19:59 40684] Set tag for 48EF5C50000032A0_0000000000000001
[E 06:19:59 40684] Unlocking DB
[E 06:19:59 40684] Unlocked DB
[E 06:19:59 40684] Extractor exited successfully
[T 06:19:59 24544] Allocated ID 82D79C5E00005FE0_0000000000000001 (parent A7B20BD700006634_0000000000000001)
[T 06:19:59 24544] ==== Candidate to intercept: C:\Program Files\LLVM\bin\clang.exe (42436) ====
[T 06:19:59 24544] Lua: === Intercepted call to c:\program files\llvm\bin\clang.exe ===
[T 06:19:59 24544] Executing the following tracer actions:
[T 06:19:59 24544] Tracer actions:
[T 06:19:59 24544] pre_invocations(0)
[T 06:19:59 24544] post_invocations(1)
[T 06:19:59 24544] invocation: F:\qltool\codeql\cpp\tools\win64\extractor.exe, args: --mimic "c:\program files\llvm\bin\clang.exe" -c C:\Users\user\Desktop\lab_doc\harmc\mem_leak_all.c -o mem_leak_all.obj
[T 06:19:59 24544] trace_languages(1): [cpp]
[E 06:19:59 21016] CodeQL C/C++ Extractor 2.25.3
[E 06:19:59 21016] Current directory: C:\Users\user\Desktop\lab_doc\harmc
[E 06:19:59 21016] Command: F:\qltool\codeql\cpp\tools\win64\extractor.exe --mimic "c:\program files\llvm\bin\clang.exe" -c C:\Users\user\Desktop\lab_doc\harmc\mem_leak_all.c -o mem_leak_all.obj
[E 06:19:59 21016] Checking whether C compilation already happened.
[E 06:19:59 21016] Checking for tag c-compilation-happened
[E 06:19:59 21016] Checking CODEQL_TRACER_DB_ID 82D79C5E00005FE0_0000000000000001
[E 06:19:59 21016] Locking DB C:\Users\user\Desktop\lab_doc\harmc\codeql-db\working/tags.db
[E 06:19:59 21016] Locked DB C:\Users\user\Desktop\lab_doc\harmc\codeql-db\working/tags.db
[E 06:19:59 21016] Unlocking DB
[E 06:19:59 21016] Unlocked DB
[E 06:19:59 21016] Looks like C compilation didn't already happen.
[E 06:19:59 21016] Checking whether C compilation has been attempted.
[E 06:19:59 21016] Checking for tag c-compilation-attempted
[E 06:19:59 21016] Checking CODEQL_TRACER_DB_ID 82D79C5E00005FE0_0000000000000001
[E 06:19:59 21016] Locking DB C:\Users\user\Desktop\lab_doc\harmc\codeql-db\working/tags.db
[E 06:19:59 21016] Locked DB C:\Users\user\Desktop\lab_doc\harmc\codeql-db\working/tags.db
[E 06:19:59 21016] Unlocking DB
[E 06:19:59 21016] Unlocked DB
[E 06:19:59 21016] Marking C compilation as attempted.
[E 06:19:59 21016] Setting tag c-compilation-attempted
[E 06:19:59 21016] Starting from CODEQL_TRACER_DB_ID 82D79C5E00005FE0_0000000000000001
[E 06:19:59 21016] Locking DB C:\Users\user\Desktop\lab_doc\harmc\codeql-db\working/tags.db
[E 06:19:59 21016] Locked DB C:\Users\user\Desktop\lab_doc\harmc\codeql-db\working/tags.db
[E 06:19:59 21016] Set tag for 82D79C5E00005FE0_0000000000000001
[E 06:19:59 21016] Set tag for A7B20BD700006634_0000000000000001
[E 06:19:59 21016] Set tag for 777783A200003714_0000000000000001
[E 06:19:59 21016] Set tag for 48EF5C50000032A0_0000000000000001
[E 06:19:59 21016] Unlocking DB
[E 06:19:59 21016] Unlocked DB
[E 06:19:59 21016] Processed command line: F:\qltool\codeql\cpp\tools\win64\extractor.exe --trapfolder C:\Users\user\Desktop\lab_doc\harmc\codeql-db\trap\cpp --src_archive C:\Users\user\Desktop\lab_doc\harmc\codeql-db\src --object_filename mem_leak_all.obj --no_warnings_and_discretionary_errors --error_limit 1000 --disable_system_macros --variadic_macros --incognito --gcc --ms_compatibility --clang_version 220102 --microsoft_version 1950 --gnu_version 40801 --has_feature_vector 11111111111111110000000000000000000000000000000000000000000000000000011 --clang --target win64 -D_CRT_USE_BUILTIN_OFFSETOF=1 -D_INTEGRAL_MAX_BITS=64 -D_MSC_BUILD=1 -D_MSC_EXTENSIONS=1 -D_MSC_FULL_VER=195035728 -D_MSC_VER=1950 -D_MSVC_CONSTEXPR_ATTRIBUTE=1 -D_MSVC_EXECUTION_CHARACTER_SET=65001 -D_M_AMD64=100 -D_M_FP_CONTRACT=1 -D_M_FP_PRECISE=1 -D_M_X64=100 -D_WIN32=1 -D_WIN64=1 -D__ATOMIC_ACQUIRE=2 -D__ATOMIC_ACQ_REL=4 -D__ATOMIC_CONSUME=1 -D__ATOMIC_RELAXED=0 -D__ATOMIC_RELEASE=3 -D__ATOMIC_SEQ_CST=5 -D__BIGGEST_ALIGNMENT__=16 -D__BITINT_MAXWIDTH__=8388608 -D__BOOL_WIDTH__=1 -D__BYTE_ORDER__=__ORDER_LITTLE_ENDIAN__ -D__CHAR_BIT__=8 -D__CLANG_ATOMIC_BOOL_LOCK_FREE=2 -D__CLANG_ATOMIC_CHAR16_T_LOCK_FREE=2 -D__CLANG_ATOMIC_CHAR32_T_LOCK_FREE=2 -D__CLANG_ATOMIC_CHAR_LOCK_FREE=2 -D__CLANG_ATOMIC_INT_LOCK_FREE=2 -D__CLANG_ATOMIC_LLONG_LOCK_FREE=2 -D__CLANG_ATOMIC_LONG_LOCK_FREE=2 -D__CLANG_ATOMIC_POINTER_LOCK_FREE=2 -D__CLANG_ATOMIC_SHORT_LOCK_FREE=2 -D__CLANG_ATOMIC_WCHAR_T_LOCK_FREE=2 -D__CONSTANT_CFSTRINGS__=1 -D__DBL_DECIMAL_DIG__=17 -D__DBL_DENORM_MIN__=4.9406564584124654e-324 -D__DBL_DIG__=15 -D__DBL_EPSILON__=2.2204460492503131e-16 -D__DBL_HAS_DENORM__=1 -D__DBL_HAS_INFINITY__=1 -D__DBL_HAS_QUIET_NAN__=1 -D__DBL_MANT_DIG__=53 -D__DBL_MAX_10_EXP__=308 -D__DBL_MAX_EXP__=1024 -D__DBL_MAX__=1.7976931348623157e+308 -D__DBL_MIN_10_EXP__=(-307) -D__DBL_MIN_EXP__=(-1021) -D__DBL_MIN__=2.2250738585072014e-308 -D__DBL_NORM_MAX__=1.7976931348623157e+308 -D__DECIMAL_DIG__=__LDBL_DECIMAL_DIG__ -D__FINITE_MATH_ONLY__=0 -D__FLT16_DECIMAL_DIG__=5 -D__FLT16_DENORM_MIN__=5.9604644775390625e-8F16 -D__FLT16_DIG__=3 -D__FLT16_EPSILON__=9.765625e-4F16 -D__FLT16_HAS_DENORM__=1 -D__FLT16_HAS_INFINITY__=1 -D__FLT16_HAS_QUIET_NAN__=1 -D__FLT16_MANT_DIG__=11 -D__FLT16_MAX_10_EXP__=4 -D__FLT16_MAX_EXP__=16 -D__FLT16_MAX__=6.5504e+4F16 -D__FLT16_MIN_10_EXP__=(-4) -D__FLT16_MIN_EXP__=(-13) -D__FLT16_MIN__=6.103515625e-5F16 -D__FLT16_NORM_MAX__=6.5504e+4F16 -D__FLT_DECIMAL_DIG__=9 -D__FLT_DENORM_MIN__=1.40129846e-45F -D__FLT_DIG__=6 -D__FLT_EPSILON__=1.19209290e-7F -D__FLT_HAS_DENORM__=1 -D__FLT_HAS_INFINITY__=1 -D__FLT_HAS_QUIET_NAN__=1 -D__FLT_MANT_DIG__=24 -D__FLT_MAX_10_EXP__=38 -D__FLT_MAX_EXP__=128 -D__FLT_MAX__=3.40282347e+38F -D__FLT_MIN_10_EXP__=(-37) -D__FLT_MIN_EXP__=(-125) -D__FLT_MIN__=1.17549435e-38F -D__FLT_NORM_MAX__=3.40282347e+38F -D__FLT_RADIX__=2 -D__FPCLASS_NEGINF=0x0004 -D__FPCLASS_NEGNORMAL=0x0008 -D__FPCLASS_NEGSUBNORMAL=0x0010 -D__FPCLASS_NEGZERO=0x0020 -D__FPCLASS_POSINF=0x0200 -D__FPCLASS_POSNORMAL=0x0100 -D__FPCLASS_POSSUBNORMAL=0x0080 -D__FPCLASS_POSZERO=0x0040 -D__FPCLASS_QNAN=0x0002 -D__FPCLASS_SNAN=0x0001 -D__FXSR__=1 -D__GCC_ASM_FLAG_OUTPUTS__=1 -D__GCC_CONSTRUCTIVE_SIZE=64 -D__GCC_DESTRUCTIVE_SIZE=64 -D__GCC_HAVE_SYNC_COMPARE_AND_SWAP_1=1 -D__GCC_HAVE_SYNC_COMPARE_AND_SWAP_2=1 -D__GCC_HAVE_SYNC_COMPARE_AND_SWAP_4=1 -D__GCC_HAVE_SYNC_COMPARE_AND_SWAP_8=1 -D__INT16_C(c)=c -D__INT16_C_SUFFIX__= "-D__INT16_FMTd__=\"hd\"" "-D__INT16_FMTi__=\"hi\"" -D__INT16_MAX__=32767 -D__INT16_TYPE__=short -D__INT32_C(c)=c -D__INT32_C_SUFFIX__= "-D__INT32_FMTd__=\"d\"" "-D__INT32_FMTi__=\"i\"" -D__INT32_MAX__=2147483647 -D__INT32_TYPE__=int -D__INT64_C(c)=c##LL -D__INT64_C_SUFFIX__=LL "-D__INT64_FMTd__=\"lld\"" "-D__INT64_FMTi__=\"lli\"" -D__INT64_MAX__=9223372036854775807LL "-D__INT64_TYPE__=long long int" -D__INT8_C(c)=c -D__INT8_C_SUFFIX__= "-D__INT8_FMTd__=\"hhd\"" "-D__INT8_FMTi__=\"hhi\"" -D__INT8_MAX__=127 "-D__INT8_TYPE__=signed char" -D__INTMAX_C(c)=c##LL -D__INTMAX_C_SUFFIX__=LL "-D__INTMAX_FMTd__=\"lld\"" "-D__INTMAX_FMTi__=\"lli\"" -D__INTMAX_MAX__=9223372036854775807LL "-D__INTMAX_TYPE__=long long int" -D__INTMAX_WIDTH__=64 "-D__INTPTR_FMTd__=\"lld\"" "-D__INTPTR_FMTi__=\"lli\"" -D__INTPTR_MAX__=9223372036854775807LL "-D__INTPTR_TYPE__=long long int" -D__INTPTR_WIDTH__=64 "-D__INT_FAST16_FMTd__=\"hd\"" "-D__INT_FAST16_FMTi__=\"hi\"" -D__INT_FAST16_MAX__=32767 -D__INT_FAST16_TYPE__=short -D__INT_FAST16_WIDTH__=16 "-D__INT_FAST32_FMTd__=\"d\"" "-D__INT_FAST32_FMTi__=\"i\"" -D__INT_FAST32_MAX__=2147483647 -D__INT_FAST32_TYPE__=int -D__INT_FAST32_WIDTH__=32 "-D__INT_FAST64_FMTd__=\"lld\"" "-D__INT_FAST64_FMTi__=\"lli\"" -D__INT_FAST64_MAX__=9223372036854775807LL "-D__INT_FAST64_TYPE__=long long int" -D__INT_FAST64_WIDTH__=64 "-D__INT_FAST8_FMTd__=\"hhd\"" "-D__INT_FAST8_FMTi__=\"hhi\"" -D__INT_FAST8_MAX__=127 "-D__INT_FAST8_TYPE__=signed char" -D__INT_FAST8_WIDTH__=8 "-D__INT_LEAST16_FMTd__=\"hd\"" "-D__INT_LEAST16_FMTi__=\"hi\"" -D__INT_LEAST16_MAX__=32767 -D__INT_LEAST16_TYPE__=short -D__INT_LEAST16_WIDTH__=16 "-D__INT_LEAST32_FMTd__=\"d\"" "-D__INT_LEAST32_FMTi__=\"i\"" -D__INT_LEAST32_MAX__=2147483647 -D__INT_LEAST32_TYPE__=int -D__INT_LEAST32_WIDTH__=32 "-D__INT_LEAST64_FMTd__=\"lld\"" "-D__INT_LEAST64_FMTi__=\"lli\"" -D__INT_LEAST64_MAX__=9223372036854775807LL "-D__INT_LEAST64_TYPE__=long long int" -D__INT_LEAST64_WIDTH__=64 "-D__INT_LEAST8_FMTd__=\"hhd\"" "-D__INT_LEAST8_FMTi__=\"hhi\"" -D__INT_LEAST8_MAX__=127 "-D__INT_LEAST8_TYPE__=signed char" -D__INT_LEAST8_WIDTH__=8 -D__INT_MAX__=2147483647 -D__INT_WIDTH__=32 -D__LDBL_DECIMAL_DIG__=17 -D__LDBL_DENORM_MIN__=4.9406564584124654e-324L -D__LDBL_DIG__=15 -D__LDBL_EPSILON__=2.2204460492503131e-16L -D__LDBL_HAS_DENORM__=1 -D__LDBL_HAS_INFINITY__=1 -D__LDBL_HAS_QUIET_NAN__=1 -D__LDBL_MANT_DIG__=53 -D__LDBL_MAX_10_EXP__=308 -D__LDBL_MAX_EXP__=1024 -D__LDBL_MAX__=1.7976931348623157e+308L -D__LDBL_MIN_10_EXP__=(-307) -D__LDBL_MIN_EXP__=(-1021) -D__LDBL_MIN__=2.2250738585072014e-308L -D__LDBL_NORM_MAX__=1.7976931348623157e+308L -D__LITTLE_ENDIAN__=1 -D__LLONG_WIDTH__=64 -D__LONG_LONG_MAX__=9223372036854775807LL -D__LONG_MAX__=2147483647L -D__LONG_WIDTH__=32 -D__MEMORY_SCOPE_CLUSTR=5 -D__MEMORY_SCOPE_DEVICE=1 -D__MEMORY_SCOPE_SINGLE=4 -D__MEMORY_SCOPE_SYSTEM=0 -D__MEMORY_SCOPE_WRKGRP=2 -D__MEMORY_SCOPE_WVFRNT=3 -D__MMX__=1 -D__NO_INLINE__=1 -D__NO_MATH_INLINES=1 -D__OBJC_BOOL_IS_BOOL=0 -D__OPENCL_MEMORY_SCOPE_ALL_SVM_DEVICES=3 -D__OPENCL_MEMORY_SCOPE_DEVICE=2 -D__OPENCL_MEMORY_SCOPE_SUB_GROUP=4 -D__OPENCL_MEMORY_SCOPE_WORK_GROUP=1 -D__OPENCL_MEMORY_SCOPE_WORK_ITEM=0 -D__ORDER_BIG_ENDIAN__=4321 -D__ORDER_LITTLE_ENDIAN__=1234 -D__ORDER_PDP_ENDIAN__=3412 -D__PIC__=2 -D__POINTER_WIDTH__=64 -D__PRAGMA_REDEFINE_EXTNAME=1 "-D__PTRDIFF_FMTd__=\"lld\"" "-D__PTRDIFF_FMTi__=\"lli\"" -D__PTRDIFF_MAX__=9223372036854775807LL "-D__PTRDIFF_TYPE__=long long int" -D__PTRDIFF_WIDTH__=64 -D__REGISTER_PREFIX__= -D__SCHAR_MAX__=127 -D__SEG_FS=1 -D__SEG_GS=1 -D__SHRT_MAX__=32767 -D__SHRT_WIDTH__=16 -D__SIG_ATOMIC_MAX__=2147483647 -D__SIG_ATOMIC_WIDTH__=32 -D__SIZEOF_DOUBLE__=8 -D__SIZEOF_FLOAT__=4 -D__SIZEOF_INT128__=16 -D__SIZEOF_INT__=4 -D__SIZEOF_LONG_DOUBLE__=8 -D__SIZEOF_LONG_LONG__=8 -D__SIZEOF_LONG__=4 -D__SIZEOF_POINTER__=8 -D__SIZEOF_PTRDIFF_T__=8 -D__SIZEOF_SHORT__=2 -D__SIZEOF_SIZE_T__=8 -D__SIZEOF_WCHAR_T__=2 -D__SIZEOF_WINT_T__=2 "-D__SIZE_FMTX__=\"llX\"" "-D__SIZE_FMTo__=\"llo\"" "-D__SIZE_FMTu__=\"llu\"" "-D__SIZE_FMTx__=\"llx\"" -D__SIZE_MAX__=18446744073709551615ULL "-D__SIZE_TYPE__=long long unsigned int" -D__SIZE_WIDTH__=64 -D__SSE2_MATH__=1 -D__SSE2__=1 -D__SSE_MATH__=1 -D__SSE__=1 -D__STDC_EMBED_EMPTY__=2 -D__STDC_EMBED_FOUND__=1 -D__STDC_EMBED_NOT_FOUND__=0 -D__STDC_UTF_16__=1 -D__STDC_UTF_32__=1 -D__UINT16_C(c)=c -D__UINT16_C_SUFFIX__= "-D__UINT16_FMTX__=\"hX\"" "-D__UINT16_FMTo__=\"ho\"" "-D__UINT16_FMTu__=\"hu\"" "-D__UINT16_FMTx__=\"hx\"" -D__UINT16_MAX__=65535 "-D__UINT16_TYPE__=unsigned short" -D__UINT32_C(c)=c##U -D__UINT32_C_SUFFIX__=U "-D__UINT32_FMTX__=\"X\"" "-D__UINT32_FMTo__=\"o\"" "-D__UINT32_FMTu__=\"u\"" "-D__UINT32_FMTx__=\"x\"" -D__UINT32_MAX__=4294967295U "-D__UINT32_TYPE__=unsigned int" -D__UINT64_C(c)=c##ULL -D__UINT64_C_SUFFIX__=ULL "-D__UINT64_FMTX__=\"llX\"" "-D__UINT64_FMTo__=\"llo\"" "-D__UINT64_FMTu__=\"llu\"" "-D__UINT64_FMTx__=\"llx\"" -D__UINT64_MAX__=18446744073709551615ULL "-D__UINT64_TYPE__=long long unsigned int" -D__UINT8_C(c)=c -D__UINT8_C_SUFFIX__= "-D__UINT8_FMTX__=\"hhX\"" "-D__UINT8_FMTo__=\"hho\"" "-D__UINT8_FMTu__=\"hhu\"" "-D__UINT8_FMTx__=\"hhx\"" -D__UINT8_MAX__=255 "-D__UINT8_TYPE__=unsigned char" -D__UINTMAX_C(c)=c##ULL -D__UINTMAX_C_SUFFIX__=ULL "-D__UINTMAX_FMTX__=\"llX\"" "-D__UINTMAX_FMTo__=\"llo\"" "-D__UINTMAX_FMTu__=\"llu\"" "-D__UINTMAX_FMTx__=\"llx\"" -D__UINTMAX_MAX__=18446744073709551615ULL "-D__UINTMAX_TYPE__=long long unsigned int" -D__UINTMAX_WIDTH__=64 "-D__UINTPTR_FMTX__=\"llX\"" "-D__UINTPTR_FMTo__=\"llo\"" "-D__UINTPTR_FMTu__=\"llu\"" "-D__UINTPTR_FMTx__=\"llx\"" -D__UINTPTR_MAX__=18446744073709551615ULL "-D__UINTPTR_TYPE__=long long unsigned int" -D__UINTPTR_WIDTH__=64 "-D__UINT_FAST16_FMTX__=\"hX\"" "-D__UINT_FAST16_FMTo__=\"ho\"" "-D__UINT_FAST16_FMTu__=\"hu\"" "-D__UINT_FAST16_FMTx__=\"hx\"" -D__UINT_FAST16_MAX__=65535 "-D__UINT_FAST16_TYPE__=unsigned short" "-D__UINT_FAST32_FMTX__=\"X\"" "-D__UINT_FAST32_FMTo__=\"o\"" "-D__UINT_FAST32_FMTu__=\"u\"" "-D__UINT_FAST32_FMTx__=\"x\"" -D__UINT_FAST32_MAX__=4294967295U "-D__UINT_FAST32_TYPE__=unsigned int" "-D__UINT_FAST64_FMTX__=\"llX\"" "-D__UINT_FAST64_FMTo__=\"llo\"" "-D__UINT_FAST64_FMTu__=\"llu\"" "-D__UINT_FAST64_FMTx__=\"llx\"" -D__UINT_FAST64_MAX__=18446744073709551615ULL "-D__UINT_FAST64_TYPE__=long long unsigned int" "-D__UINT_FAST8_FMTX__=\"hhX\"" "-D__UINT_FAST8_FMTo__=\"hho\"" "-D__UINT_FAST8_FMTu__=\"hhu\"" "-D__UINT_FAST8_FMTx__=\"hhx\"" -D__UINT_FAST8_MAX__=255 "-D__UINT_FAST8_TYPE__=unsigned char" "-D__UINT_LEAST16_FMTX__=\"hX\"" "-D__UINT_LEAST16_FMTo__=\"ho\"" "-D__UINT_LEAST16_FMTu__=\"hu\"" "-D__UINT_LEAST16_FMTx__=\"hx\"" -D__UINT_LEAST16_MAX__=65535 "-D__UINT_LEAST16_TYPE__=unsigned short" "-D__UINT_LEAST32_FMTX__=\"X\"" "-D__UINT_LEAST32_FMTo__=\"o\"" "-D__UINT_LEAST32_FMTu__=\"u\"" "-D__UINT_LEAST32_FMTx__=\"x\"" -D__UINT_LEAST32_MAX__=4294967295U "-D__UINT_LEAST32_TYPE__=unsigned int" "-D__UINT_LEAST64_FMTX__=\"llX\"" "-D__UINT_LEAST64_FMTo__=\"llo\"" "-D__UINT_LEAST64_FMTu__=\"llu\"" "-D__UINT_LEAST64_FMTx__=\"llx\"" -D__UINT_LEAST64_MAX__=18446744073709551615ULL "-D__UINT_LEAST64_TYPE__=long long unsigned int" "-D__UINT_LEAST8_FMTX__=\"hhX\"" "-D__UINT_LEAST8_FMTo__=\"hho\"" "-D__UINT_LEAST8_FMTu__=\"hhu\"" "-D__UINT_LEAST8_FMTx__=\"hhx\"" -D__UINT_LEAST8_MAX__=255 "-D__UINT_LEAST8_TYPE__=unsigned char" -D__USER_LABEL_PREFIX__= "-D__VERSION__=\"Clang 22.1.2 (https://github.com/llvm/llvm-project 1ab49a973e210e97d61e5db6557180dcb92c3e98)\"" -D__WCHAR_MAX__=65535 "-D__WCHAR_TYPE__=unsigned short" -D__WCHAR_UNSIGNED__=1 -D__WCHAR_WIDTH__=16 -D__WINT_MAX__=65535 "-D__WINT_TYPE__=unsigned short" -D__WINT_UNSIGNED__=1 -D__WINT_WIDTH__=16 -D__amd64=1 -D__amd64__=1 -D__clang__=1 "-D__clang_literal_encoding__=\"UTF-8\"" -D__clang_major__=22 -D__clang_minor__=1 -D__clang_patchlevel__=2 "-D__clang_version__=\"22.1.2 (https://github.com/llvm/llvm-project 1ab49a973e210e97d61e5db6557180dcb92c3e98)\"" "-D__clang_wide_literal_encoding__=\"UTF-16\"" -D__code_model_small__=1 -D__k8=1 -D__k8__=1 -D__llvm__=1 -D__pic__=2 -D__seg_fs=__attribute__((address_space(257))) -D__seg_gs=__attribute__((address_space(256))) -D__tune_k8__=1 -D__x86_64=1 -D__x86_64__=1 "-D__private_extern__=extern __attribute__((visibility(\"hidden\")))" "-IC:\Program Files\LLVM\lib\clang\22\include" "-IC:\Program Files (x86)\Microsoft Visual Studio\18\BuildTools\VC\Tools\MSVC\14.50.35717\include" "-IC:\Program Files (x86)\Windows Kits\10\Include\10.0.26100.0\ucrt" "-IC:\Program Files (x86)\Windows Kits\10\Include\10.0.26100.0\shared" "-IC:\Program Files (x86)\Windows Kits\10\Include\10.0.26100.0\um" "-IC:\Program Files (x86)\Windows Kits\10\Include\10.0.26100.0\winrt" "-IC:\Program Files (x86)\Windows Kits\10\Include\10.0.26100.0\cppwinrt" -- C:\Users\user\Desktop\lab_doc\harmc\mem_leak_all.c
[E 06:19:59 21016] CODEQL_EXTRACTOR_CPP_TRAP_CACHING is not set
[E 06:19:59 21016] CODEQL_EXTRACTOR_CPP_OPTION_TRAP_CACHE_WRITE is not set
[E 06:19:59 21016] CODEQL_EXTRACTOR_CPP_OPTION_TRAP_CACHE_DIR is not set
[E 06:19:59 21016] Initialising TRAP cache at path: \\?\C:\Users\user\Desktop\lab_doc\harmc\3d\253c\3c65f8c4fb0a64be8fe55e81cc33
[E 06:19:59 21016] Not using TRAP cache
[E 06:19:59 21016] TRAP cache miss
[E 06:19:59 21016] Starting compilation TRAP C:\Users\user\Desktop\lab_doc\harmc\codeql-db\trap\cpp/compilations/39/66455215_0.trap.zst
[E 06:19:59 21016] Archiving C:\Users\user\Desktop\lab_doc\harmc\codeql-db\src/C_/Users/user/Desktop/lab_doc/harmc/mem_leak_all.c
[E 06:19:59 21016] Already archived C:\Users\user\Desktop\lab_doc\harmc\codeql-db\src/C_/Program Files (x86)/Windows Kits/10/Include/10.0.26100.0/ucrt/stdio.h
[E 06:19:59 21016] Already archived C:\Users\user\Desktop\lab_doc\harmc\codeql-db\src/C_/Program Files (x86)/Windows Kits/10/Include/10.0.26100.0/ucrt/corecrt.h
[E 06:19:59 21016] Already archived C:\Users\user\Desktop\lab_doc\harmc\codeql-db\src/C_/Program Files (x86)/Microsoft Visual Studio/18/BuildTools/VC/Tools/MSVC/14.50.35717/include/vcruntime.h
[E 06:19:59 21016] Already archived C:\Users\user\Desktop\lab_doc\harmc\codeql-db\src/C_/Program Files (x86)/Microsoft Visual Studio/18/BuildTools/VC/Tools/MSVC/14.50.35717/include/sal.h
[E 06:19:59 21016] Already archived C:\Users\user\Desktop\lab_doc\harmc\codeql-db\src/C_/Program Files (x86)/Microsoft Visual Studio/18/BuildTools/VC/Tools/MSVC/14.50.35717/include/concurrencysal.h
[E 06:19:59 21016] Already archived C:\Users\user\Desktop\lab_doc\harmc\codeql-db\src/C_/Program Files/LLVM/lib/clang/22/include/vadefs.h
[E 06:19:59 21016] Already archived C:\Users\user\Desktop\lab_doc\harmc\codeql-db\src/C_/Program Files (x86)/Microsoft Visual Studio/18/BuildTools/VC/Tools/MSVC/14.50.35717/include/vadefs.h
[E 06:19:59 21016] Already archived C:\Users\user\Desktop\lab_doc\harmc\codeql-db\src/C_/Program Files (x86)/Windows Kits/10/Include/10.0.26100.0/ucrt/corecrt_wstdio.h
[E 06:19:59 21016] Already archived C:\Users\user\Desktop\lab_doc\harmc\codeql-db\src/C_/Program Files (x86)/Windows Kits/10/Include/10.0.26100.0/ucrt/corecrt_stdio_config.h
[E 06:19:59 21016] Already archived C:\Users\user\Desktop\lab_doc\harmc\codeql-db\src/C_/Program Files (x86)/Windows Kits/10/Include/10.0.26100.0/ucrt/stdlib.h
[E 06:19:59 21016] Already archived C:\Users\user\Desktop\lab_doc\harmc\codeql-db\src/C_/Program Files (x86)/Windows Kits/10/Include/10.0.26100.0/ucrt/corecrt_malloc.h
[E 06:19:59 21016] Already archived C:\Users\user\Desktop\lab_doc\harmc\codeql-db\src/C_/Program Files (x86)/Windows Kits/10/Include/10.0.26100.0/ucrt/corecrt_search.h
[E 06:19:59 21016] Already archived C:\Users\user\Desktop\lab_doc\harmc\codeql-db\src/C_/Program Files/LLVM/lib/clang/22/include/stddef.h
[E 06:19:59 21016] Already archived C:\Users\user\Desktop\lab_doc\harmc\codeql-db\src/C_/Program Files/LLVM/lib/clang/22/include/__stddef_header_macro.h
[E 06:19:59 21016] Already archived C:\Users\user\Desktop\lab_doc\harmc\codeql-db\src/C_/Program Files/LLVM/lib/clang/22/include/__stddef_ptrdiff_t.h
[E 06:19:59 21016] Already archived C:\Users\user\Desktop\lab_doc\harmc\codeql-db\src/C_/Program Files/LLVM/lib/clang/22/include/__stddef_size_t.h
[E 06:19:59 21016] Already archived C:\Users\user\Desktop\lab_doc\harmc\codeql-db\src/C_/Program Files/LLVM/lib/clang/22/include/__stddef_wchar_t.h
[E 06:19:59 21016] Already archived C:\Users\user\Desktop\lab_doc\harmc\codeql-db\src/C_/Program Files/LLVM/lib/clang/22/include/__stddef_null.h
[E 06:19:59 21016] Already archived C:\Users\user\Desktop\lab_doc\harmc\codeql-db\src/C_/Program Files/LLVM/lib/clang/22/include/__stddef_max_align_t.h
[E 06:19:59 21016] Already archived C:\Users\user\Desktop\lab_doc\harmc\codeql-db\src/C_/Program Files/LLVM/lib/clang/22/include/__stddef_offsetof.h
[E 06:19:59 21016] Already archived C:\Users\user\Desktop\lab_doc\harmc\codeql-db\src/C_/Program Files (x86)/Windows Kits/10/Include/10.0.26100.0/ucrt/corecrt_wstdlib.h
[E 06:19:59 21016] Already archived C:\Users\user\Desktop\lab_doc\harmc\codeql-db\src/C_/Program Files/LLVM/lib/clang/22/include/limits.h
[E 06:19:59 21016] Already archived C:\Users\user\Desktop\lab_doc\harmc\codeql-db\src/C_/Program Files (x86)/Microsoft Visual Studio/18/BuildTools/VC/Tools/MSVC/14.50.35717/include/limits.h
[E 06:19:59 21016] Already archived C:\Users\user\Desktop\lab_doc\harmc\codeql-db\src/C_/Program Files (x86)/Windows Kits/10/Include/10.0.26100.0/ucrt/string.h
[E 06:19:59 21016] Already archived C:\Users\user\Desktop\lab_doc\harmc\codeql-db\src/C_/Program Files (x86)/Windows Kits/10/Include/10.0.26100.0/ucrt/corecrt_memory.h
[E 06:19:59 21016] Already archived C:\Users\user\Desktop\lab_doc\harmc\codeql-db\src/C_/Program Files (x86)/Windows Kits/10/Include/10.0.26100.0/ucrt/corecrt_memcpy_s.h
[E 06:19:59 21016] Already archived C:\Users\user\Desktop\lab_doc\harmc\codeql-db\src/C_/Program Files (x86)/Windows Kits/10/Include/10.0.26100.0/ucrt/errno.h
[E 06:19:59 21016] Already archived C:\Users\user\Desktop\lab_doc\harmc\codeql-db\src/C_/Program Files (x86)/Microsoft Visual Studio/18/BuildTools/VC/Tools/MSVC/14.50.35717/include/vcruntime_string.h
[E 06:19:59 21016] Already archived C:\Users\user\Desktop\lab_doc\harmc\codeql-db\src/C_/Program Files (x86)/Windows Kits/10/Include/10.0.26100.0/ucrt/corecrt_wstring.h
[E 06:19:59 21016] Warning[extractor-c++]: In emit_platform_diagnostic: Failed to rename diagnostic file from 'C:\Users\user\Desktop\lab_doc\harmc\codeql-db\diagnostic\extractors\cpp\platform.11263779078285517235.jsonl.21016' to 'C:\Users\user\Desktop\lab_doc\harmc\codeql-db\diagnostic\extractors\cpp\platform.11263779078285517235.jsonl': 另一个程序正在使用此文件，进程无法访问。
[E 06:19:59 21016] Creating trap tarball C:\Users\user\Desktop\lab_doc\harmc\codeql-db\trap\cpp/tarballs/C_/Users/user/Desktop/lab_doc/harmc/mem_leak_all.c.68d072fd_0.trap.tar.zst
[E 06:19:59 21016] Emitting trap files for C:\Users\user\Desktop\lab_doc\harmc\mem_leak_all.c
[E 06:19:59 21016] Opening existencedb in \\?\C:\Users\user\Desktop\lab_doc\harmc\codeql-db\working\existencedb\db
[E 06:19:59 21016] Wrote 1 files to C:\Users\user\Desktop\lab_doc\harmc\codeql-db\trap\cpp/tarballs/C_/Users/user/Desktop/lab_doc/harmc/mem_leak_all.c.68d072fd_0.trap.tar.zst
[E 06:19:59 21016] Finished compilation TRAP C:\Users\user\Desktop\lab_doc\harmc\codeql-db\trap\cpp/compilations/39/66455215_0.trap.zst
[E 06:19:59 21016] Marking C compilation as happened.
[E 06:19:59 21016] Setting tag c-compilation-happened
[E 06:19:59 21016] Starting from CODEQL_TRACER_DB_ID 82D79C5E00005FE0_0000000000000001
[E 06:19:59 21016] Locking DB C:\Users\user\Desktop\lab_doc\harmc\codeql-db\working/tags.db
[E 06:19:59 21016] Locked DB C:\Users\user\Desktop\lab_doc\harmc\codeql-db\working/tags.db
[E 06:19:59 21016] Set tag for 82D79C5E00005FE0_0000000000000001
[E 06:19:59 21016] Set tag for A7B20BD700006634_0000000000000001
[E 06:19:59 21016] Set tag for 777783A200003714_0000000000000001
[E 06:19:59 21016] Set tag for 48EF5C50000032A0_0000000000000001
[E 06:19:59 21016] Unlocking DB
[E 06:19:59 21016] Unlocked DB
[E 06:19:59 21016] Extractor exited successfully
[T 06:19:59 24544] Allocated ID 3CE087D800005FE0_0000000000000001 (parent A7B20BD700006634_0000000000000001)
[T 06:19:59 24544] ==== Candidate to intercept: C:\Program Files\LLVM\bin\clang.exe (46768) ====
[T 06:19:59 24544] Lua: === Intercepted call to c:\program files\llvm\bin\clang.exe ===
[T 06:19:59 24544] Executing the following tracer actions:
[T 06:19:59 24544] Tracer actions:
[T 06:19:59 24544] pre_invocations(0)
[T 06:19:59 24544] post_invocations(1)
[T 06:19:59 24544] invocation: F:\qltool\codeql\cpp\tools\win64\extractor.exe, args: --mimic "c:\program files\llvm\bin\clang.exe" -c C:\Users\user\Desktop\lab_doc\harmc\mem_leak_randomone_.c -o mem_leak_randomone_.obj
[T 06:19:59 24544] trace_languages(1): [cpp]
[E 06:20:00 16700] CodeQL C/C++ Extractor 2.25.3
[E 06:20:00 16700] Current directory: C:\Users\user\Desktop\lab_doc\harmc
[E 06:20:00 16700] Command: F:\qltool\codeql\cpp\tools\win64\extractor.exe --mimic "c:\program files\llvm\bin\clang.exe" -c C:\Users\user\Desktop\lab_doc\harmc\mem_leak_randomone_.c -o mem_leak_randomone_.obj
[E 06:20:00 16700] Checking whether C compilation already happened.
[E 06:20:00 16700] Checking for tag c-compilation-happened
[E 06:20:00 16700] Checking CODEQL_TRACER_DB_ID 3CE087D800005FE0_0000000000000001
[E 06:20:00 16700] Locking DB C:\Users\user\Desktop\lab_doc\harmc\codeql-db\working/tags.db
[E 06:20:00 16700] Locked DB C:\Users\user\Desktop\lab_doc\harmc\codeql-db\working/tags.db
[E 06:20:00 16700] Unlocking DB
[E 06:20:00 16700] Unlocked DB
[E 06:20:00 16700] Looks like C compilation didn't already happen.
[E 06:20:00 16700] Checking whether C compilation has been attempted.
[E 06:20:00 16700] Checking for tag c-compilation-attempted
[E 06:20:00 16700] Checking CODEQL_TRACER_DB_ID 3CE087D800005FE0_0000000000000001
[E 06:20:00 16700] Locking DB C:\Users\user\Desktop\lab_doc\harmc\codeql-db\working/tags.db
[E 06:20:00 16700] Locked DB C:\Users\user\Desktop\lab_doc\harmc\codeql-db\working/tags.db
[E 06:20:00 16700] Unlocking DB
[E 06:20:00 16700] Unlocked DB
[E 06:20:00 16700] Marking C compilation as attempted.
[E 06:20:00 16700] Setting tag c-compilation-attempted
[E 06:20:00 16700] Starting from CODEQL_TRACER_DB_ID 3CE087D800005FE0_0000000000000001
[E 06:20:00 16700] Locking DB C:\Users\user\Desktop\lab_doc\harmc\codeql-db\working/tags.db
[E 06:20:00 16700] Locked DB C:\Users\user\Desktop\lab_doc\harmc\codeql-db\working/tags.db
[E 06:20:00 16700] Set tag for 3CE087D800005FE0_0000000000000001
[E 06:20:00 16700] Set tag for A7B20BD700006634_0000000000000001
[E 06:20:00 16700] Set tag for 777783A200003714_0000000000000001
[E 06:20:00 16700] Set tag for 48EF5C50000032A0_0000000000000001
[E 06:20:00 16700] Unlocking DB
[E 06:20:00 16700] Unlocked DB
[E 06:20:00 16700] Processed command line: F:\qltool\codeql\cpp\tools\win64\extractor.exe --trapfolder C:\Users\user\Desktop\lab_doc\harmc\codeql-db\trap\cpp --src_archive C:\Users\user\Desktop\lab_doc\harmc\codeql-db\src --object_filename mem_leak_randomone_.obj --no_warnings_and_discretionary_errors --error_limit 1000 --disable_system_macros --variadic_macros --incognito --gcc --ms_compatibility --clang_version 220102 --microsoft_version 1950 --gnu_version 40801 --has_feature_vector 11111111111111110000000000000000000000000000000000000000000000000000011 --clang --target win64 -D_CRT_USE_BUILTIN_OFFSETOF=1 -D_INTEGRAL_MAX_BITS=64 -D_MSC_BUILD=1 -D_MSC_EXTENSIONS=1 -D_MSC_FULL_VER=195035728 -D_MSC_VER=1950 -D_MSVC_CONSTEXPR_ATTRIBUTE=1 -D_MSVC_EXECUTION_CHARACTER_SET=65001 -D_M_AMD64=100 -D_M_FP_CONTRACT=1 -D_M_FP_PRECISE=1 -D_M_X64=100 -D_WIN32=1 -D_WIN64=1 -D__ATOMIC_ACQUIRE=2 -D__ATOMIC_ACQ_REL=4 -D__ATOMIC_CONSUME=1 -D__ATOMIC_RELAXED=0 -D__ATOMIC_RELEASE=3 -D__ATOMIC_SEQ_CST=5 -D__BIGGEST_ALIGNMENT__=16 -D__BITINT_MAXWIDTH__=8388608 -D__BOOL_WIDTH__=1 -D__BYTE_ORDER__=__ORDER_LITTLE_ENDIAN__ -D__CHAR_BIT__=8 -D__CLANG_ATOMIC_BOOL_LOCK_FREE=2 -D__CLANG_ATOMIC_CHAR16_T_LOCK_FREE=2 -D__CLANG_ATOMIC_CHAR32_T_LOCK_FREE=2 -D__CLANG_ATOMIC_CHAR_LOCK_FREE=2 -D__CLANG_ATOMIC_INT_LOCK_FREE=2 -D__CLANG_ATOMIC_LLONG_LOCK_FREE=2 -D__CLANG_ATOMIC_LONG_LOCK_FREE=2 -D__CLANG_ATOMIC_POINTER_LOCK_FREE=2 -D__CLANG_ATOMIC_SHORT_LOCK_FREE=2 -D__CLANG_ATOMIC_WCHAR_T_LOCK_FREE=2 -D__CONSTANT_CFSTRINGS__=1 -D__DBL_DECIMAL_DIG__=17 -D__DBL_DENORM_MIN__=4.9406564584124654e-324 -D__DBL_DIG__=15 -D__DBL_EPSILON__=2.2204460492503131e-16 -D__DBL_HAS_DENORM__=1 -D__DBL_HAS_INFINITY__=1 -D__DBL_HAS_QUIET_NAN__=1 -D__DBL_MANT_DIG__=53 -D__DBL_MAX_10_EXP__=308 -D__DBL_MAX_EXP__=1024 -D__DBL_MAX__=1.7976931348623157e+308 -D__DBL_MIN_10_EXP__=(-307) -D__DBL_MIN_EXP__=(-1021) -D__DBL_MIN__=2.2250738585072014e-308 -D__DBL_NORM_MAX__=1.7976931348623157e+308 -D__DECIMAL_DIG__=__LDBL_DECIMAL_DIG__ -D__FINITE_MATH_ONLY__=0 -D__FLT16_DECIMAL_DIG__=5 -D__FLT16_DENORM_MIN__=5.9604644775390625e-8F16 -D__FLT16_DIG__=3 -D__FLT16_EPSILON__=9.765625e-4F16 -D__FLT16_HAS_DENORM__=1 -D__FLT16_HAS_INFINITY__=1 -D__FLT16_HAS_QUIET_NAN__=1 -D__FLT16_MANT_DIG__=11 -D__FLT16_MAX_10_EXP__=4 -D__FLT16_MAX_EXP__=16 -D__FLT16_MAX__=6.5504e+4F16 -D__FLT16_MIN_10_EXP__=(-4) -D__FLT16_MIN_EXP__=(-13) -D__FLT16_MIN__=6.103515625e-5F16 -D__FLT16_NORM_MAX__=6.5504e+4F16 -D__FLT_DECIMAL_DIG__=9 -D__FLT_DENORM_MIN__=1.40129846e-45F -D__FLT_DIG__=6 -D__FLT_EPSILON__=1.19209290e-7F -D__FLT_HAS_DENORM__=1 -D__FLT_HAS_INFINITY__=1 -D__FLT_HAS_QUIET_NAN__=1 -D__FLT_MANT_DIG__=24 -D__FLT_MAX_10_EXP__=38 -D__FLT_MAX_EXP__=128 -D__FLT_MAX__=3.40282347e+38F -D__FLT_MIN_10_EXP__=(-37) -D__FLT_MIN_EXP__=(-125) -D__FLT_MIN__=1.17549435e-38F -D__FLT_NORM_MAX__=3.40282347e+38F -D__FLT_RADIX__=2 -D__FPCLASS_NEGINF=0x0004 -D__FPCLASS_NEGNORMAL=0x0008 -D__FPCLASS_NEGSUBNORMAL=0x0010 -D__FPCLASS_NEGZERO=0x0020 -D__FPCLASS_POSINF=0x0200 -D__FPCLASS_POSNORMAL=0x0100 -D__FPCLASS_POSSUBNORMAL=0x0080 -D__FPCLASS_POSZERO=0x0040 -D__FPCLASS_QNAN=0x0002 -D__FPCLASS_SNAN=0x0001 -D__FXSR__=1 -D__GCC_ASM_FLAG_OUTPUTS__=1 -D__GCC_CONSTRUCTIVE_SIZE=64 -D__GCC_DESTRUCTIVE_SIZE=64 -D__GCC_HAVE_SYNC_COMPARE_AND_SWAP_1=1 -D__GCC_HAVE_SYNC_COMPARE_AND_SWAP_2=1 -D__GCC_HAVE_SYNC_COMPARE_AND_SWAP_4=1 -D__GCC_HAVE_SYNC_COMPARE_AND_SWAP_8=1 -D__INT16_C(c)=c -D__INT16_C_SUFFIX__= "-D__INT16_FMTd__=\"hd\"" "-D__INT16_FMTi__=\"hi\"" -D__INT16_MAX__=32767 -D__INT16_TYPE__=short -D__INT32_C(c)=c -D__INT32_C_SUFFIX__= "-D__INT32_FMTd__=\"d\"" "-D__INT32_FMTi__=\"i\"" -D__INT32_MAX__=2147483647 -D__INT32_TYPE__=int -D__INT64_C(c)=c##LL -D__INT64_C_SUFFIX__=LL "-D__INT64_FMTd__=\"lld\"" "-D__INT64_FMTi__=\"lli\"" -D__INT64_MAX__=9223372036854775807LL "-D__INT64_TYPE__=long long int" -D__INT8_C(c)=c -D__INT8_C_SUFFIX__= "-D__INT8_FMTd__=\"hhd\"" "-D__INT8_FMTi__=\"hhi\"" -D__INT8_MAX__=127 "-D__INT8_TYPE__=signed char" -D__INTMAX_C(c)=c##LL -D__INTMAX_C_SUFFIX__=LL "-D__INTMAX_FMTd__=\"lld\"" "-D__INTMAX_FMTi__=\"lli\"" -D__INTMAX_MAX__=9223372036854775807LL "-D__INTMAX_TYPE__=long long int" -D__INTMAX_WIDTH__=64 "-D__INTPTR_FMTd__=\"lld\"" "-D__INTPTR_FMTi__=\"lli\"" -D__INTPTR_MAX__=9223372036854775807LL "-D__INTPTR_TYPE__=long long int" -D__INTPTR_WIDTH__=64 "-D__INT_FAST16_FMTd__=\"hd\"" "-D__INT_FAST16_FMTi__=\"hi\"" -D__INT_FAST16_MAX__=32767 -D__INT_FAST16_TYPE__=short -D__INT_FAST16_WIDTH__=16 "-D__INT_FAST32_FMTd__=\"d\"" "-D__INT_FAST32_FMTi__=\"i\"" -D__INT_FAST32_MAX__=2147483647 -D__INT_FAST32_TYPE__=int -D__INT_FAST32_WIDTH__=32 "-D__INT_FAST64_FMTd__=\"lld\"" "-D__INT_FAST64_FMTi__=\"lli\"" -D__INT_FAST64_MAX__=9223372036854775807LL "-D__INT_FAST64_TYPE__=long long int" -D__INT_FAST64_WIDTH__=64 "-D__INT_FAST8_FMTd__=\"hhd\"" "-D__INT_FAST8_FMTi__=\"hhi\"" -D__INT_FAST8_MAX__=127 "-D__INT_FAST8_TYPE__=signed char" -D__INT_FAST8_WIDTH__=8 "-D__INT_LEAST16_FMTd__=\"hd\"" "-D__INT_LEAST16_FMTi__=\"hi\"" -D__INT_LEAST16_MAX__=32767 -D__INT_LEAST16_TYPE__=short -D__INT_LEAST16_WIDTH__=16 "-D__INT_LEAST32_FMTd__=\"d\"" "-D__INT_LEAST32_FMTi__=\"i\"" -D__INT_LEAST32_MAX__=2147483647 -D__INT_LEAST32_TYPE__=int -D__INT_LEAST32_WIDTH__=32 "-D__INT_LEAST64_FMTd__=\"lld\"" "-D__INT_LEAST64_FMTi__=\"lli\"" -D__INT_LEAST64_MAX__=9223372036854775807LL "-D__INT_LEAST64_TYPE__=long long int" -D__INT_LEAST64_WIDTH__=64 "-D__INT_LEAST8_FMTd__=\"hhd\"" "-D__INT_LEAST8_FMTi__=\"hhi\"" -D__INT_LEAST8_MAX__=127 "-D__INT_LEAST8_TYPE__=signed char" -D__INT_LEAST8_WIDTH__=8 -D__INT_MAX__=2147483647 -D__INT_WIDTH__=32 -D__LDBL_DECIMAL_DIG__=17 -D__LDBL_DENORM_MIN__=4.9406564584124654e-324L -D__LDBL_DIG__=15 -D__LDBL_EPSILON__=2.2204460492503131e-16L -D__LDBL_HAS_DENORM__=1 -D__LDBL_HAS_INFINITY__=1 -D__LDBL_HAS_QUIET_NAN__=1 -D__LDBL_MANT_DIG__=53 -D__LDBL_MAX_10_EXP__=308 -D__LDBL_MAX_EXP__=1024 -D__LDBL_MAX__=1.7976931348623157e+308L -D__LDBL_MIN_10_EXP__=(-307) -D__LDBL_MIN_EXP__=(-1021) -D__LDBL_MIN__=2.2250738585072014e-308L -D__LDBL_NORM_MAX__=1.7976931348623157e+308L -D__LITTLE_ENDIAN__=1 -D__LLONG_WIDTH__=64 -D__LONG_LONG_MAX__=9223372036854775807LL -D__LONG_MAX__=2147483647L -D__LONG_WIDTH__=32 -D__MEMORY_SCOPE_CLUSTR=5 -D__MEMORY_SCOPE_DEVICE=1 -D__MEMORY_SCOPE_SINGLE=4 -D__MEMORY_SCOPE_SYSTEM=0 -D__MEMORY_SCOPE_WRKGRP=2 -D__MEMORY_SCOPE_WVFRNT=3 -D__MMX__=1 -D__NO_INLINE__=1 -D__NO_MATH_INLINES=1 -D__OBJC_BOOL_IS_BOOL=0 -D__OPENCL_MEMORY_SCOPE_ALL_SVM_DEVICES=3 -D__OPENCL_MEMORY_SCOPE_DEVICE=2 -D__OPENCL_MEMORY_SCOPE_SUB_GROUP=4 -D__OPENCL_MEMORY_SCOPE_WORK_GROUP=1 -D__OPENCL_MEMORY_SCOPE_WORK_ITEM=0 -D__ORDER_BIG_ENDIAN__=4321 -D__ORDER_LITTLE_ENDIAN__=1234 -D__ORDER_PDP_ENDIAN__=3412 -D__PIC__=2 -D__POINTER_WIDTH__=64 -D__PRAGMA_REDEFINE_EXTNAME=1 "-D__PTRDIFF_FMTd__=\"lld\"" "-D__PTRDIFF_FMTi__=\"lli\"" -D__PTRDIFF_MAX__=9223372036854775807LL "-D__PTRDIFF_TYPE__=long long int" -D__PTRDIFF_WIDTH__=64 -D__REGISTER_PREFIX__= -D__SCHAR_MAX__=127 -D__SEG_FS=1 -D__SEG_GS=1 -D__SHRT_MAX__=32767 -D__SHRT_WIDTH__=16 -D__SIG_ATOMIC_MAX__=2147483647 -D__SIG_ATOMIC_WIDTH__=32 -D__SIZEOF_DOUBLE__=8 -D__SIZEOF_FLOAT__=4 -D__SIZEOF_INT128__=16 -D__SIZEOF_INT__=4 -D__SIZEOF_LONG_DOUBLE__=8 -D__SIZEOF_LONG_LONG__=8 -D__SIZEOF_LONG__=4 -D__SIZEOF_POINTER__=8 -D__SIZEOF_PTRDIFF_T__=8 -D__SIZEOF_SHORT__=2 -D__SIZEOF_SIZE_T__=8 -D__SIZEOF_WCHAR_T__=2 -D__SIZEOF_WINT_T__=2 "-D__SIZE_FMTX__=\"llX\"" "-D__SIZE_FMTo__=\"llo\"" "-D__SIZE_FMTu__=\"llu\"" "-D__SIZE_FMTx__=\"llx\"" -D__SIZE_MAX__=18446744073709551615ULL "-D__SIZE_TYPE__=long long unsigned int" -D__SIZE_WIDTH__=64 -D__SSE2_MATH__=1 -D__SSE2__=1 -D__SSE_MATH__=1 -D__SSE__=1 -D__STDC_EMBED_EMPTY__=2 -D__STDC_EMBED_FOUND__=1 -D__STDC_EMBED_NOT_FOUND__=0 -D__STDC_UTF_16__=1 -D__STDC_UTF_32__=1 -D__UINT16_C(c)=c -D__UINT16_C_SUFFIX__= "-D__UINT16_FMTX__=\"hX\"" "-D__UINT16_FMTo__=\"ho\"" "-D__UINT16_FMTu__=\"hu\"" "-D__UINT16_FMTx__=\"hx\"" -D__UINT16_MAX__=65535 "-D__UINT16_TYPE__=unsigned short" -D__UINT32_C(c)=c##U -D__UINT32_C_SUFFIX__=U "-D__UINT32_FMTX__=\"X\"" "-D__UINT32_FMTo__=\"o\"" "-D__UINT32_FMTu__=\"u\"" "-D__UINT32_FMTx__=\"x\"" -D__UINT32_MAX__=4294967295U "-D__UINT32_TYPE__=unsigned int" -D__UINT64_C(c)=c##ULL -D__UINT64_C_SUFFIX__=ULL "-D__UINT64_FMTX__=\"llX\"" "-D__UINT64_FMTo__=\"llo\"" "-D__UINT64_FMTu__=\"llu\"" "-D__UINT64_FMTx__=\"llx\"" -D__UINT64_MAX__=18446744073709551615ULL "-D__UINT64_TYPE__=long long unsigned int" -D__UINT8_C(c)=c -D__UINT8_C_SUFFIX__= "-D__UINT8_FMTX__=\"hhX\"" "-D__UINT8_FMTo__=\"hho\"" "-D__UINT8_FMTu__=\"hhu\"" "-D__UINT8_FMTx__=\"hhx\"" -D__UINT8_MAX__=255 "-D__UINT8_TYPE__=unsigned char" -D__UINTMAX_C(c)=c##ULL -D__UINTMAX_C_SUFFIX__=ULL "-D__UINTMAX_FMTX__=\"llX\"" "-D__UINTMAX_FMTo__=\"llo\"" "-D__UINTMAX_FMTu__=\"llu\"" "-D__UINTMAX_FMTx__=\"llx\"" -D__UINTMAX_MAX__=18446744073709551615ULL "-D__UINTMAX_TYPE__=long long unsigned int" -D__UINTMAX_WIDTH__=64 "-D__UINTPTR_FMTX__=\"llX\"" "-D__UINTPTR_FMTo__=\"llo\"" "-D__UINTPTR_FMTu__=\"llu\"" "-D__UINTPTR_FMTx__=\"llx\"" -D__UINTPTR_MAX__=18446744073709551615ULL "-D__UINTPTR_TYPE__=long long unsigned int" -D__UINTPTR_WIDTH__=64 "-D__UINT_FAST16_FMTX__=\"hX\"" "-D__UINT_FAST16_FMTo__=\"ho\"" "-D__UINT_FAST16_FMTu__=\"hu\"" "-D__UINT_FAST16_FMTx__=\"hx\"" -D__UINT_FAST16_MAX__=65535 "-D__UINT_FAST16_TYPE__=unsigned short" "-D__UINT_FAST32_FMTX__=\"X\"" "-D__UINT_FAST32_FMTo__=\"o\"" "-D__UINT_FAST32_FMTu__=\"u\"" "-D__UINT_FAST32_FMTx__=\"x\"" -D__UINT_FAST32_MAX__=4294967295U "-D__UINT_FAST32_TYPE__=unsigned int" "-D__UINT_FAST64_FMTX__=\"llX\"" "-D__UINT_FAST64_FMTo__=\"llo\"" "-D__UINT_FAST64_FMTu__=\"llu\"" "-D__UINT_FAST64_FMTx__=\"llx\"" -D__UINT_FAST64_MAX__=18446744073709551615ULL "-D__UINT_FAST64_TYPE__=long long unsigned int" "-D__UINT_FAST8_FMTX__=\"hhX\"" "-D__UINT_FAST8_FMTo__=\"hho\"" "-D__UINT_FAST8_FMTu__=\"hhu\"" "-D__UINT_FAST8_FMTx__=\"hhx\"" -D__UINT_FAST8_MAX__=255 "-D__UINT_FAST8_TYPE__=unsigned char" "-D__UINT_LEAST16_FMTX__=\"hX\"" "-D__UINT_LEAST16_FMTo__=\"ho\"" "-D__UINT_LEAST16_FMTu__=\"hu\"" "-D__UINT_LEAST16_FMTx__=\"hx\"" -D__UINT_LEAST16_MAX__=65535 "-D__UINT_LEAST16_TYPE__=unsigned short" "-D__UINT_LEAST32_FMTX__=\"X\"" "-D__UINT_LEAST32_FMTo__=\"o\"" "-D__UINT_LEAST32_FMTu__=\"u\"" "-D__UINT_LEAST32_FMTx__=\"x\"" -D__UINT_LEAST32_MAX__=4294967295U "-D__UINT_LEAST32_TYPE__=unsigned int" "-D__UINT_LEAST64_FMTX__=\"llX\"" "-D__UINT_LEAST64_FMTo__=\"llo\"" "-D__UINT_LEAST64_FMTu__=\"llu\"" "-D__UINT_LEAST64_FMTx__=\"llx\"" -D__UINT_LEAST64_MAX__=18446744073709551615ULL "-D__UINT_LEAST64_TYPE__=long long unsigned int" "-D__UINT_LEAST8_FMTX__=\"hhX\"" "-D__UINT_LEAST8_FMTo__=\"hho\"" "-D__UINT_LEAST8_FMTu__=\"hhu\"" "-D__UINT_LEAST8_FMTx__=\"hhx\"" -D__UINT_LEAST8_MAX__=255 "-D__UINT_LEAST8_TYPE__=unsigned char" -D__USER_LABEL_PREFIX__= "-D__VERSION__=\"Clang 22.1.2 (https://github.com/llvm/llvm-project 1ab49a973e210e97d61e5db6557180dcb92c3e98)\"" -D__WCHAR_MAX__=65535 "-D__WCHAR_TYPE__=unsigned short" -D__WCHAR_UNSIGNED__=1 -D__WCHAR_WIDTH__=16 -D__WINT_MAX__=65535 "-D__WINT_TYPE__=unsigned short" -D__WINT_UNSIGNED__=1 -D__WINT_WIDTH__=16 -D__amd64=1 -D__amd64__=1 -D__clang__=1 "-D__clang_literal_encoding__=\"UTF-8\"" -D__clang_major__=22 -D__clang_minor__=1 -D__clang_patchlevel__=2 "-D__clang_version__=\"22.1.2 (https://github.com/llvm/llvm-project 1ab49a973e210e97d61e5db6557180dcb92c3e98)\"" "-D__clang_wide_literal_encoding__=\"UTF-16\"" -D__code_model_small__=1 -D__k8=1 -D__k8__=1 -D__llvm__=1 -D__pic__=2 -D__seg_fs=__attribute__((address_space(257))) -D__seg_gs=__attribute__((address_space(256))) -D__tune_k8__=1 -D__x86_64=1 -D__x86_64__=1 "-D__private_extern__=extern __attribute__((visibility(\"hidden\")))" "-IC:\Program Files\LLVM\lib\clang\22\include" "-IC:\Program Files (x86)\Microsoft Visual Studio\18\BuildTools\VC\Tools\MSVC\14.50.35717\include" "-IC:\Program Files (x86)\Windows Kits\10\Include\10.0.26100.0\ucrt" "-IC:\Program Files (x86)\Windows Kits\10\Include\10.0.26100.0\shared" "-IC:\Program Files (x86)\Windows Kits\10\Include\10.0.26100.0\um" "-IC:\Program Files (x86)\Windows Kits\10\Include\10.0.26100.0\winrt" "-IC:\Program Files (x86)\Windows Kits\10\Include\10.0.26100.0\cppwinrt" -- C:\Users\user\Desktop\lab_doc\harmc\mem_leak_randomone_.c
[E 06:20:00 16700] CODEQL_EXTRACTOR_CPP_TRAP_CACHING is not set
[E 06:20:00 16700] CODEQL_EXTRACTOR_CPP_OPTION_TRAP_CACHE_WRITE is not set
[E 06:20:00 16700] CODEQL_EXTRACTOR_CPP_OPTION_TRAP_CACHE_DIR is not set
[E 06:20:00 16700] Initialising TRAP cache at path: \\?\C:\Users\user\Desktop\lab_doc\harmc\92\88a6\a6cdc724c6a893bca3ff98c0215c
[E 06:20:00 16700] Not using TRAP cache
[E 06:20:00 16700] TRAP cache miss
[E 06:20:00 16700] Starting compilation TRAP C:\Users\user\Desktop\lab_doc\harmc\codeql-db\trap\cpp/compilations/21/44047566_0.trap.zst
[E 06:20:00 16700] Archiving C:\Users\user\Desktop\lab_doc\harmc\codeql-db\src/C_/Users/user/Desktop/lab_doc/harmc/mem_leak_randomone_.c
[E 06:20:00 16700] Already archived C:\Users\user\Desktop\lab_doc\harmc\codeql-db\src/C_/Program Files (x86)/Windows Kits/10/Include/10.0.26100.0/ucrt/stdio.h
[E 06:20:00 16700] Already archived C:\Users\user\Desktop\lab_doc\harmc\codeql-db\src/C_/Program Files (x86)/Windows Kits/10/Include/10.0.26100.0/ucrt/corecrt.h
[E 06:20:00 16700] Already archived C:\Users\user\Desktop\lab_doc\harmc\codeql-db\src/C_/Program Files (x86)/Microsoft Visual Studio/18/BuildTools/VC/Tools/MSVC/14.50.35717/include/vcruntime.h
[E 06:20:00 16700] Already archived C:\Users\user\Desktop\lab_doc\harmc\codeql-db\src/C_/Program Files (x86)/Microsoft Visual Studio/18/BuildTools/VC/Tools/MSVC/14.50.35717/include/sal.h
[E 06:20:00 16700] Already archived C:\Users\user\Desktop\lab_doc\harmc\codeql-db\src/C_/Program Files (x86)/Microsoft Visual Studio/18/BuildTools/VC/Tools/MSVC/14.50.35717/include/concurrencysal.h
[E 06:20:00 16700] Already archived C:\Users\user\Desktop\lab_doc\harmc\codeql-db\src/C_/Program Files/LLVM/lib/clang/22/include/vadefs.h
[E 06:20:00 16700] Already archived C:\Users\user\Desktop\lab_doc\harmc\codeql-db\src/C_/Program Files (x86)/Microsoft Visual Studio/18/BuildTools/VC/Tools/MSVC/14.50.35717/include/vadefs.h
[E 06:20:00 16700] Already archived C:\Users\user\Desktop\lab_doc\harmc\codeql-db\src/C_/Program Files (x86)/Windows Kits/10/Include/10.0.26100.0/ucrt/corecrt_wstdio.h
[E 06:20:00 16700] Already archived C:\Users\user\Desktop\lab_doc\harmc\codeql-db\src/C_/Program Files (x86)/Windows Kits/10/Include/10.0.26100.0/ucrt/corecrt_stdio_config.h
[E 06:20:00 16700] Already archived C:\Users\user\Desktop\lab_doc\harmc\codeql-db\src/C_/Program Files (x86)/Windows Kits/10/Include/10.0.26100.0/ucrt/stdlib.h
[E 06:20:00 16700] Already archived C:\Users\user\Desktop\lab_doc\harmc\codeql-db\src/C_/Program Files (x86)/Windows Kits/10/Include/10.0.26100.0/ucrt/corecrt_malloc.h
[E 06:20:00 16700] Already archived C:\Users\user\Desktop\lab_doc\harmc\codeql-db\src/C_/Program Files (x86)/Windows Kits/10/Include/10.0.26100.0/ucrt/corecrt_search.h
[E 06:20:00 16700] Already archived C:\Users\user\Desktop\lab_doc\harmc\codeql-db\src/C_/Program Files/LLVM/lib/clang/22/include/stddef.h
[E 06:20:00 16700] Already archived C:\Users\user\Desktop\lab_doc\harmc\codeql-db\src/C_/Program Files/LLVM/lib/clang/22/include/__stddef_header_macro.h
[E 06:20:00 16700] Already archived C:\Users\user\Desktop\lab_doc\harmc\codeql-db\src/C_/Program Files/LLVM/lib/clang/22/include/__stddef_ptrdiff_t.h
[E 06:20:00 16700] Already archived C:\Users\user\Desktop\lab_doc\harmc\codeql-db\src/C_/Program Files/LLVM/lib/clang/22/include/__stddef_size_t.h
[E 06:20:00 16700] Already archived C:\Users\user\Desktop\lab_doc\harmc\codeql-db\src/C_/Program Files/LLVM/lib/clang/22/include/__stddef_wchar_t.h
[E 06:20:00 16700] Already archived C:\Users\user\Desktop\lab_doc\harmc\codeql-db\src/C_/Program Files/LLVM/lib/clang/22/include/__stddef_null.h
[E 06:20:00 16700] Already archived C:\Users\user\Desktop\lab_doc\harmc\codeql-db\src/C_/Program Files/LLVM/lib/clang/22/include/__stddef_max_align_t.h
[E 06:20:00 16700] Already archived C:\Users\user\Desktop\lab_doc\harmc\codeql-db\src/C_/Program Files/LLVM/lib/clang/22/include/__stddef_offsetof.h
[E 06:20:00 16700] Already archived C:\Users\user\Desktop\lab_doc\harmc\codeql-db\src/C_/Program Files (x86)/Windows Kits/10/Include/10.0.26100.0/ucrt/corecrt_wstdlib.h
[E 06:20:00 16700] Already archived C:\Users\user\Desktop\lab_doc\harmc\codeql-db\src/C_/Program Files/LLVM/lib/clang/22/include/limits.h
[E 06:20:00 16700] Already archived C:\Users\user\Desktop\lab_doc\harmc\codeql-db\src/C_/Program Files (x86)/Microsoft Visual Studio/18/BuildTools/VC/Tools/MSVC/14.50.35717/include/limits.h
[E 06:20:00 16700] Already archived C:\Users\user\Desktop\lab_doc\harmc\codeql-db\src/C_/Program Files (x86)/Windows Kits/10/Include/10.0.26100.0/ucrt/string.h
[E 06:20:00 16700] Already archived C:\Users\user\Desktop\lab_doc\harmc\codeql-db\src/C_/Program Files (x86)/Windows Kits/10/Include/10.0.26100.0/ucrt/corecrt_memory.h
[E 06:20:00 16700] Already archived C:\Users\user\Desktop\lab_doc\harmc\codeql-db\src/C_/Program Files (x86)/Windows Kits/10/Include/10.0.26100.0/ucrt/corecrt_memcpy_s.h
[E 06:20:00 16700] Already archived C:\Users\user\Desktop\lab_doc\harmc\codeql-db\src/C_/Program Files (x86)/Windows Kits/10/Include/10.0.26100.0/ucrt/errno.h
[E 06:20:00 16700] Already archived C:\Users\user\Desktop\lab_doc\harmc\codeql-db\src/C_/Program Files (x86)/Microsoft Visual Studio/18/BuildTools/VC/Tools/MSVC/14.50.35717/include/vcruntime_string.h
[E 06:20:00 16700] Already archived C:\Users\user\Desktop\lab_doc\harmc\codeql-db\src/C_/Program Files (x86)/Windows Kits/10/Include/10.0.26100.0/ucrt/corecrt_wstring.h
[E 06:20:00 16700] Warning[extractor-c++]: In emit_platform_diagnostic: Failed to rename diagnostic file from 'C:\Users\user\Desktop\lab_doc\harmc\codeql-db\diagnostic\extractors\cpp\platform.11263779078285517235.jsonl.16700' to 'C:\Users\user\Desktop\lab_doc\harmc\codeql-db\diagnostic\extractors\cpp\platform.11263779078285517235.jsonl': 另一个程序正在使用此文件，进程无法访问。
[E 06:20:00 16700] Creating trap tarball C:\Users\user\Desktop\lab_doc\harmc\codeql-db\trap\cpp/tarballs/C_/Users/user/Desktop/lab_doc/harmc/mem_leak_randomone_.c.3415df4c_0.trap.tar.zst
[E 06:20:00 16700] Emitting trap files for C:\Users\user\Desktop\lab_doc\harmc\mem_leak_randomone_.c
[E 06:20:00 16700] Opening existencedb in \\?\C:\Users\user\Desktop\lab_doc\harmc\codeql-db\working\existencedb\db
[E 06:20:00 16700] Wrote 1 files to C:\Users\user\Desktop\lab_doc\harmc\codeql-db\trap\cpp/tarballs/C_/Users/user/Desktop/lab_doc/harmc/mem_leak_randomone_.c.3415df4c_0.trap.tar.zst
[E 06:20:00 16700] Finished compilation TRAP C:\Users\user\Desktop\lab_doc\harmc\codeql-db\trap\cpp/compilations/21/44047566_0.trap.zst
[E 06:20:00 16700] Marking C compilation as happened.
[E 06:20:00 16700] Setting tag c-compilation-happened
[E 06:20:00 16700] Starting from CODEQL_TRACER_DB_ID 3CE087D800005FE0_0000000000000001
[E 06:20:00 16700] Locking DB C:\Users\user\Desktop\lab_doc\harmc\codeql-db\working/tags.db
[E 06:20:00 16700] Locked DB C:\Users\user\Desktop\lab_doc\harmc\codeql-db\working/tags.db
[E 06:20:00 16700] Set tag for 3CE087D800005FE0_0000000000000001
[E 06:20:00 16700] Set tag for A7B20BD700006634_0000000000000001
[E 06:20:00 16700] Set tag for 777783A200003714_0000000000000001
[E 06:20:00 16700] Set tag for 48EF5C50000032A0_0000000000000001
[E 06:20:00 16700] Unlocking DB
[E 06:20:00 16700] Unlocked DB
[E 06:20:00 16700] Extractor exited successfully
